ticker,signal_type,signal_date,entry_date,entry_open,regime,swing_start,swing_low,swing_distance_pct,stop_hit_20d,days_to_stop,mfe_20d_pct,mae_20d_pct,mfe_before_stop_pct,mae_before_stop_pct,ret_5d_pct,ret_10d_pct,ret_15d_pct,ret_20d_pct,hit_2pct_before_stop,days_to_2pct,hit_3pct_before_stop,days_to_3pct,hit_5pct_before_stop,days_to_5pct,future_group
SNV,V0.1,2009-10-30,2009-11-02,14.383,GREEN,2009-10-27,11.681,23.131581200239705,True,7.0,3.9212959744142406,-36.6884516443023,3.9212959744142406,-22.28325106027949,-2.203990822498769,-15.29583536119029,-29.694778558019877,-17.916985329903355,True,0.0,True,0.0,False,,REMOVED_2007_2010
SVU,V0.1,2009-12-04,2009-12-07,94.129,GREEN,2009-11-16,89.124,5.615771284951321,True,1.0,1.3088421209191736,-14.42700974194987,1.3088421209191736,-9.593217818100698,-8.693388859968776,-12.62735182568604,-12.835576708559538,-11.177214248531277,False,,False,,False,,NOT_REMOVED_2007_2010
FITB,V0.1,2009-09-29,2009-09-30,8.4439,GREEN,2009-09-25,7.9703,5.942059897368979,True,2.0,9.213751939269766,-12.315399282322147,1.8013003469960598,-9.41389642226932,1.5987872902331943,3.5990478333471465,1.2008668979973658,-11.51363706344224,False,,False,,False,,REMOVED_2007_2010
SVU,V0.1,2007-09-27,2007-09-28,254.32,GREEN,2007-09-21,242.96,4.675666776424103,True,1.0,0.9201006605850992,-10.549701163888017,0.4875747090280047,-9.220666876376216,-3.857345077068264,-9.346492607738275,-4.675212330921664,-0.971217363950927,False,,False,,False,,NOT_REMOVED_2007_2010
BBT,V0.1,2009-10-05,2009-10-06,22.552,GREEN,2009-10-01,21.031,7.232181066045373,True,16.0,5.689074139765871,-12.269421780773326,5.689074139765871,-8.917169208939335,2.4033345157857378,-2.434373891450869,-6.380808797445903,-8.287513302589566,True,4.0,True,6.0,True,6.0,REMOVED_2007_2010
VFC,V0.1,2007-08-06,2007-08-07,18.87,GREEN,2007-07-23,17.999,4.839157730985066,True,6.0,5.728669846316903,-11.547429782723906,5.728669846316903,-8.108108108108114,-3.529411764705881,-7.23900370959194,-11.494435612082675,-8.404875463699002,True,0.0,True,0.0,True,0.0,NOT_REMOVED_2007_2010
DOV,V0.1,2009-06-29,2009-06-30,24.071,GREEN,2009-06-22,22.8,5.574561403508782,True,4.0,9.633999418387273,-9.633999418387283,0.5649952224668686,-7.660670516389024,-8.437538947280965,-0.8433384570645241,4.918781936770378,-0.2451082215113698,False,,False,,False,,NOT_REMOVED_2007_2010
TGT,V0.1,2007-10-25,2007-10-26,52.018,GREEN,2007-10-18,49.551,4.9787088050695205,True,4.0,1.384136260525204,-20.223768695451582,1.384136260525204,-7.489715098619709,-5.807605059787003,-10.794340420623636,-14.456534276596567,-12.330347187512016,False,,False,,False,,NOT_REMOVED_2007_2010
FHN,V0.1,2009-10-09,2009-10-12,12.005,GREEN,2009-10-01,11.258,6.635281577544872,True,10.0,8.74635568513118,-12.927946688879643,8.74635568513118,-7.246980424823002,2.107455226988741,-6.29737609329446,-10.73719283631821,-3.706788837984176,True,2.0,True,2.0,True,4.0,REMOVED_2007_2010
EMR,V0.1,2009-06-25,2009-06-26,26.792,GREEN,2009-06-19,25.528,4.9514258853024185,True,6.0,12.720214989549117,-7.722454464019124,1.985667363392052,-6.901313825022393,-4.378172588832497,-3.557031949835787,6.292923260674832,12.1976709465512,False,,False,,False,,NOT_REMOVED_2007_2010
WMT,V0.1,2007-08-02,2007-08-03,39.697,GREEN,2007-07-27,38.653,2.700954647763454,True,7.0,3.6778597878932784,-8.096329697458259,3.6778597878932784,-6.806559689649106,-1.3502279769252112,-6.872055822858158,-6.343048593092682,-6.574804141370882,True,3.0,True,3.0,False,,NOT_REMOVED_2007_2010
EMR,V0.1,2007-08-07,2007-08-08,39.741,GREEN,2007-07-30,37.892,4.879657975298213,True,1.0,2.2898266274125056,-11.46674718804258,1.6959814800835415,-6.346090938828919,-5.087944440250613,-3.711532170805976,-1.0669082307943945,-0.2491130067184932,False,,False,,False,,NOT_REMOVED_2007_2010
FHN,V0.1,2009-06-29,2009-06-30,10.842,GREEN,2009-06-24,10.38,4.450867052023111,True,2.0,6.862202545655771,-8.356391809629226,2.6102195166943343,-5.939863493820329,-6.530160486995018,2.776240546024722,-3.5878989116399307,3.836930455635468,True,0.0,False,,False,,REMOVED_2007_2010
GE,V0.1,2007-08-07,2007-08-08,31.802,GREEN,2007-08-03,30.602,3.9213123325272825,True,4.0,2.427520281743289,-8.354820451543931,2.427520281743289,-5.848688761713095,-6.581347085088984,-0.9087478774919776,-2.003018678070567,-0.2547009622036356,True,0.0,False,,False,,REMOVED_2007_2010
GE,V0.1,2007-11-28,2007-11-29,30.828,YELLOW,2007-11-21,29.403,4.846444240383629,True,3.0,0.989360321785382,-5.793434540028541,0.989360321785382,-5.793434540028541,-2.6956014013234664,-1.8586998832230472,-4.622421175554692,-2.4815103152977858,False,,False,,False,,REMOVED_2007_2010
GWW,V0.1,2007-08-13,2007-08-14,76.297,YELLOW,2007-07-24,73.324,4.054606949975459,True,1.0,7.10381797449442,-8.422349502601678,0.3132495379897015,-5.735481080514293,0.8873219130503207,0.5308203468026296,3.918895893678664,0.0930573941308354,False,,False,,False,,NOT_REMOVED_2007_2010
CTL,V0.1,2009-06-24,2009-06-25,20.026,GREEN,2009-06-22,19.522,2.581702694396082,True,5.0,2.541695795465904,-8.104464196544503,2.541695795465904,-5.717567162688509,-5.717567162688509,-7.150704084689896,-5.238190352541694,-2.756416658344152,True,0.0,False,,False,,NOT_REMOVED_2007_2010
SLM,V0.1,2007-08-07,2007-08-08,16.18,GREEN,2007-08-01,15.604,3.691361189438602,True,3.0,4.153275648949317,-8.992583436341162,4.153275648949317,-5.426452410383186,-5.302843016069225,1.378244746600732,0.6118665018541414,-1.4153275648949304,True,0.0,True,0.0,False,,REMOVED_2007_2010
CB,V0.1,2009-11-09,2009-11-10,44.853,GREEN,2009-10-27,43.069,4.142190438598514,True,7.0,0.4213764965554034,-9.14543062894344,0.4213764965554034,-5.297304528125224,-2.612980179698132,-5.6049762557688565,-5.413238802309772,-5.827926783046856,False,,False,,False,,NOT_REMOVED_2007_2010
CB,V0.1,2007-10-23,2007-10-24,51.502,GREEN,2007-10-19,49.564,3.910096037446542,True,6.0,5.046405964816891,-8.20356491010058,5.046405964816891,-5.269698264145095,0.0174750495126385,-6.223059298668021,-2.083414236340342,-4.376529066832369,True,4.0,True,5.0,True,5.0,NOT_REMOVED_2007_2010
NUE,V0.1,2009-10-14,2009-10-15,36.594,GREEN,2009-10-01,35.461,3.1950593609881395,True,7.0,3.2710280373831724,-15.915177351478391,3.2710280373831724,-5.00628518336339,-2.92397660818714,-9.359457834617713,-12.586762857299016,-10.769525058752803,True,4.0,True,4.0,False,,NOT_REMOVED_2007_2010
SWK,V0.1,2009-06-29,2009-06-30,29.285,GREEN,2009-06-19,28.493,2.779630084582174,True,2.0,16.83455694041318,-8.533378862899088,0.2322007853850172,-4.954754994024246,-6.9694382789824205,5.224517671162721,11.053440327812858,14.512549086563077,False,,False,,False,,NOT_REMOVED_2007_2010
USB,V0.1,2009-11-06,2009-11-09,20.488,GREEN,2009-11-04,19.726,3.862922031836158,True,13.0,4.221983600156198,-5.061499414291292,4.221983600156198,-4.846739554861379,-2.2549785240140507,-1.53748535728232,1.7522452167122229,-3.919367434595866,True,0.0,True,2.0,False,,REMOVED_2007_2010
LLY,V0.1,2007-10-30,2007-10-31,42.28,GREEN,2007-10-18,40.687,3.915255487010594,True,5.0,1.0950804162724648,-8.805581835383158,1.0950804162724648,-4.418164616840114,-4.273888363292344,-1.4853358561967789,-8.805581835383158,-1.9252601702932857,False,,False,,False,,NOT_REMOVED_2007_2010
ADP,V0.1,2009-12-22,2009-12-23,31.694,GREEN,2009-12-17,30.993,2.261801051850409,True,19.0,1.438758124566153,-4.335205401653308,1.438758124566153,-4.243705433205025,-0.2397930207610255,-1.1642582192213036,-1.5239477503628418,-3.846153846153844,False,,False,,False,,NOT_REMOVED_2007_2010
