ticker,data_source,signal_type,signal_date,entry_date,entry_open,regime,swing_start,swing_low,swing_distance_pct,stop_hit_20d,days_to_stop,mfe_20d_pct,mae_20d_pct,mfe_before_stop_pct,mae_before_stop_pct,ret_5d_pct,ret_10d_pct,ret_15d_pct,ret_20d_pct,hit_2pct_before_stop,days_to_2pct,hit_3pct_before_stop,days_to_3pct,hit_5pct_before_stop,days_to_5pct,window
DOV,yfinance,STOCH_ONLY_CONTROL,2017-01-03,2017-01-04,53.23139619526158,GREEN,2016-12-30,51.78615300584521,2.7907907916103536,False,,7.453350919343293,-1.30530717141647,7.453350919343293,-1.30530717141647,3.3285666154942106,2.1407026206517132,4.855781420625016,1.553320579741091,True,2.0,True,2.0,True,7.0,BULL_2017
CINF,yfinance,STOCH_ONLY_CONTROL,2017-01-04,2017-01-05,59.10209825385415,GREEN,2016-12-30,58.340311007922644,1.3057648009933587,True,2.0,0.7497036748334462,-8.917551763001297,0.7497036748334462,-2.0255366082832515,-8.049444783511117,-7.57595503445515,-7.115600028775315,-6.050246479794552,False,,False,,False,,BULL_2017
CINF,yfinance,V0.1,2017-01-04,2017-01-05,59.10209825385415,GREEN,2016-12-30,58.340311007922644,1.3057648009933587,True,2.0,0.7497036748334462,-8.917551763001297,0.7497036748334462,-2.0255366082832515,-8.049444783511117,-7.57595503445515,-7.115600028775315,-6.050246479794552,False,,False,,False,,BULL_2017
GWW,yfinance,STOCH_ONLY_CONTROL,2017-01-04,2017-01-05,204.8678506223735,GREEN,2016-12-30,200.7904529618741,2.0306730725258237,True,2.0,11.247093474911086,-3.006562230178278,0.5377955982576177,-3.006562230178278,0.016948491116064446,4.370109869204986,8.570860510500712,6.54247865033486,False,,False,,False,,BULL_2017
GWW,yfinance,V0.1,2017-01-04,2017-01-05,204.8678506223735,GREEN,2016-12-30,200.7904529618741,2.0306730725258237,True,2.0,11.247093474911086,-3.006562230178278,0.5377955982576177,-3.006562230178278,0.016948491116064446,4.370109869204986,8.570860510500712,6.54247865033486,False,,False,,False,,BULL_2017
SWK,yfinance,V0.1,2017-01-04,2017-01-05,92.61185614890098,GREEN,2016-12-15,88.10886727339087,5.110710209833824,False,,7.210054570765645,-2.8973443928290266,7.210054570765645,-2.8973443928290266,-1.1239658843143707,-0.09988786340811018,4.096252694425506,2.839079552399282,True,12.0,True,13.0,True,14.0,BULL_2017
TROW,yfinance,STOCH_ONLY_CONTROL,2017-01-04,2017-01-05,53.780970010518,GREEN,2016-12-30,52.423682931068385,2.589072349675048,True,2.0,0.0,-15.012375250271381,0.0,-5.567838685820048,-4.345006533819706,-4.123824757420502,-9.730711504246104,-11.916228334175038,False,,False,,False,,BULL_2017
TROW,yfinance,V0.1,2017-01-04,2017-01-05,53.780970010518,GREEN,2016-12-30,52.423682931068385,2.589072349675048,True,2.0,0.0,-15.012375250271381,0.0,-5.567838685820048,-4.345006533819706,-4.123824757420502,-9.730711504246104,-11.916228334175038,False,,False,,False,,BULL_2017
ITW,yfinance,STOCH_ONLY_CONTROL,2017-01-05,2017-01-06,97.33572634705364,GREEN,2016-12-29,96.36964649456985,1.0024731724404878,False,,6.767298868804472,-1.5174919041246127,6.767298868804472,-1.5174919041246127,1.2140368238973798,1.7554309547523017,5.643528258275854,4.413083488957215,True,9.0,True,11.0,True,12.0,BULL_2017
TGT,yfinance,STOCH_ONLY_CONTROL,2017-01-05,2017-01-06,53.767081951061144,GREEN,2016-12-23,52.92300266838871,1.5949194870165773,True,5.0,0.347318683440867,-12.559068135837625,0.347318683440867,-2.709106645884707,-2.4868176340626325,-11.294819369743847,-10.919721405677475,-11.892184995734434,False,,False,,False,,BULL_2017
TGT,yfinance,V0.1,2017-01-05,2017-01-06,53.767081951061144,GREEN,2016-12-23,52.92300266838871,1.5949194870165773,True,5.0,0.347318683440867,-12.559068135837625,0.347318683440867,-2.709106645884707,-2.4868176340626325,-11.294819369743847,-10.919721405677475,-11.892184995734434,False,,False,,False,,BULL_2017
WBA,legacy_fallback,STOCH_ONLY_CONTROL,2017-01-05,2017-01-06,81.464,GREEN,2016-12-27,78.748,3.4489764819424007,False,,2.622017087302364,-3.5156633605028076,2.622017087302364,-3.5156633605028076,0.8911912010213019,-1.8413041343415482,-1.9260041245212633,-2.7447706962584806,True,3.0,False,,False,,BULL_2017
WBA,legacy_fallback,V0.1,2017-01-05,2017-01-06,81.464,GREEN,2016-12-27,78.748,3.4489764819424007,False,,2.622017087302364,-3.5156633605028076,2.622017087302364,-3.5156633605028076,0.8911912010213019,-1.8413041343415482,-1.9260041245212633,-2.7447706962584806,True,3.0,False,,False,,BULL_2017
WMT,yfinance,STOCH_ONLY_CONTROL,2017-01-05,2017-01-06,19.480426682657072,GREEN,2016-12-27,19.377913747278367,0.5290194636824674,True,4.0,1.286338350342131,-4.575340045943466,1.257128384511863,-0.7162925567903655,-1.871049859169971,-2.5726900881166026,-2.9089165636336567,-2.9381527970609667,False,,False,,False,,BULL_2017
WMT,yfinance,V0.1,2017-01-05,2017-01-06,19.480426682657072,GREEN,2016-12-27,19.377913747278367,0.5290194636824674,True,4.0,1.286338350342131,-4.575340045943466,1.257128384511863,-0.7162925567903655,-1.871049859169971,-2.5726900881166026,-2.9089165636336567,-2.9381527970609667,False,,False,,False,,BULL_2017
APD,yfinance,STOCH_ONLY_CONTROL,2017-01-06,2017-01-09,114.35350388872014,GREEN,2016-12-28,113.1964620683238,1.0221536956676047,True,13.0,3.575914501311006,-5.024278541710769,3.575914501311006,-5.024278541710769,0.7207007524159481,1.9612016248328867,-3.1462329503169517,-3.8114944342456214,True,0.0,True,11.0,False,,BULL_2017
T,yfinance,STOCH_ONLY_CONTROL,2017-01-12,2017-01-13,15.875743722975313,GREEN,2017-01-11,15.627438224232899,1.5889072487733635,False,,3.763394497174377,-1.0508510772098245,3.763394497174377,-1.0508510772098245,2.639275303321509,2.1993862243567808,0.34211816219260616,-0.6598447319872247,True,4.0,True,9.0,False,,BULL_2017
CVX,yfinance,STOCH_ONLY_CONTROL,2017-01-13,2017-01-17,77.78241462206448,GREEN,2017-01-10,76.75334322972797,1.3407512285900314,True,8.0,1.2199317253698938,-5.223345831415383,1.2199317253698938,-3.0498327540734005,-0.02575404072706622,-4.338493930528154,-4.304104849967294,-2.408016890737863,False,,False,,False,,BULL_2017
CVX,yfinance,V0.1,2017-01-13,2017-01-17,77.78241462206448,GREEN,2017-01-10,76.75334322972797,1.3407512285900314,True,8.0,1.2199317253698938,-5.223345831415383,1.2199317253698938,-3.0498327540734005,-0.02575404072706622,-4.338493930528154,-4.304104849967294,-2.408016890737863,False,,False,,False,,BULL_2017
ADM,yfinance,STOCH_ONLY_CONTROL,2017-01-17,2017-01-18,33.77238093113035,GREEN,2017-01-12,32.70804322966106,3.254054955216956,False,,1.6093138154073205,-6.705392619696693,1.6093138154073205,-6.705392619696693,1.028167163387006,-2.1680797999302115,-2.8609796862002823,-0.6034864648612137,False,,False,,False,,BULL_2017
CTAS,yfinance,STOCH_ONLY_CONTROL,2017-01-24,2017-01-25,26.293585914105368,GREEN,2017-01-19,25.659821393940394,2.469871128232559,False,,3.2484008615579096,-1.6932776889727497,3.2484008615579096,-1.6932776889727497,-0.7775072305729491,-1.2094783740540627,2.2980846572262736,2.3153565390820363,True,15.0,True,16.0,False,,BULL_2017
CTAS,yfinance,V0.1,2017-01-24,2017-01-25,26.293585914105368,GREEN,2017-01-19,25.659821393940394,2.469871128232559,False,,3.2484008615579096,-1.6932776889727497,3.2484008615579096,-1.6932776889727497,-0.7775072305729491,-1.2094783740540627,2.2980846572262736,2.3153565390820363,True,15.0,True,16.0,False,,BULL_2017
XOM,yfinance,STOCH_ONLY_CONTROL,2017-01-27,2017-01-30,55.9466171898581,GREEN,2017-01-04,55.40301010690243,0.9811869100735837,True,1.0,0.035119152352991456,-4.590850382859979,0.035119152352991456,-2.6808583639276296,-2.470191511479636,-1.9445428550048827,-3.255923475594269,-3.929294050588783,False,,False,,False,,BULL_2017
XOM,yfinance,V0.1,2017-01-27,2017-01-30,55.9466171898581,GREEN,2017-01-04,55.40301010690243,0.9811869100735837,True,1.0,0.035119152352991456,-4.590850382859979,0.035119152352991456,-2.6808583639276296,-2.470191511479636,-1.9445428550048827,-3.255923475594269,-3.929294050588783,False,,False,,False,,BULL_2017
CINF,yfinance,STOCH_ONLY_CONTROL,2017-02-02,2017-02-03,55.565145622482575,GREEN,2017-01-30,54.010458942334026,2.8784918895217393,False,,5.414100897087448,-4.5327413036527435,5.414100897087448,-4.5327413036527435,-0.5875746635696344,1.6648174400986537,2.2104073112314992,2.3783043540323234,True,9.0,True,15.0,True,17.0,BULL_2017
ADP,yfinance,STOCH_ONLY_CONTROL,2017-02-03,2017-02-06,78.62039483820377,GREEN,2017-01-30,76.53048447629295,2.7308207653620853,False,,8.60572687425254,-0.7964105487587525,8.60572687425254,-0.7964105487587525,1.9652589658870179,2.627242930492324,6.143995745611663,7.850634792875599,True,6.0,True,6.0,True,12.0,BULL_2017
BEN,yfinance,STOCH_ONLY_CONTROL,2017-02-03,2017-02-06,24.635930783046977,GREEN,2017-02-02,24.21170234623901,1.7521627795571426,False,,10.057398771510817,-1.3725884137334998,10.057398771510817,-1.3725884137334998,3.5937249787612036,7.3870414250389205,7.412040800096387,5.764900185827004,True,4.0,True,5.0,True,6.0,BULL_2017
DOV,yfinance,STOCH_ONLY_CONTROL,2017-02-03,2017-02-06,54.537691491000764,GREEN,2017-02-02,53.724729190762936,1.5131994381045732,False,,5.764958051529545,-2.255059349486699,5.764958051529545,-2.255059349486699,1.414193466667002,3.0449651386499132,2.6135517591744595,1.7040010244964598,True,5.0,True,10.0,True,16.0,BULL_2017
GPC,yfinance,STOCH_ONLY_CONTROL,2017-02-03,2017-02-06,73.21370335595138,GREEN,2017-02-02,72.53420284018625,0.936800142771621,True,11.0,4.052810262222062,-3.6402995536894522,4.052810262222062,-1.1343722586633742,3.011259357351581,0.7218794261194539,-1.29938581770207,-3.5578057918314254,True,2.0,True,3.0,False,,BULL_2017
GPC,yfinance,V0.1,2017-02-03,2017-02-06,73.21370335595138,GREEN,2017-02-02,72.53420284018625,0.936800142771621,True,11.0,4.052810262222062,-3.6402995536894522,4.052810262222062,-1.1343722586633742,3.011259357351581,0.7218794261194539,-1.29938581770207,-3.5578057918314254,True,2.0,True,3.0,False,,BULL_2017
NUE,yfinance,STOCH_ONLY_CONTROL,2017-02-06,2017-02-07,47.71163229823716,GREEN,2017-02-02,46.23466265823624,3.194507227009735,False,,11.852227021501749,-2.1720839296528127,11.852227021501749,-2.1720839296528127,7.901484970406458,8.15804676605303,9.474923799109902,4.27568769695581,True,2.0,True,2.0,True,3.0,BULL_2017
MMM,yfinance,STOCH_ONLY_CONTROL,2017-02-07,2017-02-08,107.37847316502088,GREEN,2017-02-01,106.11284664108986,1.192717530434173,False,,9.202190644379748,-0.07401849121779769,9.202190644379748,-0.07401849121779769,4.135802851082726,7.282244567595542,8.82963112434072,8.835407605949253,True,2.0,True,3.0,True,6.0,BULL_2017
MMM,yfinance,V0.1,2017-02-07,2017-02-08,107.37847316502088,GREEN,2017-02-01,106.11284664108986,1.192717530434173,False,,9.202190644379748,-0.07401849121779769,9.202190644379748,-0.07401849121779769,4.135802851082726,7.282244567595542,8.82963112434072,8.835407605949253,True,2.0,True,3.0,True,6.0,BULL_2017
SYY,yfinance,STOCH_ONLY_CONTROL,2017-02-07,2017-02-08,40.72319024083645,GREEN,2017-01-23,39.04104664288831,4.308653949098362,False,,2.5744032510897297,-0.7300693058313601,2.5744032510897297,-0.7300693058313601,1.3448472623972751,1.6138129351260577,1.4024566688431994,0.7108440352308287,True,11.0,False,,False,,BULL_2017
TROW,yfinance,STOCH_ONLY_CONTROL,2017-02-07,2017-02-08,47.22538258472416,GREEN,2017-01-30,45.70716897930312,3.3216093652803425,False,,7.644453094691528,-0.26666711877894045,7.644453094691528,-0.26666711877894045,6.00001022768939,6.607416583945613,6.237048627661967,4.7703750423893965,True,2.0,True,3.0,True,5.0,BULL_2017
TROW,yfinance,V0.1,2017-02-07,2017-02-08,47.22538258472416,GREEN,2017-01-30,45.70716897930312,3.3216093652803425,False,,7.644453094691528,-0.26666711877894045,7.644453094691528,-0.26666711877894045,6.00001022768939,6.607416583945613,6.237048627661967,4.7703750423893965,True,2.0,True,3.0,True,5.0,BULL_2017
TGT,yfinance,STOCH_ONLY_CONTROL,2017-02-08,2017-02-09,48.381390315847355,GREEN,2017-01-09,47.01443749417572,2.9075171256509824,True,12.0,4.520598279930699,-15.221164727664316,4.520598279930699,-10.718102371230941,1.5912839914112409,3.6324431897797105,-10.640201539936312,-13.740914100873825,True,0.0,True,1.0,False,,BULL_2017
WBA,legacy_fallback,STOCH_ONLY_CONTROL,2017-02-08,2017-02-09,80.14,GREEN,2017-02-02,78.65,1.8944691671964442,False,,8.15947092587972,-0.40554030446718903,8.15947092587972,-0.40554030446718903,5.270776141751932,7.679061642126284,5.565260793611171,5.245819815323172,True,1.0,True,3.0,True,5.0,BULL_2017
APD,yfinance,STOCH_ONLY_CONTROL,2017-02-13,2017-02-14,111.26287479166723,GREEN,2017-02-02,108.93300742925237,2.138807527119835,True,19.0,2.606846795689899,-3.219385974260869,2.606846795689899,-3.219385974260869,-0.04277126298734002,2.343317481877638,-0.5983257699913591,-1.7165181571061283,True,10.0,False,,False,,BULL_2017
APD,yfinance,V0.1,2017-02-13,2017-02-14,111.26287479166723,GREEN,2017-02-02,108.93300742925237,2.138807527119835,True,19.0,2.606846795689899,-3.219385974260869,2.606846795689899,-3.219385974260869,-0.04277126298734002,2.343317481877638,-0.5983257699913591,-1.7165181571061283,True,10.0,False,,False,,BULL_2017
T,yfinance,STOCH_ONLY_CONTROL,2017-02-16,2017-02-17,15.97273083997349,GREEN,2017-02-14,15.677877761816543,1.8806950955764012,False,,3.716327880865089,-0.9229997113383126,3.716327880865089,-0.9229997113383126,1.5788271021760059,1.9188789540526496,2.9147698272015132,3.0362245936950805,True,4.0,True,14.0,False,,BULL_2017
T,yfinance,V0.1,2017-02-16,2017-02-17,15.97273083997349,GREEN,2017-02-14,15.677877761816543,1.8806950955764012,False,,3.716327880865089,-0.9229997113383126,3.716327880865089,-0.9229997113383126,1.5788271021760059,1.9188789540526496,2.9147698272015132,3.0362245936950805,True,4.0,True,14.0,False,,BULL_2017
ADM,yfinance,STOCH_ONLY_CONTROL,2017-03-13,2017-03-14,33.98675535627145,GREEN,2017-03-09,33.530551749389765,1.3605609901423454,False,,3.7807600583860346,-1.5436178707655013,3.7807600583860346,-1.5436178707655013,0.5592730114461597,2.2818984030195555,1.5883631079550486,-0.35796922593798186,True,6.0,True,11.0,False,,BULL_2017
DOV,yfinance,STOCH_ONLY_CONTROL,2017-03-13,2017-03-14,53.52472168570474,GREEN,2017-03-09,52.756189972812926,1.4567612128318252,False,,7.309765996591078,-0.835401870285768,7.309765996591078,-0.835401870285768,2.192939272645944,3.550479671876161,6.017491608803294,5.873904302993771,True,1.0,True,1.0,True,5.0,BULL_2017
EMR,yfinance,STOCH_ONLY_CONTROL,2017-03-13,2017-03-14,47.447282237067796,GREEN,2017-02-28,46.89751173734651,1.1722807444461525,True,8.0,2.267018974351509,-3.5264514852654028,2.065495434801501,-1.9647320179864813,-0.9907714510758114,-0.18471874220015172,0.2686653043892706,0.30223977911187916,True,3.0,False,,False,,BULL_2017
EMR,yfinance,V0.1,2017-03-13,2017-03-14,47.447282237067796,GREEN,2017-02-28,46.89751173734651,1.1722807444461525,True,8.0,2.267018974351509,-3.5264514852654028,2.065495434801501,-1.9647320179864813,-0.9907714510758114,-0.18471874220015172,0.2686653043892706,0.30223977911187916,True,3.0,False,,False,,BULL_2017
GWW,yfinance,STOCH_ONLY_CONTROL,2017-03-15,2017-03-16,215.83612458238105,GREEN,2017-03-10,211.7651925061908,1.922380174008631,True,2.0,0.15346914969966985,-10.642167169908024,0.15346914969966985,-2.665582843602188,-2.815038811453452,-5.549241770525604,-7.184988726112973,-10.541197867275153,False,,False,,False,,BULL_2017
NUE,yfinance,STOCH_ONLY_CONTROL,2017-03-15,2017-03-16,53.58684014725766,GREEN,2017-03-09,48.96826764347451,9.431766174392365,True,6.0,0.5025153650921599,-12.807252538366177,0.5025153650921599,-9.502028801391072,-6.7153993992937755,-7.903613478804338,-7.888286874006734,-12.715313138814487,False,,False,,False,,BULL_2017
NUE,yfinance,V0.1,2017-03-15,2017-03-16,53.58684014725766,GREEN,2017-03-09,48.96826764347451,9.431766174392365,True,6.0,0.5025153650921599,-12.807252538366177,0.5025153650921599,-9.502028801391072,-6.7153993992937755,-7.903613478804338,-7.888286874006734,-12.715313138814487,False,,False,,False,,BULL_2017
PPG,yfinance,STOCH_ONLY_CONTROL,2017-03-16,2017-03-17,87.09267286529091,GREEN,2017-03-13,84.63981115135245,2.8979999843717463,False,,2.1841026239522776,-2.0978816962902713,2.1841026239522776,-2.0978816962902713,-0.574765278680156,0.6609852540999883,1.5902115578489973,0.9579084270019189,True,13.0,False,,False,,BULL_2017
PPG,yfinance,V0.1,2017-03-16,2017-03-17,87.09267286529091,GREEN,2017-03-13,84.63981115135245,2.8979999843717463,False,,2.1841026239522776,-2.0978816962902713,2.1841026239522776,-2.0978816962902713,-0.574765278680156,0.6609852540999883,1.5902115578489973,0.9579084270019189,True,13.0,False,,False,,BULL_2017
APD,yfinance,STOCH_ONLY_CONTROL,2017-03-17,2017-03-20,110.5417242361791,GREEN,2017-03-07,107.68089340606487,2.6567673610637943,True,4.0,0.15054229465094604,-4.201036654775425,0.15054229465094604,-3.455428356666612,-2.5593471025567194,-2.578085552943188,-1.9933630790051948,-2.3470815255269395,False,,False,,False,,BULL_2017
APD,yfinance,V0.1,2017-03-17,2017-03-20,110.5417242361791,GREEN,2017-03-07,107.68089340606487,2.6567673610637943,True,4.0,0.15054229465094604,-4.201036654775425,0.15054229465094604,-3.455428356666612,-2.5593471025567194,-2.578085552943188,-1.9933630790051948,-2.3470815255269395,False,,False,,False,,BULL_2017
MHFI,yfinance,STOCH_ONLY_CONTROL,2017-03-23,2017-03-24,112.73809599952729,GREEN,2017-03-21,110.82257971429227,1.728453073528291,False,,3.931120003834221,-1.4519358580916242,3.931120003834221,-1.4519358580916242,0.9731349550317514,0.4402390718461824,0.9885983761134476,3.413668843416584,True,18.0,True,20.0,False,,BULL_2017
BEN,yfinance,STOCH_ONLY_CONTROL,2017-03-24,2017-03-27,24.912607175359813,GREEN,2017-03-21,24.96178812264601,-0.19702493685369582,False,,5.4388788822457235,-0.3455068807177497,5.4388788822457235,-0.3455068807177497,3.529443093125062,4.248570726462475,3.25668479884349,4.248570726462475,True,1.0,True,1.0,True,3.0,BULL_2017
ABT,yfinance,STOCH_ONLY_CONTROL,2017-03-28,2017-03-29,37.480499267578125,GREEN,2017-03-23,37.13649461393778,0.92632505360708,True,4.0,0.3805730705419341,-4.703832596620217,0.3805730705419341,-1.4774875351497019,-1.9476172097957822,-2.068641652030967,-0.9424558343735012,-1.685741934485785,False,,False,,False,,BULL_2017
ABT,yfinance,V0.1,2017-03-28,2017-03-29,37.480499267578125,GREEN,2017-03-23,37.13649461393778,0.92632505360708,True,4.0,0.3805730705419341,-4.703832596620217,0.3805730705419341,-1.4774875351497019,-1.9476172097957822,-2.068641652030967,-0.9424558343735012,-1.685741934485785,False,,False,,False,,BULL_2017
CAH,yfinance,STOCH_ONLY_CONTROL,2017-03-28,2017-03-29,62.998963503418054,GREEN,2017-03-23,61.918852948715745,1.7443969054092623,True,13.0,1.2349426609991054,-12.837706587573495,1.2349426609991054,-12.030774305283387,-1.540486619235848,-0.09776859760834977,-10.367968481083123,-10.575842626697918,False,,False,,False,,BULL_2017
CAH,yfinance,V0.1,2017-03-28,2017-03-29,62.998963503418054,GREEN,2017-03-23,61.918852948715745,1.7443969054092623,True,13.0,1.2349426609991054,-12.837706587573495,1.2349426609991054,-12.030774305283387,-1.540486619235848,-0.09776859760834977,-10.367968481083123,-10.575842626697918,False,,False,,False,,BULL_2017
GD,yfinance,STOCH_ONLY_CONTROL,2017-03-28,2017-03-29,152.78679988683746,GREEN,2017-03-27,149.30848831872706,2.3296140810730614,False,,5.2422114756659255,-0.9255664896917759,5.2422114756659255,-0.9255664896917759,-0.6992856048862128,-0.4374768913260718,0.5189463423765472,4.205630485119749,True,17.0,True,18.0,True,19.0,BULL_2017
WBA,legacy_fallback,STOCH_ONLY_CONTROL,2017-03-28,2017-03-29,82.345,GREEN,2017-03-22,81.311,1.2716606609191716,True,4.0,3.2886028295585623,-3.9480235594146595,0.3218167466148447,-1.4475681583581146,-2.907280344890406,-1.2326188596757603,0.6460622988645248,2.7384783532697687,False,,False,,False,,BULL_2017
WBA,legacy_fallback,V0.1,2017-03-28,2017-03-29,82.345,GREEN,2017-03-22,81.311,1.2716606609191716,True,4.0,3.2886028295585623,-3.9480235594146595,0.3218167466148447,-1.4475681583581146,-2.907280344890406,-1.2326188596757603,0.6460622988645248,2.7384783532697687,False,,False,,False,,BULL_2017
CVX,yfinance,STOCH_ONLY_CONTROL,2017-03-29,2017-03-30,72.96124676627255,GREEN,2017-03-14,71.38934732725774,2.2018683429182007,True,12.0,2.330086977933399,-3.9944438894428336,2.330086977933399,-2.6167417276002025,1.0540897521872816,-1.8955473159326997,-3.014296923822768,-1.340721209780249,True,4.0,False,,False,,BULL_2017
CVX,yfinance,V0.1,2017-03-29,2017-03-30,72.96124676627255,GREEN,2017-03-14,71.38934732725774,2.2018683429182007,True,12.0,2.330086977933399,-3.9944438894428336,2.330086977933399,-2.6167417276002025,1.0540897521872816,-1.8955473159326997,-3.014296923822768,-1.340721209780249,True,4.0,False,,False,,BULL_2017
TROW,yfinance,STOCH_ONLY_CONTROL,2017-03-29,2017-03-30,47.927178533044675,GREEN,2017-03-21,47.03858597432509,1.8890715788195678,False,,7.5485237145733075,-0.529731345884954,7.5485237145733075,-0.529731345884954,2.01588103365562,3.384334009510881,5.63567117017254,4.311344892962921,True,4.0,True,6.0,True,11.0,BULL_2017
TROW,yfinance,V0.1,2017-03-29,2017-03-30,47.927178533044675,GREEN,2017-03-21,47.03858597432509,1.8890715788195678,False,,7.5485237145733075,-0.529731345884954,7.5485237145733075,-0.529731345884954,2.01588103365562,3.384334009510881,5.63567117017254,4.311344892962921,True,4.0,True,6.0,True,11.0,BULL_2017
T,yfinance,STOCH_ONLY_CONTROL,2017-03-30,2017-03-31,16.213277638568954,GREEN,2017-03-24,16.007648939145934,1.28456527379337,True,4.0,0.23929295605871204,-5.048701045539749,0.23929295605871204,-1.3051098231818603,-1.3294144848501221,-2.034361432322662,-2.715015482241978,-4.951467863863712,False,,False,,False,,BULL_2017
MKC,yfinance,STOCH_ONLY_CONTROL,2017-04-05,2017-04-06,41.89491446333795,GREEN,2017-03-30,40.28051348792341,4.007895718356602,False,,1.5021795150792494,-1.6115868454412152,1.5021795150792494,-1.6115868454412152,-1.3231363626633907,-0.11939409543856305,-0.6167944844801765,-0.35815575178889114,False,,False,,False,,BULL_2017
MKC,yfinance,V0.1,2017-04-05,2017-04-06,41.89491446333795,GREEN,2017-03-30,40.28051348792341,4.007895718356602,False,,1.5021795150792494,-1.6115868454412152,1.5021795150792494,-1.6115868454412152,-1.3231363626633907,-0.11939409543856305,-0.6167944844801765,-0.35815575178889114,False,,False,,False,,BULL_2017
SYY,yfinance,STOCH_ONLY_CONTROL,2017-04-06,2017-04-07,40.678163464435876,GREEN,2017-04-04,40.214632645734824,1.1526421807317222,False,,8.59463499627724,-0.2129318828425708,8.59463499627724,-0.2129318828425708,0.8904223934369737,2.3228552475876185,2.3034808120685035,6.271760947517313,True,10.0,True,12.0,True,18.0,BULL_2017
SYY,yfinance,V0.1,2017-04-06,2017-04-07,40.678163464435876,GREEN,2017-04-04,40.214632645734824,1.1526421807317222,False,,8.59463499627724,-0.2129318828425708,8.59463499627724,-0.2129318828425708,0.8904223934369737,2.3228552475876185,2.3034808120685035,6.271760947517313,True,10.0,True,12.0,True,18.0,BULL_2017
ABBV,yfinance,STOCH_ONLY_CONTROL,2017-04-07,2017-04-10,44.29306292295169,GREEN,2017-04-03,43.71828831078006,1.3147235044650651,True,5.0,4.078695773401897,-2.6748213938461385,0.42747905236164563,-2.6748213938461385,-1.8576065967123578,0.3781388812867492,2.737248425861827,2.027956717470425,False,,False,,False,,BULL_2017
ABBV,yfinance,V0.1,2017-04-07,2017-04-10,44.29306292295169,GREEN,2017-04-03,43.71828831078006,1.3147235044650651,True,5.0,4.078695773401897,-2.6748213938461385,0.42747905236164563,-2.6748213938461385,-1.8576065967123578,0.3781388812867492,2.737248425861827,2.027956717470425,False,,False,,False,,BULL_2017
ADP,yfinance,STOCH_ONLY_CONTROL,2017-04-07,2017-04-10,83.5334010060419,GREEN,2017-03-30,82.47044186087062,1.2888971141497008,True,16.0,3.445592793548391,-6.5191975267659625,3.445592793548391,-6.5191975267659625,-0.22514553353374378,2.789744577788178,1.8108782212901575,-4.972603979155654,True,10.0,True,12.0,False,,BULL_2017
ADP,yfinance,V0.1,2017-04-07,2017-04-10,83.5334010060419,GREEN,2017-03-30,82.47044186087062,1.2888971141497008,True,16.0,3.445592793548391,-6.5191975267659625,3.445592793548391,-6.5191975267659625,-0.22514553353374378,2.789744577788178,1.8108782212901575,-4.972603979155654,True,10.0,True,12.0,False,,BULL_2017
CLX,yfinance,STOCH_ONLY_CONTROL,2017-04-11,2017-04-12,100.32379581087372,GREEN,2017-03-29,99.40901900907751,0.9202150981015844,True,13.0,2.631300016618865,-4.045363721921413,2.631300016618865,-2.3987714232469592,1.9921946473878016,0.7516056046718678,-0.4814623199180801,-0.2859664820367258,True,3.0,False,,False,,BULL_2017
CLX,yfinance,V0.1,2017-04-11,2017-04-12,100.32379581087372,GREEN,2017-03-29,99.40901900907751,0.9202150981015844,True,13.0,2.631300016618865,-4.045363721921413,2.631300016618865,-2.3987714232469592,1.9921946473878016,0.7516056046718678,-0.4814623199180801,-0.2859664820367258,True,3.0,False,,False,,BULL_2017
KMB,yfinance,STOCH_ONLY_CONTROL,2017-04-11,2017-04-12,95.49590089357648,GREEN,2017-03-31,94.20153868087297,1.3740351068876056,True,6.0,1.0843476197175406,-5.459319105136151,1.0843476197175406,-2.552691955503994,-1.1822212078492211,-2.1084215254817518,-3.471401458275769,-3.531640310653039,False,,False,,False,,BULL_2017
KMB,yfinance,V0.1,2017-04-11,2017-04-12,95.49590089357648,GREEN,2017-03-31,94.20153868087297,1.3740351068876056,True,6.0,1.0843476197175406,-5.459319105136151,1.0843476197175406,-2.552691955503994,-1.1822212078492211,-2.1084215254817518,-3.471401458275769,-3.531640310653039,False,,False,,False,,BULL_2017
MMM,yfinance,STOCH_ONLY_CONTROL,2017-04-11,2017-04-12,117.11808304598485,GREEN,2017-04-10,116.30572798231194,0.698465224168876,True,1.0,5.039195631761206,-0.8880288724957497,0.09457986326339984,-0.8880288724957497,0.44666835708766506,3.047636144517374,4.834189215201445,3.383948643168999,False,,False,,False,,BULL_2017
MMM,yfinance,V0.1,2017-04-11,2017-04-12,117.11808304598485,GREEN,2017-04-10,116.30572798231194,0.698465224168876,True,1.0,5.039195631761206,-0.8880288724957497,0.09457986326339984,-0.8880288724957497,0.44666835708766506,3.047636144517374,4.834189215201445,3.383948643168999,False,,False,,False,,BULL_2017
PG,yfinance,STOCH_ONLY_CONTROL,2017-04-11,2017-04-12,69.38538671063554,GREEN,2017-03-31,68.65053770224524,1.0704198874268434,True,9.0,1.6082381577653182,-3.5254798037203328,1.6082381577653182,-1.5821073574290856,0.35009795104197217,-1.4922061068035841,-2.885182730004743,-3.199703137712473,False,,False,,False,,BULL_2017
PG,yfinance,V0.1,2017-04-11,2017-04-12,69.38538671063554,GREEN,2017-03-31,68.65053770224524,1.0704198874268434,True,9.0,1.6082381577653182,-3.5254798037203328,1.6082381577653182,-1.5821073574290856,0.35009795104197217,-1.4922061068035841,-2.885182730004743,-3.199703137712473,False,,False,,False,,BULL_2017
BF-B,yfinance,STOCH_ONLY_CONTROL,2017-04-12,2017-04-13,30.724875191321523,GREEN,2017-03-31,30.423453053787647,0.9907558389278481,False,,8.175231720219056,-0.8720288376815932,8.175231720219056,-0.8720288376815932,0.8502162007596681,3.161081661215648,6.845392703761921,7.259616501517163,True,6.0,True,7.0,True,14.0,BULL_2017
BF-B,yfinance,V0.1,2017-04-12,2017-04-13,30.724875191321523,GREEN,2017-03-31,30.423453053787647,0.9907558389278481,False,,8.175231720219056,-0.8720288376815932,8.175231720219056,-0.8720288376815932,0.8502162007596681,3.161081661215648,6.845392703761921,7.259616501517163,True,6.0,True,7.0,True,14.0,BULL_2017
JNJ,yfinance,STOCH_ONLY_CONTROL,2017-04-12,2017-04-13,97.10949603143264,GREEN,2017-03-30,96.19371740302195,0.9520150100591929,True,2.0,0.543422519628245,-3.3405178639020483,0.543422519628245,-3.3405178639020483,-2.69321824548977,-1.3266138294774965,-1.2946693550112576,-1.1907594634001928,False,,False,,False,,BULL_2017
JNJ,yfinance,V0.1,2017-04-12,2017-04-13,97.10949603143264,GREEN,2017-03-30,96.19371740302195,0.9520150100591929,True,2.0,0.543422519628245,-3.3405178639020483,0.543422519628245,-3.3405178639020483,-2.69321824548977,-1.3266138294774965,-1.2946693550112576,-1.1907594634001928,False,,False,,False,,BULL_2017
ADM,yfinance,STOCH_ONLY_CONTROL,2017-04-18,2017-04-19,34.46576046566885,GREEN,2017-04-11,33.59139138186757,2.6029558402670405,True,9.0,1.2794988101656912,-9.331543671425457,1.2794988101656912,-8.405034787569443,-0.13235552505184156,-8.868267773635552,-6.706351158044043,-7.704160529559823,False,,False,,False,,BULL_2017
ADM,yfinance,V0.1,2017-04-18,2017-04-19,34.46576046566885,GREEN,2017-04-11,33.59139138186757,2.6029558402670405,True,9.0,1.2794988101656912,-9.331543671425457,1.2794988101656912,-8.405034787569443,-0.13235552505184156,-8.868267773635552,-6.706351158044043,-7.704160529559823,False,,False,,False,,BULL_2017
CTAS,yfinance,STOCH_ONLY_CONTROL,2017-04-20,2017-04-21,27.9859151742602,GREEN,2017-04-07,27.59520735781872,1.4158538885948202,True,8.0,2.4919097064441287,-2.970745240830719,2.4919097064441287,-2.6379520435969694,-0.5925127371101735,-0.17042895874099795,-0.7305107081492124,-1.7694688619967702,True,2.0,False,,False,,BULL_2017
CTAS,yfinance,V0.1,2017-04-20,2017-04-21,27.9859151742602,GREEN,2017-04-07,27.59520735781872,1.4158538885948202,True,8.0,2.4919097064441287,-2.970745240830719,2.4919097064441287,-2.6379520435969694,-0.5925127371101735,-0.17042895874099795,-0.7305107081492124,-1.7694688619967702,True,2.0,False,,False,,BULL_2017
EMR,yfinance,STOCH_ONLY_CONTROL,2017-04-20,2017-04-21,47.16841325933243,GREEN,2017-04-18,46.124657209432634,2.2629025624202326,False,,4.104757721443386,-4.104727561544452,4.104757721443386,-4.104727561544452,1.8243267075939151,-0.4391499557854561,-2.1750775664420186,1.162955481741701,True,2.0,True,2.0,False,,BULL_2017
NUE,yfinance,STOCH_ONLY_CONTROL,2017-04-20,2017-04-21,49.54861796892656,GREEN,2017-04-17,46.32968640588242,6.947881181072346,True,18.0,3.2648748644045655,-8.650959000210568,3.2648748644045655,-7.076563312898376,1.6407204277791854,0.2154774425012329,-5.004975515647159,-6.098765569618969,True,1.0,True,3.0,False,,BULL_2017
NUE,yfinance,V0.1,2017-04-20,2017-04-21,49.54861796892656,GREEN,2017-04-17,46.32968640588242,6.947881181072346,True,18.0,3.2648748644045655,-8.650959000210568,3.2648748644045655,-7.076563312898376,1.6407204277791854,0.2154774425012329,-5.004975515647159,-6.098765569618969,True,1.0,True,3.0,False,,BULL_2017
T,yfinance,V0.1,2017-04-20,2017-04-21,15.855851403071123,GREEN,2017-04-18,15.733668858420426,0.7765674093573205,True,4.0,0.8202979446438885,-6.910270729701972,0.8202979446438885,-1.3422784653973618,-1.491442727036818,-4.151115918467241,-4.325131836129792,-4.94656570219143,False,,False,,False,,BULL_2017
MKC,yfinance,STOCH_ONLY_CONTROL,2017-05-04,2017-05-05,41.88656969911729,GREEN,2017-05-03,41.28640293574714,1.4536668750342985,False,,5.323396153544979,-1.2835851050218672,5.323396153544979,-1.2835851050218672,-1.0945127702839508,0.48756418099846766,3.96019745227123,4.875608521758679,True,12.0,True,13.0,True,19.0,BULL_2017
CAH,yfinance,STOCH_ONLY_CONTROL,2017-05-05,2017-05-08,55.96657741553476,GREEN,2017-04-20,54.76498586031826,2.1940872189417426,False,,5.174794908901159,-1.596476391259971,5.174794908901159,-1.596476391259971,0.41290492173993165,0.591777929461168,1.2249119009666076,1.7616263485142447,True,9.0,True,17.0,True,18.0,BULL_2017
CAH,yfinance,V0.1,2017-05-05,2017-05-08,55.96657741553476,GREEN,2017-04-20,54.76498586031826,2.1940872189417426,False,,5.174794908901159,-1.596476391259971,5.174794908901159,-1.596476391259971,0.41290492173993165,0.591777929461168,1.2249119009666076,1.7616263485142447,True,9.0,True,17.0,True,18.0,BULL_2017
DOV,yfinance,STOCH_ONLY_CONTROL,2017-05-05,2017-05-08,54.96398333713641,GREEN,2017-05-02,53.42690766136801,2.8769691959541044,False,,7.579145313904467,-0.4703205277588607,7.579145313904467,-0.4703205277588607,3.3684996915092746,5.694616229152039,6.569531651037597,6.978526953442099,True,2.0,True,2.0,True,9.0,BULL_2017
T,yfinance,STOCH_ONLY_CONTROL,2017-05-08,2017-05-09,15.185828269264846,GREEN,2017-05-01,14.831113589320433,2.391692827434322,True,6.0,1.4274712095343034,-2.803002359158069,0.5969334219665612,-2.803002359158069,-0.8824260171169773,-0.5709742924614458,-3.9735406076601976e-07,0.5969288548126617,False,,False,,False,,BULL_2017
ADM,yfinance,STOCH_ONLY_CONTROL,2017-05-16,2017-05-17,32.10159998840387,GREEN,2017-05-15,31.789391127099798,0.9821165182302583,True,1.0,3.7708716612821824,-2.6252709183511524,0.4534573264672437,-1.8854088258283719,1.5513300190068247,-0.19090155327340375,0.2625613510953251,1.0978552314382828,False,,False,,False,,BULL_2017
ADM,yfinance,V0.1,2017-05-16,2017-05-17,32.10159998840387,GREEN,2017-05-15,31.789391127099798,0.9821165182302583,True,1.0,3.7708716612821824,-2.6252709183511524,0.4534573264672437,-1.8854088258283719,1.5513300190068247,-0.19090155327340375,0.2625613510953251,1.0978552314382828,False,,False,,False,,BULL_2017
ADP,yfinance,STOCH_ONLY_CONTROL,2017-05-16,2017-05-17,79.88657317374775,GREEN,2017-05-10,78.37388957074177,1.9300861693748228,False,,5.834202584136627,-0.9212011954002564,5.834202584136627,-0.9212011954002564,2.3337081456199726,5.783022380737535,3.726511998431392,5.167573435758976,True,5.0,True,6.0,True,10.0,BULL_2017
ADP,yfinance,V0.1,2017-05-16,2017-05-17,79.88657317374775,GREEN,2017-05-10,78.37388957074177,1.9300861693748228,False,,5.834202584136627,-0.9212011954002564,5.834202584136627,-0.9212011954002564,2.3337081456199726,5.783022380737535,3.726511998431392,5.167573435758976,True,5.0,True,6.0,True,10.0,BULL_2017
AFL,yfinance,STOCH_ONLY_CONTROL,2017-05-18,2017-05-19,29.775400068302222,GREEN,2017-05-11,29.37996037355852,1.3459504019603497,False,,8.859747148616526,-0.3387992910939164,8.859747148616526,-0.3387992910939164,2.0168302436281316,3.270916739136731,5.806314323848238,8.04186984229065,True,5.0,True,8.0,True,14.0,BULL_2017
AFL,yfinance,V0.1,2017-05-18,2017-05-19,29.775400068302222,GREEN,2017-05-11,29.37996037355852,1.3459504019603497,False,,8.859747148616526,-0.3387992910939164,8.859747148616526,-0.3387992910939164,2.0168302436281316,3.270916739136731,5.806314323848238,8.04186984229065,True,5.0,True,8.0,True,14.0,BULL_2017
ITW,yfinance,STOCH_ONLY_CONTROL,2017-05-19,2017-05-22,110.33874674618795,GREEN,2017-05-18,107.43425856278238,2.70350279534739,False,,9.285912725945856,-0.23996642001324897,9.285912725945856,-0.23996642001324897,2.6032253533688987,3.9703227283476306,6.4717747406042525,8.784176866007654,True,3.0,True,7.0,True,8.0,BULL_2017
PG,yfinance,STOCH_ONLY_CONTROL,2017-05-19,2017-05-22,67.22759749204339,GREEN,2017-04-28,66.65859173217656,0.8536120327188979,False,,4.5912791222863625,-0.31301628662674386,4.5912791222863625,-0.31301628662674386,1.3333401357991104,2.9565311176482645,2.098531180629992,3.918813386570408,True,6.0,True,10.0,False,,BULL_2017
T,yfinance,V0.1,2017-05-19,2017-05-22,15.0715333182717,GREEN,2017-05-17,14.76016914461966,2.109489197591863,False,,2.955008021547445,-0.601460534151943,2.955008021547445,-0.601460534151943,0.8106601607498654,1.281367932978572,1.1506386238838928,1.0982962790227369,True,8.0,False,,False,,BULL_2017
ABT,yfinance,STOCH_ONLY_CONTROL,2017-05-22,2017-05-23,36.89932888578518,GREEN,2017-05-18,36.19866001339508,1.9356210205870195,False,,12.788855761113638,-0.7092035108404837,12.788855761113638,-0.7092035108404837,4.461223086747124,6.520266644819039,8.991077562021378,11.118745567241373,True,3.0,True,4.0,True,6.0,BULL_2017
LOW,yfinance,STOCH_ONLY_CONTROL,2017-05-22,2017-05-23,70.72691717250319,GREEN,2017-05-19,70.52517118751537,0.28606238253774396,True,0.0,0.059428395674521184,-7.832147797004218,0.059428395674521184,-2.3651032543439143,-6.382202385209745,-7.546919650792638,-4.254810534939812,-5.942465605352865,False,,False,,False,,BULL_2017
LEG,yfinance,STOCH_ONLY_CONTROL,2017-05-23,2017-05-24,35.83421647166124,GREEN,2017-05-15,34.91789046617868,2.6242307116751684,False,,5.580440695245237,0.0,5.580440695245237,0.0,1.7177547773013613,1.6201151279232828,2.7895447401267592,3.497102190580703,True,1.0,True,12.0,True,17.0,BULL_2017
LEG,yfinance,V0.1,2017-05-23,2017-05-24,35.83421647166124,GREEN,2017-05-15,34.91789046617868,2.6242307116751684,False,,5.580440695245237,0.0,5.580440695245237,0.0,1.7177547773013613,1.6201151279232828,2.7895447401267592,3.497102190580703,True,1.0,True,12.0,True,17.0,BULL_2017
NUE,yfinance,STOCH_ONLY_CONTROL,2017-05-23,2017-05-24,48.6864096895395,GREEN,2017-05-11,45.262187343263754,7.565304611345436,True,15.0,2.209476398891086,-8.905401184959395,2.209476398891086,-7.977732249981273,-0.3710627405367206,-0.2530091726772654,-7.910272135810315,-4.3683595256491685,True,12.0,False,,False,,BULL_2017
NUE,yfinance,V0.1,2017-05-23,2017-05-24,48.6864096895395,GREEN,2017-05-11,45.262187343263754,7.565304611345436,True,15.0,2.209476398891086,-8.905401184959395,2.209476398891086,-7.977732249981273,-0.3710627405367206,-0.2530091726772654,-7.910272135810315,-4.3683595256491685,True,12.0,False,,False,,BULL_2017
PPG,yfinance,STOCH_ONLY_CONTROL,2017-05-23,2017-05-24,89.42688741668202,GREEN,2017-05-15,87.83594865532899,1.8112615457663184,False,,4.625458625043644,-1.0393303660714892,4.625458625043644,-1.0393303660714892,2.2097179056026484,1.0486581946580475,4.2322134183099935,3.5299314897188516,True,5.0,True,5.0,False,,BULL_2017
PPG,yfinance,V0.1,2017-05-23,2017-05-24,89.42688741668202,GREEN,2017-05-15,87.83594865532899,1.8112615457663184,False,,4.625458625043644,-1.0393303660714892,4.625458625043644,-1.0393303660714892,2.2097179056026484,1.0486581946580475,4.2322134183099935,3.5299314897188516,True,5.0,True,5.0,False,,BULL_2017
BEN,yfinance,STOCH_ONLY_CONTROL,2017-05-26,2017-05-30,25.66215296333446,GREEN,2017-05-25,25.594201560172728,0.26549530369985863,False,,8.834875396534446,-0.8184604153832709,8.834875396534446,-0.8184604153832709,2.4314064366599997,6.259028441043113,7.149765794720131,7.029381016990044,True,2.0,True,2.0,True,8.0,BULL_2017
BEN,yfinance,V0.1,2017-05-26,2017-05-30,25.66215296333446,GREEN,2017-05-25,25.594201560172728,0.26549530369985863,False,,8.834875396534446,-0.8184604153832709,8.834875396534446,-0.8184604153832709,2.4314064366599997,6.259028441043113,7.149765794720131,7.029381016990044,True,2.0,True,2.0,True,8.0,BULL_2017
LOW,yfinance,V0.1,2017-06-02,2017-06-05,67.45704158327219,GREEN,2017-05-31,65.64979087761903,2.7528658987233445,True,2.0,1.4953291479254727,-5.5576367590305376,0.09969075520832593,-3.1775543042224963,-1.520249591622258,1.0342619857710567,-4.423708742090049,-2.479733835027176,False,,False,,False,,BULL_2017
WBA,legacy_fallback,STOCH_ONLY_CONTROL,2017-06-02,2017-06-05,82.363,GREEN,2017-05-16,79.276,3.893990615066345,True,9.0,0.2998919417699586,-9.69367312992484,0.2998919417699586,-7.086920097616655,-1.728931680487611,-4.131709626895574,-6.870803637555712,-6.149606012408482,False,,False,,False,,BULL_2017
PNR,yfinance,STOCH_ONLY_CONTROL,2017-06-09,2017-06-12,38.77195645746285,GREEN,2017-06-07,37.23786730646855,4.1197019645854205,False,,1.6248013502487169,-2.542482306242466,1.6248013502487169,-2.542482306242466,1.1584331867358966,-1.2486993755322473,0.8424599579411218,0.2106118884035224,False,,False,,False,,BULL_2017
DOV,yfinance,STOCH_ONLY_CONTROL,2017-06-26,2017-06-27,55.27348320034731,GREEN,2017-06-22,53.98806774282789,2.3809251030107115,False,,8.412811055712988,-0.851441465777325,8.412811055712988,-0.851441465777325,3.72350219364177,7.256322815091298,8.27302360875375,5.934693220983633,True,3.0,True,4.0,True,6.0,BULL_2017
WBA,legacy_fallback,V0.1,2017-06-27,2017-06-28,76.664,GREEN,2017-06-22,74.379,3.072103685179961,False,,5.239747469477196,-1.4830950641761431,5.239747469477196,-1.4830950641761431,0.2974016487529818,0.6704581028905254,2.981842846707705,1.6657101116560602,True,1.0,True,1.0,True,1.0,BULL_2017
BF-B,yfinance,STOCH_ONLY_CONTROL,2017-06-28,2017-06-29,32.95089328707008,GREEN,2017-06-07,32.49380316966018,1.406699348251994,True,2.0,3.6107472812572983,-3.8351540404990336,0.4896166815433256,-1.6523837626732263,-1.733990142355224,-3.325179373876197,-1.5503686763058577,2.0603556819398294,False,,False,,False,,BULL_2017
BF-B,yfinance,V0.1,2017-06-28,2017-06-29,32.95089328707008,GREEN,2017-06-07,32.49380316966018,1.406699348251994,True,2.0,3.6107472812572983,-3.8351540404990336,0.4896166815433256,-1.6523837626732263,-1.733990142355224,-3.325179373876197,-1.5503686763058577,2.0603556819398294,False,,False,,False,,BULL_2017
ECL,yfinance,STOCH_ONLY_CONTROL,2017-06-28,2017-06-29,120.6650688201814,GREEN,2017-06-23,119.23041735641243,1.203259617451824,False,,0.827789164849202,-1.5125250327847506,0.827789164849202,-1.5125250327847506,-0.20318211041702172,-0.12792198419043777,0.12041177349044752,-0.7299207977802591,False,,False,,False,,BULL_2017
EMR,yfinance,STOCH_ONLY_CONTROL,2017-06-30,2017-07-03,47.845493436563004,GREEN,2017-06-29,46.600361500064665,2.6719362176978123,False,,1.880470403302681,-1.846867855555001,1.880470403302681,-1.846867855555001,0.4365187614947974,0.45333371303013514,1.460715944651958,0.6716011920398612,False,,False,,False,,BULL_2017
LOW,yfinance,STOCH_ONLY_CONTROL,2017-06-30,2017-07-03,65.56573226246248,GREEN,2017-06-26,63.708024243685735,2.9159717960659526,True,12.0,0.5769191644130478,-8.230752196448465,0.5769191644130478,-8.230752196448465,-2.2435936233541565,-2.6154649988673118,-2.4197432222814452,0.33914256237075335,False,,False,,False,,BULL_2017
LOW,yfinance,V0.1,2017-06-30,2017-07-03,65.56573226246248,GREEN,2017-06-26,63.708024243685735,2.9159717960659526,True,12.0,0.5769191644130478,-8.230752196448465,0.5769191644130478,-8.230752196448465,-2.2435936233541565,-2.6154649988673118,-2.4197432222814452,0.33914256237075335,False,,False,,False,,BULL_2017
ITW,yfinance,STOCH_ONLY_CONTROL,2017-07-03,2017-07-05,116.38256993231346,GREEN,2017-06-29,113.72267725753272,2.3389289972106653,True,15.0,2.424007765461411,-3.3797267588688507,2.424007765461411,-3.0472997795251255,1.2812602342959112,2.2785399736194867,-2.9918930130491184,-1.8145352191720754,True,5.0,False,,False,,BULL_2017
ITW,yfinance,V0.1,2017-07-03,2017-07-05,116.38256993231346,GREEN,2017-06-29,113.72267725753272,2.3389289972106653,True,15.0,2.424007765461411,-3.3797267588688507,2.424007765461411,-3.0472997795251255,1.2812602342959112,2.2785399736194867,-2.9918930130491184,-1.8145352191720754,True,5.0,False,,False,,BULL_2017
JNJ,yfinance,STOCH_ONLY_CONTROL,2017-07-05,2017-07-06,104.37816355448547,GREEN,2017-07-03,103.44852771659102,0.8986457887939059,True,2.0,2.597120406880804,-3.0237023307504662,0.2694413656964434,-1.7813023316199827,-1.3097649117921661,2.2154165323128527,-2.080663082085532,-0.19460234673410737,False,,False,,False,,BULL_2017
PG,yfinance,STOCH_ONLY_CONTROL,2017-07-06,2017-07-07,68.34998823010488,GREEN,2017-06-30,67.81218129332024,0.793083081133128,True,2.0,5.450800585832982,-1.5736878288599154,0.2052736625198559,-1.5736878288599154,-0.6728006143925991,1.8419308567588777,3.680855243723413,4.20955507430143,False,,False,,False,,BULL_2017
ABT,yfinance,STOCH_ONLY_CONTROL,2017-07-11,2017-07-12,40.889433342764434,GREEN,2017-07-10,40.55465346589228,0.8255029898201816,False,,6.14488528193502,-0.7058109254067912,6.14488528193502,-0.7058109254067912,2.6157243069794056,4.629472033139548,2.200570526545942,1.2456142092661437,True,5.0,True,6.0,True,6.0,BULL_2017
MDT,yfinance,STOCH_ONLY_CONTROL,2017-07-11,2017-07-12,69.04984188185828,GREEN,2017-07-10,68.20785406423241,1.2344440815173163,True,3.0,1.219358192683484,-5.606871824851289,1.219358192683484,-2.1766498502636455,-2.393147938738849,-2.2906011280369842,-5.185203356291879,-4.330510328058645,False,,False,,False,,BULL_2017
MKC,yfinance,STOCH_ONLY_CONTROL,2017-07-12,2017-07-13,40.78434420137507,GREEN,2017-06-20,39.59490148191213,3.004030001201796,True,4.0,0.5031760320574286,-7.321841641137161,0.5031760320574286,-7.321841641137161,-5.031872151557925,-2.187316514992632,-2.259215618570398,-2.2386569832557157,False,,False,,False,,BULL_2017
MKC,yfinance,V0.1,2017-07-12,2017-07-13,40.78434420137507,GREEN,2017-06-20,39.59490148191213,3.004030001201796,True,4.0,0.5031760320574286,-7.321841641137161,0.5031760320574286,-7.321841641137161,-5.031872151557925,-2.187316514992632,-2.259215618570398,-2.2386569832557157,False,,False,,False,,BULL_2017
PEP,yfinance,STOCH_ONLY_CONTROL,2017-07-12,2017-07-13,87.0439179775241,GREEN,2017-07-03,84.99939486034766,2.4053384386271803,False,,2.7055537963025955,-0.8960407191316855,2.7055537963025955,-0.8960407191316855,0.4871810270968391,2.079193253904421,1.174409177571012,1.2440207630500133,True,9.0,False,,False,,BULL_2017
SYY,yfinance,STOCH_ONLY_CONTROL,2017-07-13,2017-07-14,40.05780420227562,GREEN,2017-06-23,38.71831869457349,3.4595652726260084,False,,4.926762920112537,-0.43531605028527265,4.926762920112537,-0.43531605028527265,1.0684592371507762,3.3834198451080155,3.5417203658411944,2.057763688626957,True,6.0,True,7.0,False,,BULL_2017
WMT,yfinance,STOCH_ONLY_CONTROL,2017-07-13,2017-07-14,22.024748682979112,GREEN,2017-07-11,21.175754055898114,4.009276953443486,False,,8.175814413344028,-0.9440209964720725,8.175814413344028,-0.9440209964720725,-0.1573391139581437,4.641362324026832,5.519852529725711,6.0780257490837375,True,7.0,True,7.0,True,11.0,BULL_2017
WMT,yfinance,V0.1,2017-07-13,2017-07-14,22.024748682979112,GREEN,2017-07-11,21.175754055898114,4.009276953443486,False,,8.175814413344028,-0.9440209964720725,8.175814413344028,-0.9440209964720725,-0.1573391139581437,4.641362324026832,5.519852529725711,6.0780257490837375,True,7.0,True,7.0,True,11.0,BULL_2017
JNJ,yfinance,V0.1,2017-07-14,2017-07-17,103.67509283666445,GREEN,2017-07-07,101.93294850611639,1.7091081500929306,False,,3.292880874676851,-2.3660593680249753,3.292880874676851,-2.3660593680249753,0.22602438546135417,0.007529907347669784,0.11302040425782423,0.5802031176405764,True,2.0,True,3.0,False,,BULL_2017
KO,yfinance,STOCH_ONLY_CONTROL,2017-07-14,2017-07-17,33.79917724201852,GREEN,2017-07-03,33.413219841844395,1.1551038840344807,False,,3.963304401862522,-0.7836717006200589,3.963304401862522,-0.7836717006200589,0.4030865375772352,2.642199045569793,2.1943449421595984,2.5526530548826587,True,7.0,True,8.0,False,,BULL_2017
KO,yfinance,V0.1,2017-07-14,2017-07-17,33.79917724201852,GREEN,2017-07-03,33.413219841844395,1.1551038840344807,False,,3.963304401862522,-0.7836717006200589,3.963304401862522,-0.7836717006200589,0.4030865375772352,2.642199045569793,2.1943449421595984,2.5526530548826587,True,7.0,True,8.0,False,,BULL_2017
CL,yfinance,STOCH_ONLY_CONTROL,2017-07-17,2017-07-18,58.62047091091474,GREEN,2017-06-28,57.645408328899265,1.6914835201655487,True,18.0,2.7410522989037123,-3.884309900203664,2.7410522989037123,-3.884309900203664,-0.7575954360858117,-1.239673767671079,-1.239673767671079,-1.1019371015038582,True,6.0,False,,False,,BULL_2017
CL,yfinance,V0.1,2017-07-17,2017-07-18,58.62047091091474,GREEN,2017-06-28,57.645408328899265,1.6914835201655487,True,18.0,2.7410522989037123,-3.884309900203664,2.7410522989037123,-3.884309900203664,-0.7575954360858117,-1.239673767671079,-1.239673767671079,-1.1019371015038582,True,6.0,False,,False,,BULL_2017
PG,yfinance,V0.1,2017-07-17,2017-07-18,68.28767426179674,GREEN,2017-07-07,67.27437278430054,1.5062221103794071,False,,6.248806933253004,-0.1712150722907091,6.248806933253004,-0.1712150722907091,2.544576980615565,4.799285648022811,5.351516657450528,6.064742423814651,True,2.0,True,7.0,True,10.0,BULL_2017
ED,yfinance,STOCH_ONLY_CONTROL,2017-07-18,2017-07-19,59.04922823334648,GREEN,2017-06-29,58.0127786458166,1.7865884236603735,False,,3.389388930414383,-0.4664353468991078,3.389388930414383,-0.4664353468991078,0.7856060767027939,1.509781390886733,2.1971400346971315,3.277995819957491,True,11.0,True,14.0,False,,BULL_2017
ED,yfinance,V0.1,2017-07-18,2017-07-19,59.04922823334648,GREEN,2017-06-29,58.0127786458166,1.7865884236603735,False,,3.389388930414383,-0.4664353468991078,3.389388930414383,-0.4664353468991078,0.7856060767027939,1.509781390886733,2.1971400346971315,3.277995819957491,True,11.0,True,14.0,False,,BULL_2017
ADP,yfinance,STOCH_ONLY_CONTROL,2017-07-19,2017-07-20,84.63972639598396,GREEN,2017-07-18,82.64975503672038,2.407715979774472,False,,18.303707740106322,-0.456619451646445,18.303707740106322,-0.456619451646445,12.338474311790115,8.588340753520797,5.800078287823673,1.700193909446468,True,4.0,True,4.0,True,5.0,BULL_2017
VFC,yfinance,STOCH_ONLY_CONTROL,2017-07-19,2017-07-20,41.107330044318836,GREEN,2017-07-18,40.15959500185399,2.3599218130090582,False,,13.076402812546895,-0.43998603965863525,13.076402812546895,-0.43998603965863525,7.022199973075494,11.281250636428952,7.77896220253449,11.034842863447981,True,1.0,True,1.0,True,3.0,BULL_2017
CLX,yfinance,STOCH_ONLY_CONTROL,2017-07-20,2017-07-21,98.87887342913461,GREEN,2017-06-29,98.52825128393111,0.3558595028679612,False,,6.019168565285993,-0.15354852072336778,6.019168565285993,-0.15354852072336778,1.9347409891210532,3.255278614366741,3.1170559901670947,5.742776600591615,True,2.0,True,4.0,True,9.0,BULL_2017
CLX,yfinance,V0.1,2017-07-20,2017-07-21,98.87887342913461,GREEN,2017-06-29,98.52825128393111,0.3558595028679612,False,,6.019168565285993,-0.15354852072336778,6.019168565285993,-0.15354852072336778,1.9347409891210532,3.255278614366741,3.1170559901670947,5.742776600591615,True,2.0,True,4.0,True,9.0,BULL_2017
KMB,yfinance,STOCH_ONLY_CONTROL,2017-07-25,2017-07-26,90.26067314191998,GREEN,2017-07-03,88.45676203643306,2.0393139698510865,True,4.0,0.04013408237224514,-3.2506461533733044,0.04013408237224514,-2.9135517874132932,-2.592495164064035,-2.391838343687158,-1.8139409532180184,-1.8621124524103916,False,,False,,False,,BULL_2017
KMB,yfinance,V0.1,2017-07-25,2017-07-26,90.26067314191998,GREEN,2017-07-03,88.45676203643306,2.0393139698510865,True,4.0,0.04013408237224514,-3.2506461533733044,0.04013408237224514,-2.9135517874132932,-2.592495164064035,-2.391838343687158,-1.8139409532180184,-1.8621124524103916,False,,False,,False,,BULL_2017
MDT,yfinance,V0.1,2017-07-26,2017-07-27,67.56260493825134,GREEN,2017-07-19,66.65767090285603,1.3575842407007155,True,0.0,0.0,-7.861639079494987,0.0,-1.7819692154910194,-2.993267305736913,-3.2844062427042853,-2.5506868869733523,-7.710233015006452,False,,False,,False,,BULL_2017
PPG,yfinance,STOCH_ONLY_CONTROL,2017-07-27,2017-07-28,88.88261695045456,GREEN,2017-07-24,87.66011006111452,1.3945988528736075,True,4.0,0.6594401348870349,-4.962971880013011,0.6594401348870349,-2.1573182868455,-1.073966769915069,-4.698054231978698,-3.4208378002160367,-1.8692270455269666,False,,False,,False,,BULL_2017
PPG,yfinance,V0.1,2017-07-27,2017-07-28,88.88261695045456,GREEN,2017-07-24,87.66011006111452,1.3945988528736075,True,4.0,0.6594401348870349,-4.962971880013011,0.6594401348870349,-2.1573182868455,-1.073966769915069,-4.698054231978698,-3.4208378002160367,-1.8692270455269666,False,,False,,False,,BULL_2017
GD,yfinance,STOCH_ONLY_CONTROL,2017-07-31,2017-08-01,161.46728069405597,GREEN,2017-07-28,159.07353355136394,1.5048054124723986,False,,2.5183081601058532,-1.5536214018454286,2.5183081601058532,-1.5536214018454286,0.9342188862354384,1.284533394608589,2.167993131438384,2.025807210397579,True,4.0,False,,False,,BULL_2017
MMM,yfinance,STOCH_ONLY_CONTROL,2017-08-01,2017-08-02,125.7913675362647,GREEN,2017-07-27,122.37403146040916,2.7925337059448996,False,,2.6772772885799823,-0.34550141396156864,2.6772772885799823,-0.34550141396156864,1.619179456592068,2.3278520722645135,0.31776895059534294,0.8226596757643811,True,1.0,False,,False,,BULL_2017
MMM,yfinance,V0.1,2017-08-01,2017-08-02,125.7913675362647,GREEN,2017-07-27,122.37403146040916,2.7925337059448996,False,,2.6772772885799823,-0.34550141396156864,2.6772772885799823,-0.34550141396156864,1.619179456592068,2.3278520722645135,0.31776895059534294,0.8226596757643811,True,1.0,False,,False,,BULL_2017
ABBV,yfinance,STOCH_ONLY_CONTROL,2017-08-03,2017-08-04,49.043013452888005,GREEN,2017-07-31,48.11961466506168,1.918965466065492,False,,6.78658061221824,-2.3886455211226676,6.78658061221824,-2.3886455211226676,-0.758767903077584,-1.7001561827916123,1.8406672026350712,5.9716278189662075,True,15.0,True,16.0,True,19.0,BULL_2017
ABBV,yfinance,V0.1,2017-08-03,2017-08-04,49.043013452888005,GREEN,2017-07-31,48.11961466506168,1.918965466065492,False,,6.78658061221824,-2.3886455211226676,6.78658061221824,-2.3886455211226676,-0.758767903077584,-1.7001561827916123,1.8406672026350712,5.9716278189662075,True,15.0,True,16.0,True,19.0,BULL_2017
SWK,yfinance,STOCH_ONLY_CONTROL,2017-08-03,2017-08-04,110.91636221145383,GREEN,2017-07-28,108.34182157172778,2.3763128608849993,True,4.0,2.75881859228313,-4.3969148576870065,0.09115681518911956,-3.0364692600054033,-2.4193542152802894,-3.5764161185845467,-2.6437381330736254,0.48343259015577456,False,,False,,False,,BULL_2017
SWK,yfinance,V0.1,2017-08-03,2017-08-04,110.91636221145383,GREEN,2017-07-28,108.34182157172778,2.3763128608849993,True,4.0,2.75881859228313,-4.3969148576870065,0.09115681518911956,-3.0364692600054033,-2.4193542152802894,-3.5764161185845467,-2.6437381330736254,0.48343259015577456,False,,False,,False,,BULL_2017
ITW,yfinance,STOCH_ONLY_CONTROL,2017-08-04,2017-08-07,114.19824141335904,GREEN,2017-07-26,112.4491570736518,1.5554445984522713,True,3.0,0.5858285389342521,-4.665447544479728,0.5858285389342521,-3.056181609682529,-1.856302353786976,-4.291366003897923,-3.634974098542687,-3.6914204619864166,False,,False,,False,,BULL_2017
ITW,yfinance,V0.1,2017-08-04,2017-08-07,114.19824141335904,GREEN,2017-07-26,112.4491570736518,1.5554445984522713,True,3.0,0.5858285389342521,-4.665447544479728,0.5858285389342521,-3.056181609682529,-1.856302353786976,-4.291366003897923,-3.634974098542687,-3.6914204619864166,False,,False,,False,,BULL_2017
PNR,yfinance,STOCH_ONLY_CONTROL,2017-08-07,2017-08-08,36.770143674967365,GREEN,2017-07-24,36.394865560758646,1.0311292772388958,True,2.0,0.3348813246416782,-5.70881288346402,0.3348813246416782,-2.009284161235003,-1.0843630759973522,-2.0890033000715347,-2.631150895330314,-1.546814207044367,False,,False,,False,,BULL_2017
PNR,yfinance,V0.1,2017-08-07,2017-08-08,36.770143674967365,GREEN,2017-07-24,36.394865560758646,1.0311292772388958,True,2.0,0.3348813246416782,-5.70881288346402,0.3348813246416782,-2.009284161235003,-1.0843630759973522,-2.0890033000715347,-2.631150895330314,-1.546814207044367,False,,False,,False,,BULL_2017
ABT,yfinance,STOCH_ONLY_CONTROL,2017-08-15,2017-08-16,41.6279351006417,GREEN,2017-08-09,40.78757590130449,2.060331316013153,False,,7.2594136501790585,-0.9379971652894836,7.2594136501790585,-0.9379971652894836,1.2234998102695682,2.1819224575918783,4.995967107147092,5.403774165807151,True,1.0,True,11.0,True,15.0,BULL_2017
ABT,yfinance,V0.1,2017-08-15,2017-08-16,41.6279351006417,GREEN,2017-08-09,40.78757590130449,2.060331316013153,False,,7.2594136501790585,-0.9379971652894836,7.2594136501790585,-0.9379971652894836,1.2234998102695682,2.1819224575918783,4.995967107147092,5.403774165807151,True,1.0,True,11.0,True,15.0,BULL_2017
CTAS,yfinance,STOCH_ONLY_CONTROL,2017-08-15,2017-08-16,30.282495978313424,GREEN,2017-08-11,29.55103912474004,2.4752322599749466,False,,1.7477956477635948,-2.355418524693087,1.7477956477635948,-2.355418524693087,0.5550994547187216,0.3450753529845585,-0.1275402864733377,0.9751854492984435,False,,False,,False,,BULL_2017
CTAS,yfinance,V0.1,2017-08-15,2017-08-16,30.282495978313424,GREEN,2017-08-11,29.55103912474004,2.4752322599749466,False,,1.7477956477635948,-2.355418524693087,1.7477956477635948,-2.355418524693087,0.5550994547187216,0.3450753529845585,-0.1275402864733377,0.9751854492984435,False,,False,,False,,BULL_2017
MHFI,yfinance,STOCH_ONLY_CONTROL,2017-08-15,2017-08-16,132.84484061175263,GREEN,2017-08-08,128.4347363312492,3.4337317196877493,False,,2.170143398905422,-2.024725025575591,2.170143398905422,-2.024725025575591,-0.5455872099143888,1.2077771960078643,-0.20283978854053197,1.3263949111730122,True,13.0,False,,False,,BULL_2017
MHFI,yfinance,V0.1,2017-08-15,2017-08-16,132.84484061175263,GREEN,2017-08-08,128.4347363312492,3.4337317196877493,False,,2.170143398905422,-2.024725025575591,2.170143398905422,-2.024725025575591,-0.5455872099143888,1.2077771960078643,-0.20283978854053197,1.3263949111730122,True,13.0,False,,False,,BULL_2017
CL,yfinance,STOCH_ONLY_CONTROL,2017-08-16,2017-08-17,58.12792564691784,GREEN,2017-08-11,57.51426794879631,1.0669660242704548,True,1.0,0.8751251603101862,-1.8474641967811012,0.5000703167581833,-1.3613005921819465,-1.6808100872575782,-0.4861825072827952,-0.23615440202088278,0.40283183260845234,False,,False,,False,,BULL_2017
SHW,yfinance,STOCH_ONLY_CONTROL,2017-08-16,2017-08-17,102.57178164750077,GREEN,2017-07-31,101.64846407274986,0.9083438526824139,True,0.0,5.91823909986251,-1.809432531362487,0.3216109648638499,-1.015934014337616,0.8596099031031645,1.9747228321748578,3.561731315239669,2.488703171636719,False,,False,,False,,BULL_2017
SHW,yfinance,V0.1,2017-08-16,2017-08-17,102.57178164750077,GREEN,2017-07-31,101.64846407274986,0.9083438526824139,True,0.0,5.91823909986251,-1.809432531362487,0.3216109648638499,-1.015934014337616,0.8596099031031645,1.9747228321748578,3.561731315239669,2.488703171636719,False,,False,,False,,BULL_2017
DOV,yfinance,STOCH_ONLY_CONTROL,2017-08-22,2017-08-23,59.16489112398496,GREEN,2017-08-21,58.47653800504278,1.1771441033031405,False,,10.719308633878398,-0.6821449432212412,10.719308633878398,-0.6821449432212412,1.1683303564113734,3.0307816276163635,7.495839317759145,9.88357404732325,True,7.0,True,9.0,True,12.0,BULL_2017
LOW,yfinance,STOCH_ONLY_CONTROL,2017-08-22,2017-08-23,60.817866400272145,GREEN,2017-08-17,61.891375400343534,-1.734504998681008,True,0.0,10.39615943319716,-1.6539191973388934,2.029196352735707,-1.6539191973388934,2.7241119879498177,7.963872187185883,9.047981700418784,8.464228494114924,True,0.0,False,,False,,BULL_2017
TROW,yfinance,STOCH_ONLY_CONTROL,2017-08-22,2017-08-23,59.23740291386612,GREEN,2017-08-21,58.27081783027056,1.6587807063408677,False,,4.03413092630196,-2.087584974182277,4.03413092630196,-2.087584974182277,0.5638597101000231,-1.3197393010187852,1.787417612553055,3.840875977434721,True,14.0,True,17.0,False,,BULL_2017
BEN,yfinance,STOCH_ONLY_CONTROL,2017-08-23,2017-08-24,26.355245264411145,GREEN,2017-08-01,25.827756091544007,2.0423344985816883,True,8.0,2.590037076741214,-3.5790184614428955,2.590037076741214,-2.142725552819569,1.7894763670746494,-3.36711262920103,0.02350725290558575,0.9888895173194134,True,5.0,False,,False,,BULL_2017
BEN,yfinance,V0.1,2017-08-23,2017-08-24,26.355245264411145,GREEN,2017-08-01,25.827756091544007,2.0423344985816883,True,8.0,2.590037076741214,-3.5790184614428955,2.590037076741214,-2.142725552819569,1.7894763670746494,-3.36711262920103,0.02350725290558575,0.9888895173194134,True,5.0,False,,False,,BULL_2017
ADP,yfinance,STOCH_ONLY_CONTROL,2017-08-29,2017-08-30,86.57212977525441,GREEN,2017-08-18,84.54104756586291,2.402480532086093,False,,4.98010787503711,-0.5889011439743963,4.98010787503711,-0.5889011439743963,4.006129436629147,1.9722324209980213,1.9722324209980213,4.101624510338486,True,2.0,True,4.0,False,,BULL_2017
ADP,yfinance,V0.1,2017-08-29,2017-08-30,86.57212977525441,GREEN,2017-08-18,84.54104756586291,2.402480532086093,False,,4.98010787503711,-0.5889011439743963,4.98010787503711,-0.5889011439743963,4.006129436629147,1.9722324209980213,1.9722324209980213,4.101624510338486,True,2.0,True,4.0,False,,BULL_2017
EMR,yfinance,STOCH_ONLY_CONTROL,2017-08-29,2017-08-30,47.25687359155862,GREEN,2017-08-21,46.81961913686095,0.9339128825877729,False,,9.972611638276451,-0.08567381175057509,9.972611638276451,-0.08567381175057509,3.1699771806160237,6.048673921826442,8.704616673945797,7.71076013700458,True,4.0,True,5.0,True,8.0,BULL_2017
EMR,yfinance,V0.1,2017-08-29,2017-08-30,47.25687359155862,GREEN,2017-08-21,46.81961913686095,0.9339128825877729,False,,9.972611638276451,-0.08567381175057509,9.972611638276451,-0.08567381175057509,3.1699771806160237,6.048673921826442,8.704616673945797,7.71076013700458,True,4.0,True,5.0,True,8.0,BULL_2017
LEG,yfinance,STOCH_ONLY_CONTROL,2017-08-30,2017-08-31,32.55886694406903,GREEN,2017-07-28,31.446106203050228,3.538628069986194,True,4.0,4.588942695021414,-6.619104543644527,0.7570312282693115,-6.619104543644527,-2.0117032313955563,-0.03332840054062203,1.9507464143552644,4.065645528945416,False,,False,,False,,BULL_2017
MMM,yfinance,STOCH_ONLY_CONTROL,2017-08-30,2017-08-31,127.21846008300781,GREEN,2017-08-25,125.35675658278531,1.4851241775652113,True,2.0,5.05579530539757,-1.8647147623235605,0.2887811233021953,-1.8647147623235605,0.6704856880253462,4.419549093847008,3.151934016752733,2.731034859954362,False,,False,,False,,BULL_2017
MMM,yfinance,V0.1,2017-08-30,2017-08-31,127.21846008300781,GREEN,2017-08-25,125.35675658278531,1.4851241775652113,True,2.0,5.05579530539757,-1.8647147623235605,0.2887811233021953,-1.8647147623235605,0.6704856880253462,4.419549093847008,3.151934016752733,2.731034859954362,False,,False,,False,,BULL_2017
WMT,yfinance,STOCH_ONLY_CONTROL,2017-08-30,2017-08-31,22.840356122390432,GREEN,2017-08-28,22.52070368551468,1.419371443004036,False,,3.2061439405904224,-1.1068483249374705,3.2061439405904224,-1.1068483249374705,0.3562558481145617,2.2646352913906265,1.183217211580323,-0.5852198060286473,True,3.0,True,11.0,False,,BULL_2017
WMT,yfinance,V0.1,2017-08-30,2017-08-31,22.840356122390432,GREEN,2017-08-28,22.52070368551468,1.419371443004036,False,,3.2061439405904224,-1.1068483249374705,3.2061439405904224,-1.1068483249374705,0.3562558481145617,2.2646352913906265,1.183217211580323,-0.5852198060286473,True,3.0,True,11.0,False,,BULL_2017
JNJ,yfinance,STOCH_ONLY_CONTROL,2017-08-31,2017-09-01,104.24810212541374,GREEN,2017-08-30,102.91158034361472,1.2987088307617745,True,1.0,2.4057190047283905,-2.677240110622914,0.03769818300740635,-2.171931779444636,0.46001701481512836,2.096550105314532,-1.0784482119683747,-1.0407286769242186,False,,False,,False,,BULL_2017
PEP,yfinance,STOCH_ONLY_CONTROL,2017-08-31,2017-09-01,87.98094676683216,GREEN,2017-08-25,87.14236568926245,0.9623115816708161,True,8.0,1.6553789004900787,-5.5642425508356075,1.6553789004900787,-1.4560992689261587,0.268676542446733,-0.3380176898902465,-2.9814729889965474,-5.425567191502834,False,,False,,False,,BULL_2017
PEP,yfinance,V0.1,2017-08-31,2017-09-01,87.98094676683216,GREEN,2017-08-25,87.14236568926245,0.9623115816708161,True,8.0,1.6553789004900787,-5.5642425508356075,1.6553789004900787,-1.4560992689261587,0.268676542446733,-0.3380176898902465,-2.9814729889965474,-5.425567191502834,False,,False,,False,,BULL_2017
KO,yfinance,STOCH_ONLY_CONTROL,2017-09-01,2017-09-05,34.6241015482089,GREEN,2017-08-24,34.245697617471905,1.1049677976013417,True,16.0,2.6885133000475347,-2.2226724168496026,2.6885133000475347,-2.2226724168496026,2.12023922931317,1.30244606999812,0.3991463873230572,-0.4380925925989265,True,5.0,False,,False,,BULL_2017
KO,yfinance,V0.1,2017-09-01,2017-09-05,34.6241015482089,GREEN,2017-08-24,34.245697617471905,1.1049677976013417,True,16.0,2.6885133000475347,-2.2226724168496026,2.6885133000475347,-2.2226724168496026,2.12023922931317,1.30244606999812,0.3991463873230572,-0.4380925925989265,True,5.0,False,,False,,BULL_2017
JNJ,yfinance,V0.1,2017-09-07,2017-09-08,103.77636075888539,GREEN,2017-09-01,101.98390446588398,1.7575874373402023,True,14.0,2.8712297768381356,-2.2348351986680948,2.8712297768381356,-2.0530128213498533,1.8560990407055167,-0.46211107165813337,-1.5075688631846274,0.9242627826556493,True,5.0,False,,False,,BULL_2017
APD,yfinance,STOCH_ONLY_CONTROL,2017-09-08,2017-09-11,117.28712576277894,GREEN,2017-09-06,115.5038446969032,1.5439148978592776,False,,5.688899269907499,-0.4383257405153107,5.688899269907499,-0.4383257405153107,3.3833466771178378,3.7806001019871527,4.239480822537067,5.2616261789615315,True,0.0,True,1.0,True,16.0,BULL_2017
CINF,yfinance,STOCH_ONLY_CONTROL,2017-09-08,2017-09-11,60.045761860702825,GREEN,2017-08-22,57.422061494555564,4.569150423824508,False,,2.706619562676793,-1.876439702987731,2.706619562676793,-1.876439702987731,-0.17056615041288747,0.8046549148397864,2.363181501226763,0.8574799715644454,True,13.0,False,,False,,BULL_2017
MDT,yfinance,STOCH_ONLY_CONTROL,2017-09-08,2017-09-11,64.72191286400519,GREEN,2017-08-23,62.180254460049376,4.087565137882843,True,10.0,0.5957618026491529,-6.413506684696091,0.5957618026491529,-5.28874235964375,0.1823767133803278,-4.838900226354726,-4.542250267198544,-5.912058610119808,False,,False,,False,,BULL_2017
GD,yfinance,STOCH_ONLY_CONTROL,2017-09-11,2017-09-12,163.86931345144393,GREEN,2017-09-07,160.434387428862,2.1410160736924366,False,,7.541438989128646,-1.720950570270674,7.541438989128646,-1.720950570270674,1.6158784853768982,2.7215424037206892,5.32295941374501,6.757889397024708,True,5.0,True,7.0,True,15.0,BULL_2017
GD,yfinance,V0.1,2017-09-11,2017-09-12,163.86931345144393,GREEN,2017-09-07,160.434387428862,2.1410160736924366,False,,7.541438989128646,-1.720950570270674,7.541438989128646,-1.720950570270674,1.6158784853768982,2.7215424037206892,5.32295941374501,6.757889397024708,True,5.0,True,7.0,True,15.0,BULL_2017
CLX,yfinance,STOCH_ONLY_CONTROL,2017-09-12,2017-09-13,102.90991838507416,GREEN,2017-09-11,101.64217192582758,1.247264236120138,True,6.0,1.777797925565694,-6.314504369502982,1.777797925565694,-3.548228613147053,-0.1401762243768645,-4.5957061304295665,-3.1498639196769207,-3.7031307612146125,False,,False,,False,,BULL_2017
ECL,yfinance,STOCH_ONLY_CONTROL,2017-09-15,2017-09-18,119.33126972771636,GREEN,2017-09-12,117.31451405726241,1.7191015848810887,True,9.0,2.9148775374479907,-2.6097033181518348,0.7172578131970919,-2.6097033181518348,0.33575125577169906,-0.3052248693259041,0.7706598382228202,2.5944192875130057,False,,False,,False,,BULL_2017
ECL,yfinance,V0.1,2017-09-15,2017-09-18,119.33126972771636,GREEN,2017-09-12,117.31451405726241,1.7191015848810887,True,9.0,2.9148775374479907,-2.6097033181518348,0.7172578131970919,-2.6097033181518348,0.33575125577169906,-0.3052248693259041,0.7706598382228202,2.5944192875130057,False,,False,,False,,BULL_2017
MCD,yfinance,STOCH_ONLY_CONTROL,2017-09-15,2017-09-18,128.36421243116328,GREEN,2017-09-14,127.00502812871665,1.0701814900345052,True,6.0,5.0849628925111245,-2.8214836767582074,1.5026749314370091,-2.8214836767582074,-0.9256848565418863,-0.48187383768141245,1.5216561509451498,4.622110383358891,False,,False,,False,,BULL_2017
VFC,yfinance,STOCH_ONLY_CONTROL,2017-09-26,2017-09-27,45.511029809665025,GREEN,2017-09-19,44.83371409266034,1.5107285459438957,False,,15.138397379835023,-0.8321346860527323,15.138397379835023,-0.8321346860527323,3.87259371798514,2.976440939504865,4.128652935398902,14.018226697223856,True,2.0,True,4.0,True,7.0,BULL_2017
BCR,legacy_fallback,STOCH_ONLY_CONTROL,2017-09-28,2017-09-29,319.19,GREEN,2017-09-19,317.34,0.5829709459885368,False,,3.483818415363893,-0.05325981390394974,3.483818415363893,-0.05325981390394974,0.880353394529898,1.3126977662207384,3.436824461919241,2.7883079043829584,True,13.0,True,15.0,False,,BULL_2017
BCR,legacy_fallback,V0.1,2017-09-28,2017-09-29,319.19,GREEN,2017-09-19,317.34,0.5829709459885368,False,,3.483818415363893,-0.05325981390394974,3.483818415363893,-0.05325981390394974,0.880353394529898,1.3126977662207384,3.436824461919241,2.7883079043829584,True,13.0,True,15.0,False,,BULL_2017
BDX,yfinance,STOCH_ONLY_CONTROL,2017-09-29,2017-10-02,131.83302476202894,GREEN,2017-09-15,128.2311501629836,2.8088920628625003,False,,9.044743852811976,-1.9602506987992485,9.044743852811976,-1.9602506987992485,0.11685315110776529,1.985702311190285,7.1707937206727745,5.962155906332467,True,9.0,True,11.0,True,12.0,BULL_2017
BDX,yfinance,V0.1,2017-09-29,2017-10-02,131.83302476202894,GREEN,2017-09-15,128.2311501629836,2.8088920628625003,False,,9.044743852811976,-1.9602506987992485,9.044743852811976,-1.9602506987992485,0.11685315110776529,1.985702311190285,7.1707937206727745,5.962155906332467,True,9.0,True,11.0,True,12.0,BULL_2017
PG,yfinance,STOCH_ONLY_CONTROL,2017-10-02,2017-10-03,72.24060150602227,GREEN,2017-09-25,70.9679836339138,1.7932281670467454,True,13.0,1.6855060409129319,-6.087039102523207,1.6855060409129319,-4.038328896100863,-0.369713331384669,0.9134484735112469,-4.706614145537092,-5.407785995104986,False,,False,,False,,BULL_2017
JNJ,yfinance,STOCH_ONLY_CONTROL,2017-10-03,2017-10-04,104.09083943429269,GREEN,2017-09-26,101.45713012074903,2.595883907231711,False,,9.025743704350809,-0.22657689335189302,9.025743704350809,-0.22657689335189302,3.2099892256662654,6.253755201994826,7.52269160869079,5.7250891140463445,True,5.0,True,5.0,True,9.0,BULL_2017
WMT,yfinance,STOCH_ONLY_CONTROL,2017-10-03,2017-10-04,23.035051821218143,GREEN,2017-10-02,22.520709002378357,2.283866013212399,False,,12.413246703120805,-1.2867662568304183,12.413246703120805,-1.2867662568304183,8.149371937995674,8.767497236315736,11.618536106760402,10.9373073952443,True,3.0,True,4.0,True,4.0,BULL_2017
ED,yfinance,STOCH_ONLY_CONTROL,2017-10-04,2017-10-05,59.77888774224981,GREEN,2017-09-20,58.48523305145258,2.2119338904901475,False,,6.149929291307243,-0.8558109742190179,6.149929291307243,-0.8558109742190179,2.1274081333579886,3.7290747622555465,4.536046930918802,6.1254805208047935,True,5.0,True,10.0,True,15.0,BULL_2017
ED,yfinance,V0.1,2017-10-04,2017-10-05,59.77888774224981,GREEN,2017-09-20,58.48523305145258,2.2119338904901475,False,,6.149929291307243,-0.8558109742190179,6.149929291307243,-0.8558109742190179,2.1274081333579886,3.7290747622555465,4.536046930918802,6.1254805208047935,True,5.0,True,10.0,True,15.0,BULL_2017
MDT,yfinance,V0.1,2017-10-04,2017-10-05,62.826966690857255,GREEN,2017-09-22,60.94481759574458,3.08828407297439,True,2.0,2.922993635712867,-3.590811642950953,0.6173590107260374,-3.590811642950953,-1.8268950282830487,-1.1213453654427052,1.3480905980014057,-1.8898894496524599,False,,False,,False,,BULL_2017
PEP,yfinance,STOCH_ONLY_CONTROL,2017-10-05,2017-10-06,84.00815541117566,GREEN,2017-09-21,80.97326564124147,3.7480145402317255,False,,3.140613332069986,-0.8986222703675439,3.140613332069986,-0.8986222703675439,2.2238166677009508,1.307070433013302,0.3902969531332179,0.04535465358193047,True,4.0,True,6.0,False,,BULL_2017
PEP,yfinance,V0.1,2017-10-05,2017-10-06,84.00815541117566,GREEN,2017-09-21,80.97326564124147,3.7480145402317255,False,,3.140613332069986,-0.8986222703675439,3.140613332069986,-0.8986222703675439,2.2238166677009508,1.307070433013302,0.3902969531332179,0.04535465358193047,True,4.0,True,6.0,False,,BULL_2017
TGT,yfinance,STOCH_ONLY_CONTROL,2017-10-10,2017-10-11,44.53491888592498,GREEN,2017-10-09,42.97823693520622,3.622023753709591,False,,10.088226751151597,-0.7094501032673728,10.088226751151597,-0.7094501032673728,3.8760703162460164,7.146531403451761,1.8515317980025037,1.0036455826943458,True,0.0,True,0.0,True,2.0,BULL_2017
CLX,yfinance,STOCH_ONLY_CONTROL,2017-10-11,2017-10-12,99.11420967174494,GREEN,2017-10-09,96.76844893343151,2.4240966597770974,True,12.0,1.6984464692574308,-4.330545738857872,1.2944080847418826,-4.330545738857872,-0.33700531809820466,-1.4239958355174331,-0.32922306578884175,0.7501468484787832,False,,False,,False,,BULL_2017
CLX,yfinance,V0.1,2017-10-11,2017-10-12,99.11420967174494,GREEN,2017-10-09,96.76844893343151,2.4240966597770974,True,12.0,1.6984464692574308,-4.330545738857872,1.2944080847418826,-4.330545738857872,-0.33700531809820466,-1.4239958355174331,-0.32922306578884175,0.7501468484787832,False,,False,,False,,BULL_2017
GD,yfinance,STOCH_ONLY_CONTROL,2017-10-30,2017-10-31,169.84859840695057,GREEN,2017-10-27,167.98846181215495,1.1073002126036569,True,0.0,0.0,-4.191692486542198,0.0,-1.6621476664205104,-1.259916034268771,-2.9753648509280306,-3.033507740382968,-1.0612312161004778,False,,False,,False,,BULL_2017
ECL,yfinance,STOCH_ONLY_CONTROL,2017-11-01,2017-11-02,119.60445187728966,GREEN,2017-10-31,117.60110821355907,1.7035074704335296,False,,4.13397302675278,-1.5988084811345171,4.13397302675278,-1.5988084811345171,-0.8374780612663169,0.487212372945689,1.1496118103189845,2.695080794138849,True,17.0,True,19.0,False,,BULL_2017
CL,yfinance,STOCH_ONLY_CONTROL,2017-11-02,2017-11-03,57.62757052563538,GREEN,2017-10-23,56.06063726703235,2.795068581078186,False,,5.142291393877474,-1.732898602038213,5.142291393877474,-1.732898602038213,3.1417415168380147,1.2820329524708907,1.4370235602002346,4.987317299642746,True,3.0,True,3.0,True,20.0,BULL_2017
CL,yfinance,V0.1,2017-11-02,2017-11-03,57.62757052563538,GREEN,2017-10-23,56.06063726703235,2.795068581078186,False,,5.142291393877474,-1.732898602038213,5.142291393877474,-1.732898602038213,3.1417415168380147,1.2820329524708907,1.4370235602002346,4.987317299642746,True,3.0,True,3.0,True,20.0,BULL_2017
MHFI,yfinance,STOCH_ONLY_CONTROL,2017-11-02,2017-11-03,136.81355849973517,GREEN,2017-11-01,136.02550182272256,0.5793448040644966,False,,8.437817209385257,-0.9856639334311801,8.437817209385257,-0.9856639334311801,0.44805570093273683,2.7842146942555823,5.4862248964102855,7.449684751070973,True,1.0,True,9.0,True,12.0,BULL_2017
PEP,yfinance,STOCH_ONLY_CONTROL,2017-11-02,2017-11-03,83.98525307801276,GREEN,2017-11-01,83.52774832205299,0.5477278690618981,True,1.0,8.062499940784583,-0.898823929721615,0.4630489731765941,-0.8625120802602471,2.369732750718878,4.122040011295902,5.184319965935158,7.3859684587678,False,,False,,False,,BULL_2017
PEP,yfinance,V0.1,2017-11-02,2017-11-03,83.98525307801276,GREEN,2017-11-01,83.52774832205299,0.5477278690618981,True,1.0,8.062499940784583,-0.898823929721615,0.4630489731765941,-0.8625120802602471,2.369732750718878,4.122040011295902,5.184319965935158,7.3859684587678,False,,False,,False,,BULL_2017
TROW,yfinance,STOCH_ONLY_CONTROL,2017-11-02,2017-11-03,67.80196474428172,GREEN,2017-11-01,66.1562937882948,2.4875501055926508,False,,9.592703773073087,-4.020671399512976,9.592703773073087,-4.020671399512976,-1.2557543313663655,1.2874722719982579,3.387520414758405,8.505716834319044,True,12.0,True,12.0,True,16.0,BULL_2017
ABT,yfinance,STOCH_ONLY_CONTROL,2017-11-03,2017-11-06,47.1884681390301,GREEN,2017-11-01,45.729819335230985,3.18971040122904,False,,2.4584152006750237,-1.7715112476456074,2.4584152006750237,-1.7715112476456074,-0.036157873876097035,-0.05423361022084405,1.2653598146322942,-0.9580608472623431,True,14.0,False,,False,,BULL_2017
ABT,yfinance,V0.1,2017-11-03,2017-11-06,47.1884681390301,GREEN,2017-11-01,45.729819335230985,3.18971040122904,False,,2.4584152006750237,-1.7715112476456074,2.4584152006750237,-1.7715112476456074,-0.036157873876097035,-0.05423361022084405,1.2653598146322942,-0.9580608472623431,True,14.0,False,,False,,BULL_2017
CINF,yfinance,STOCH_ONLY_CONTROL,2017-11-03,2017-11-06,57.37238521074217,GREEN,2017-10-30,55.57205905087865,3.2396247153902324,False,,5.988464268431315,-0.38705943250126884,5.988464268431315,-0.38705943250126884,1.3270994227832844,1.5068222401475762,2.6403526000100763,3.51132009139683,True,1.0,True,7.0,True,17.0,BULL_2017
CINF,yfinance,V0.1,2017-11-03,2017-11-06,57.37238521074217,GREEN,2017-10-30,55.57205905087865,3.2396247153902324,False,,5.988464268431315,-0.38705943250126884,5.988464268431315,-0.38705943250126884,1.3270994227832844,1.5068222401475762,2.6403526000100763,3.51132009139683,True,1.0,True,7.0,True,17.0,BULL_2017
CTAS,yfinance,STOCH_ONLY_CONTROL,2017-11-03,2017-11-06,33.630813205097844,GREEN,2017-11-01,33.06972556792586,1.6966806574173265,False,,9.036080494653142,-1.3977232811178353,9.036080494653142,-1.3977232811178353,0.6166446062980446,1.2312349841246073,3.81236030805141,6.714431957220479,True,6.0,True,15.0,True,16.0,BULL_2017
KO,yfinance,STOCH_ONLY_CONTROL,2017-11-03,2017-11-06,35.021665393637754,GREEN,2017-11-01,34.80807535381289,0.6136220910055723,True,0.0,3.4197319865982845,-1.5247447203668996,0.02177809097458905,-1.0673092574501997,1.7643230237057494,-0.9801895528009141,-0.1742614294202749,1.5884544538976142,False,,False,,False,,BULL_2017
LOW,yfinance,STOCH_ONLY_CONTROL,2017-11-03,2017-11-06,66.53307781983054,GREEN,2017-10-31,64.02672676583832,3.914538788088562,False,,13.07625644018071,-1.494056231100449,13.07625644018071,-1.494056231100449,-0.9959904271049758,4.022469505099746,4.303412717319377,10.215822483737114,True,9.0,True,10.0,True,16.0,BULL_2017
BEN,yfinance,STOCH_ONLY_CONTROL,2017-11-06,2017-11-07,26.611414490253516,GREEN,2017-10-30,26.256097942965233,1.353272478112011,True,0.0,5.176865009484555,-5.785877730254574,0.3513739299702445,-2.365889796260845,-4.357011950970701,-2.6001440862519765,1.0307070887833447,3.74795744444425,False,,False,,False,,BULL_2017
BEN,yfinance,V0.1,2017-11-06,2017-11-07,26.611414490253516,GREEN,2017-10-30,26.256097942965233,1.353272478112011,True,0.0,5.176865009484555,-5.785877730254574,0.3513739299702445,-2.365889796260845,-4.357011950970701,-2.6001440862519765,1.0307070887833447,3.74795744444425,False,,False,,False,,BULL_2017
GD,yfinance,V0.1,2017-11-06,2017-11-07,166.56458249794025,GREEN,2017-11-01,165.05837942780295,0.9125274798884808,True,2.0,2.7079091335851624,-2.3027194445484733,0.7856893318242797,-1.8629196540156823,-1.0624104844172866,-1.1216997290643183,0.8894625378266907,-1.0673756838299409,False,,False,,False,,BULL_2017
ADP,yfinance,STOCH_ONLY_CONTROL,2017-11-08,2017-11-09,92.61951941747311,GREEN,2017-11-06,90.47018568126481,2.3757370674363454,False,,4.685834345366646,-2.2581040167163446,4.685834345366646,-2.2581040167163446,-0.9014927582198573,-1.802914270877487,1.526252157722685,4.118142758916488,True,13.0,True,16.0,False,,BULL_2017
PG,yfinance,STOCH_ONLY_CONTROL,2017-11-08,2017-11-09,69.13333109862839,GREEN,2017-10-24,67.60584559645244,2.259398560434689,False,,5.220377933804765,-0.057235744976114056,5.220377933804765,-0.057235744976114056,2.175161340856424,1.2593139302194079,3.4459190736576772,3.4573742015931996,True,2.0,True,14.0,True,16.0,BULL_2017
SYY,yfinance,STOCH_ONLY_CONTROL,2017-11-09,2017-11-10,43.02230975615286,GREEN,2017-11-08,41.94574410600017,2.566567057273139,False,,16.385504958890618,-0.5560820695788005,16.385504958890618,-0.5560820695788005,1.7423472949088303,2.2428154450013116,10.34287511967622,14.884142780152487,True,5.0,True,11.0,True,12.0,BULL_2017
TGT,yfinance,STOCH_ONLY_CONTROL,2017-11-09,2017-11-10,46.16865313091109,GREEN,2017-11-01,44.07253060272713,4.756074814669842,True,3.0,6.417006974805428,-8.86253182536163,3.405134193012871,-8.86253182536163,-1.9479353261787846,-5.826877609023551,5.506334435489513,4.157138197438304,True,0.0,True,1.0,False,,BULL_2017
DOV,yfinance,STOCH_ONLY_CONTROL,2017-11-16,2017-11-17,66.05083995041451,GREEN,2017-11-13,64.87122722208687,1.8183912634938126,False,,6.990853912735107,-0.4705423898745509,6.990853912735107,-0.4705423898745509,0.9517771692141297,4.820137102916355,4.003403767018421,6.6792138261457135,True,6.0,True,6.0,True,8.0,BULL_2017
MMM,yfinance,STOCH_ONLY_CONTROL,2017-11-16,2017-11-17,142.23034747725623,GREEN,2017-11-14,140.7422920882829,1.0572908589835395,False,,7.456196534488235,-0.30206006256907614,7.456196534488235,-0.30206006256907614,2.9551636031068806,5.2694988136322785,5.287082371372964,4.8999007979371845,True,1.0,True,2.0,True,8.0,BULL_2017
GPC,yfinance,STOCH_ONLY_CONTROL,2017-11-17,2017-11-20,66.51188093223497,GREEN,2017-10-23,65.41532124077501,1.6763040686200048,False,,11.063481681278242,-0.9984813084592536,11.063481681278242,-0.9984813084592536,3.7269386281973516,9.323137982361063,8.443906959837255,8.771338786816262,True,5.0,True,5.0,True,6.0,BULL_2017
GPC,yfinance,V0.1,2017-11-17,2017-11-20,66.51188093223497,GREEN,2017-10-23,65.41532124077501,1.6763040686200048,False,,11.063481681278242,-0.9984813084592536,11.063481681278242,-0.9984813084592536,3.7269386281973516,9.323137982361063,8.443906959837255,8.771338786816262,True,5.0,True,5.0,True,6.0,BULL_2017
PNR,yfinance,STOCH_ONLY_CONTROL,2017-11-17,2017-11-20,40.43923689488865,GREEN,2017-11-07,39.63786916892687,2.0217225162799446,False,,4.56066515290634,-0.9179705783571412,4.56066515290634,-0.9179705783571412,1.0053924674483072,-0.11656852444235088,1.529942105714155,0.8159840802535179,True,1.0,True,7.0,False,,BULL_2017
PNR,yfinance,V0.1,2017-11-17,2017-11-20,40.43923689488865,GREEN,2017-11-07,39.63786916892687,2.0217225162799446,False,,4.56066515290634,-0.9179705783571412,4.56066515290634,-0.9179705783571412,1.0053924674483072,-0.11656852444235088,1.529942105714155,0.8159840802535179,True,1.0,True,7.0,False,,BULL_2017
EMR,yfinance,STOCH_ONLY_CONTROL,2017-11-20,2017-11-21,49.2611131123045,GREEN,2017-11-02,46.918060581858946,4.993924517313708,False,,15.578381656402684,-0.5303276334355456,15.578381656402684,-0.5303276334355456,5.850199078394525,7.275443399285941,11.368909815655549,14.285708880857095,True,1.0,True,3.0,True,4.0,BULL_2017
EMR,yfinance,V0.1,2017-11-20,2017-11-21,49.2611131123045,GREEN,2017-11-02,46.918060581858946,4.993924517313708,False,,15.578381656402684,-0.5303276334355456,15.578381656402684,-0.5303276334355456,5.850199078394525,7.275443399285941,11.368909815655549,14.285708880857095,True,1.0,True,3.0,True,4.0,BULL_2017
PPG,yfinance,STOCH_ONLY_CONTROL,2017-11-20,2017-11-21,97.59807795209497,GREEN,2017-11-10,95.60576561940067,2.0838830375832673,False,,2.863090928126888,-2.032676750713236,2.863090928126888,-2.032676750713236,1.2109692168419173,0.5016873355550677,0.5535854378085014,0.4757421930066119,True,6.0,False,,False,,BULL_2017
PPG,yfinance,V0.1,2017-11-20,2017-11-21,97.59807795209497,GREEN,2017-11-10,95.60576561940067,2.0838830375832673,False,,2.863090928126888,-2.032676750713236,2.863090928126888,-2.032676750713236,1.2109692168419173,0.5016873355550677,0.5535854378085014,0.4757421930066119,True,6.0,False,,False,,BULL_2017
XOM,yfinance,STOCH_ONLY_CONTROL,2017-11-22,2017-11-24,55.370335957065045,GREEN,2017-11-16,54.39811299168594,1.7872365637530363,False,,3.474954364810623,-0.5156713896106169,3.474954364810623,-0.5156713896106169,2.4803418353987805,1.4980339694159905,1.952370820056104,3.106597374847664,True,4.0,True,5.0,False,,BULL_2017
XOM,yfinance,V0.1,2017-11-22,2017-11-24,55.370335957065045,GREEN,2017-11-16,54.39811299168594,1.7872365637530363,False,,3.474954364810623,-0.5156713896106169,3.474954364810623,-0.5156713896106169,2.4803418353987805,1.4980339694159905,1.952370820056104,3.106597374847664,True,4.0,True,5.0,False,,BULL_2017
JNJ,yfinance,STOCH_ONLY_CONTROL,2017-11-27,2017-11-28,109.39520232510117,GREEN,2017-11-16,107.39285290623587,1.8645090103095896,False,,3.9768302692091195,-0.03615549577327126,3.9768302692091195,-0.03615549577327126,0.9905818264660304,3.109184646378549,2.516227763399148,1.64134053304561,True,4.0,True,10.0,False,,BULL_2017
JNJ,yfinance,V0.1,2017-11-27,2017-11-28,109.39520232510117,GREEN,2017-11-16,107.39285290623587,1.8645090103095896,False,,3.9768302692091195,-0.03615549577327126,3.9768302692091195,-0.03615549577327126,0.9905818264660304,3.109184646378549,2.516227763399148,1.64134053304561,True,4.0,True,10.0,False,,BULL_2017
ADP,yfinance,V0.1,2017-11-28,2017-11-29,91.87551535304559,GREEN,2017-11-17,90.52807432924378,1.4884233800238178,False,,8.01008416000164,-0.28792486645814463,8.01008416000164,-0.28792486645814463,4.300873811484607,5.865964216651642,6.625934842152792,6.128364092033656,True,0.0,True,0.0,True,3.0,BULL_2017
APD,yfinance,STOCH_ONLY_CONTROL,2017-12-11,2017-12-12,132.0423120017694,GREEN,2017-12-08,129.48812876115645,1.972523091536993,False,,4.994987358162817,-2.0506871172826457,4.994987358162817,-2.0506871172826457,-0.5141946149920473,0.18979595863184429,2.852341003366554,4.65019795450341,True,14.0,True,15.0,False,,BULL_2017
ABT,yfinance,STOCH_ONLY_CONTROL,2017-12-12,2017-12-13,47.48702682502442,GREEN,2017-12-06,46.33545361572807,2.4852960733839913,False,,7.059474485558348,-1.8681694779896452,7.059474485558348,-1.8681694779896452,2.425001529110027,3.215349609984197,5.963694166294609,6.199683591333116,True,4.0,True,9.0,True,12.0,BULL_2017
ABT,yfinance,V0.1,2017-12-12,2017-12-13,47.48702682502442,GREEN,2017-12-06,46.33545361572807,2.4852960733839913,False,,7.059474485558348,-1.8681694779896452,7.059474485558348,-1.8681694779896452,2.425001529110027,3.215349609984197,5.963694166294609,6.199683591333116,True,4.0,True,9.0,True,12.0,BULL_2017
FRT,yfinance,STOCH_ONLY_CONTROL,2017-12-13,2017-12-14,92.85288553713495,GREEN,2017-12-07,91.34888870364448,1.6464314507095512,True,5.0,2.8228250604861005,-6.5247177755238805,2.1596809521570837,-1.6957947367541082,-1.6577695947928683,1.7577922755357411,-0.4641536092967913,-6.486405895399727,True,2.0,False,,False,,BULL_2017
FRT,yfinance,V0.1,2017-12-13,2017-12-14,92.85288553713495,GREEN,2017-12-07,91.34888870364448,1.6464314507095512,True,5.0,2.8228250604861005,-6.5247177755238805,2.1596809521570837,-1.6957947367541082,-1.6577695947928683,1.7577922755357411,-0.4641536092967913,-6.486405895399727,True,2.0,False,,False,,BULL_2017
BDX,yfinance,STOCH_ONLY_CONTROL,2017-12-15,2017-12-18,148.89345841981444,GREEN,2017-12-06,145.70230080486064,2.190190269697734,True,7.0,4.836886583116362,-3.4652355079375363,0.5684599735138463,-3.361492353718354,-2.0800486973329813,-0.7399832595587852,1.3220011584892388,4.7331103575991795,False,,False,,False,,BULL_2017
BDX,yfinance,V0.1,2017-12-15,2017-12-18,148.89345841981444,GREEN,2017-12-06,145.70230080486064,2.190190269697734,True,7.0,4.836886583116362,-3.4652355079375363,0.5684599735138463,-3.361492353718354,-2.0800486973329813,-0.7399832595587852,1.3220011584892388,4.7331103575991795,False,,False,,False,,BULL_2017
GD,yfinance,STOCH_ONLY_CONTROL,2017-12-19,2017-12-20,164.6797682606178,GREEN,2017-12-12,161.0664749686054,2.243355293344984,False,,5.832669271154911,-0.28986695531834084,5.832669271154911,-0.28986695531834084,1.8892155633375651,2.3090552306588963,5.252899335261896,4.479238354433179,True,6.0,True,10.0,True,15.0,BULL_2017
GD,yfinance,V0.1,2017-12-19,2017-12-20,164.6797682606178,GREEN,2017-12-12,161.0664749686054,2.243355293344984,False,,5.832669271154911,-0.28986695531834084,5.832669271154911,-0.28986695531834084,1.8892155633375651,2.3090552306588963,5.252899335261896,4.479238354433179,True,6.0,True,10.0,True,15.0,BULL_2017
SWK,yfinance,STOCH_ONLY_CONTROL,2017-12-19,2017-12-20,132.892417327653,GREEN,2017-12-14,129.3238347902123,2.7594159601202817,False,,4.237474021999388,-1.4223747673385856,4.237474021999388,-1.4223747673385856,0.3482111740241933,0.6728090521208152,2.34889149489681,3.4171250848762824,True,11.0,True,12.0,False,,BULL_2017
SWK,yfinance,V0.1,2017-12-19,2017-12-20,132.892417327653,GREEN,2017-12-14,129.3238347902123,2.7594159601202817,False,,4.237474021999388,-1.4223747673385856,4.237474021999388,-1.4223747673385856,0.3482111740241933,0.6728090521208152,2.34889149489681,3.4171250848762824,True,11.0,True,12.0,False,,BULL_2017
PNR,yfinance,STOCH_ONLY_CONTROL,2017-12-20,2017-12-21,41.275950033035045,GREEN,2017-12-18,40.38031408173816,2.2180014486363975,False,,6.837962893403682,-1.2847890109354942,6.837962893403682,-1.2847890109354942,0.81370037091546,3.6259940501859544,5.010694975195862,4.453960695070669,True,6.0,True,8.0,True,12.0,BULL_2017
PNR,yfinance,V0.1,2017-12-20,2017-12-21,41.275950033035045,GREEN,2017-12-18,40.38031408173816,2.2180014486363975,False,,6.837962893403682,-1.2847890109354942,6.837962893403682,-1.2847890109354942,0.81370037091546,3.6259940501859544,5.010694975195862,4.453960695070669,True,6.0,True,8.0,True,12.0,BULL_2017
AFL,yfinance,STOCH_ONLY_CONTROL,2017-12-27,2017-12-28,36.103166912001164,GREEN,2017-12-26,35.78315742833294,0.8943019751936232,True,10.0,4.238659608479112,-4.8863443027985065,4.238659608479112,-4.8863443027985065,1.9659437777775235,-3.4772468136746393,-0.3522483282525246,1.7613629202669845,True,4.0,True,7.0,False,,BULL_2017
AFL,yfinance,V0.1,2017-12-27,2017-12-28,36.103166912001164,GREEN,2017-12-26,35.78315742833294,0.8943019751936232,True,10.0,4.238659608479112,-4.8863443027985065,4.238659608479112,-4.8863443027985065,1.9659437777775235,-3.4772468136746393,-0.3522483282525246,1.7613629202669845,True,4.0,True,7.0,False,,BULL_2017
MCD,yfinance,STOCH_ONLY_CONTROL,2017-12-27,2017-12-28,141.85245272113937,GREEN,2017-12-26,139.85478850065022,1.4283845708149334,False,,3.139796484352253,-0.7734289843113973,3.139796484352253,-0.7734289843113973,0.4559449401202009,0.1789249893273448,1.7026476651208489,2.6030351136187013,True,15.0,True,20.0,False,,BULL_2017
ECL,yfinance,STOCH_ONLY_CONTROL,2017-12-28,2017-12-29,123.32936028799962,GREEN,2017-12-22,121.67620279039788,1.3586530970641109,False,,4.0509682110888345,-1.199701945556253,4.0509682110888345,-1.199701945556253,1.2367755512658896,1.473774862057864,2.021785118794006,1.8884911784208924,True,9.0,True,13.0,False,,BULL_2017
ECL,yfinance,V0.1,2017-12-28,2017-12-29,123.32936028799962,GREEN,2017-12-22,121.67620279039788,1.3586530970641109,False,,4.0509682110888345,-1.199701945556253,4.0509682110888345,-1.199701945556253,1.2367755512658896,1.473774862057864,2.021785118794006,1.8884911784208924,True,9.0,True,13.0,False,,BULL_2017
MHFI,yfinance,STOCH_ONLY_CONTROL,2017-12-28,2017-12-29,149.454985532739,GREEN,2017-12-27,147.269119956238,1.4842660682365283,False,,8.863390087878976,-1.3510176861374457,8.863390087878976,-1.3510176861374457,4.070423837133785,3.277483335949549,7.447797419051838,5.926543323856337,True,3.0,True,4.0,True,12.0,BULL_2017
MHFI,yfinance,V0.1,2017-12-28,2017-12-29,149.454985532739,GREEN,2017-12-27,147.269119956238,1.4842660682365283,False,,8.863390087878976,-1.3510176861374457,8.863390087878976,-1.3510176861374457,4.070423837133785,3.277483335949549,7.447797419051838,5.926543323856337,True,3.0,True,4.0,True,12.0,BULL_2017
MMM,yfinance,STOCH_ONLY_CONTROL,2017-12-28,2017-12-29,147.98548888282653,GREEN,2017-12-21,146.60881053848996,0.939014742210964,False,,9.84857227451652,-1.55192762533094,9.84857227451652,-1.55192762533094,1.3996878094461485,3.4928937140221272,4.156788301784786,6.368374838508584,True,6.0,True,9.0,True,11.0,BULL_2017
MMM,yfinance,V0.1,2017-12-28,2017-12-29,147.98548888282653,GREEN,2017-12-21,146.60881053848996,0.939014742210964,False,,9.84857227451652,-1.55192762533094,9.84857227451652,-1.55192762533094,1.3996878094461485,3.4928937140221272,4.156788301784786,6.368374838508584,True,6.0,True,9.0,True,11.0,BULL_2017
