ticker,signal_type,signal_date,entry_date,entry_open,regime,swing_start,swing_low,swing_distance_pct,stop_hit_20d,days_to_stop,mfe_20d_pct,mae_20d_pct,mfe_before_stop_pct,mae_before_stop_pct,ret_5d_pct,ret_10d_pct,ret_15d_pct,ret_20d_pct,hit_2pct_before_stop,days_to_2pct,hit_3pct_before_stop,days_to_3pct,hit_5pct_before_stop,days_to_5pct
ABT,STOCH_ONLY_CONTROL,2007-08-01,2007-08-02,20.72,GREEN,2007-07-26,20.072,3.228377839776808,False,,11.192084942084946,-1.6505791505791456,11.192084942084946,-1.6505791505791456,7.326254826254841,1.3175675675675569,1.9015444015444194,0.419884169884166,True,2.0,True,2.0,True,3.0
ABT,V0.1,2007-08-01,2007-08-02,20.72,GREEN,2007-07-26,20.072,3.228377839776808,False,,11.192084942084946,-1.6505791505791456,11.192084942084946,-1.6505791505791456,7.326254826254841,1.3175675675675569,1.9015444015444194,0.419884169884166,True,2.0,True,2.0,True,3.0
ADP,STOCH_ONLY_CONTROL,2007-08-01,2007-08-02,34.697,GREEN,2007-07-24,33.311,4.160787727777615,False,,4.579646655330438,-3.7496037121365067,4.579646655330438,-3.7496037121365067,1.1931867308412558,-0.7781652592443233,-0.37755425541112775,-2.510303484451115,True,1.0,True,3.0,False,
ADP,V0.1,2007-08-01,2007-08-02,34.697,GREEN,2007-07-24,33.311,4.160787727777615,False,,4.579646655330438,-3.7496037121365067,4.579646655330438,-3.7496037121365067,1.1931867308412558,-0.7781652592443233,-0.37755425541112775,-2.510303484451115,True,1.0,True,3.0,False,
FITB,STOCH_ONLY_CONTROL,2007-08-01,2007-08-02,31.348,GREEN,2007-07-24,30.444,2.9693864144002102,True,18.0,11.005486793415864,-5.4676534388158675,11.005486793415864,-4.89664412402705,4.10552507336992,-1.891667729998725,-0.20734975118029686,-4.497894602526475,True,0.0,True,2.0,True,3.0
KO,STOCH_ONLY_CONTROL,2007-08-01,2007-08-02,21.683,GREEN,2007-07-31,21.227,2.1482074716163257,False,,6.940921459207661,-0.6226075727528535,6.940921459207661,-0.6226075727528535,5.059263017110194,0.4058478992759351,1.5449891620163303,0.4473550707927876,True,1.0,True,3.0,True,4.0
PPG,STOCH_ONLY_CONTROL,2007-08-01,2007-08-02,35.216,GREEN,2007-07-30,33.696,4.5109211775878455,True,5.0,0.8632439800090985,-14.198091776465239,0.8632439800090985,-8.88232621535665,-8.6579963652885,-9.717174011812812,-7.908337119491149,-6.993980009086787,False,,False,,False,
STT,STOCH_ONLY_CONTROL,2007-08-01,2007-08-02,59.961,GREEN,2007-07-27,57.134,4.948016942626099,True,9.0,7.137973015793597,-13.133536798919298,7.137973015793597,-8.904121011991128,3.657377295241915,-8.817397975350637,-6.4491919747836075,-12.616534080485643,True,3.0,True,3.0,True,4.0
WMT,STOCH_ONLY_CONTROL,2007-08-02,2007-08-03,39.697,GREEN,2007-07-27,38.653,2.700954647763454,True,7.0,3.6778597878932784,-8.096329697458259,3.6778597878932784,-6.806559689649106,-1.3502279769252112,-6.872055822858158,-6.343048593092682,-6.574804141370882,True,3.0,True,3.0,False,
WMT,V0.1,2007-08-02,2007-08-03,39.697,GREEN,2007-07-27,38.653,2.700954647763454,True,7.0,3.6778597878932784,-8.096329697458259,3.6778597878932784,-6.806559689649106,-1.3502279769252112,-6.872055822858158,-6.343048593092682,-6.574804141370882,True,3.0,True,3.0,False,
TGT,STOCH_ONLY_CONTROL,2007-08-03,2007-08-06,50.126,YELLOW,2007-07-26,48.781,2.7572210491789706,True,7.0,9.5439492478953,-7.638750349120215,9.164904440809174,-4.508638231656226,4.23732194868931,-2.6493237042652384,2.5575549614970328,5.837290029126607,True,0.0,True,1.0,True,2.0
LLY,STOCH_ONLY_CONTROL,2007-08-06,2007-08-07,43.859,GREEN,2007-07-30,42.045,4.31442502081103,False,,5.693244260015051,-3.8669372306710303,5.693244260015051,-3.8669372306710303,-0.5358079299573659,-0.9986547800907464,0.4674069176223705,2.601518502473832,True,0.0,True,1.0,True,2.0
MCD,STOCH_ONLY_CONTROL,2007-08-06,2007-08-07,39.67,GREEN,2007-07-27,38.456,3.1568545870605424,False,,5.87849760524326,-4.812200655407106,5.87849760524326,-4.812200655407106,-1.8351399042097372,-1.0763801361230119,-0.7335518023695586,0.4965969246281787,True,0.0,True,1.0,True,2.0
MCD,V0.1,2007-08-06,2007-08-07,39.67,GREEN,2007-07-27,38.456,3.1568545870605424,False,,5.87849760524326,-4.812200655407106,5.87849760524326,-4.812200655407106,-1.8351399042097372,-1.0763801361230119,-0.7335518023695586,0.4965969246281787,True,0.0,True,1.0,True,2.0
VFC,STOCH_ONLY_CONTROL,2007-08-06,2007-08-07,18.87,GREEN,2007-07-23,17.999,4.839157730985066,True,6.0,5.728669846316903,-11.547429782723906,5.728669846316903,-8.108108108108114,-3.529411764705881,-7.23900370959194,-11.494435612082675,-8.404875463699002,True,0.0,True,0.0,True,0.0
VFC,V0.1,2007-08-06,2007-08-07,18.87,GREEN,2007-07-23,17.999,4.839157730985066,True,6.0,5.728669846316903,-11.547429782723906,5.728669846316903,-8.108108108108114,-3.529411764705881,-7.23900370959194,-11.494435612082675,-8.404875463699002,True,0.0,True,0.0,True,0.0
EMR,STOCH_ONLY_CONTROL,2007-08-07,2007-08-08,39.741,GREEN,2007-07-30,37.892,4.879657975298213,True,1.0,2.2898266274125056,-11.46674718804258,1.6959814800835415,-6.346090938828919,-5.087944440250613,-3.7115321708059756,-1.0669082307943945,-0.24911300671849324,False,,False,,False,
EMR,V0.1,2007-08-07,2007-08-08,39.741,GREEN,2007-07-30,37.892,4.879657975298213,True,1.0,2.2898266274125056,-11.46674718804258,1.6959814800835415,-6.346090938828919,-5.087944440250613,-3.7115321708059756,-1.0669082307943945,-0.24911300671849324,False,,False,,False,
GE,STOCH_ONLY_CONTROL,2007-08-07,2007-08-08,31.802,GREEN,2007-08-03,30.602,3.9213123325272825,True,4.0,2.4275202817432895,-8.354820451543931,2.4275202817432895,-5.8486887617130945,-6.581347085088984,-0.9087478774919777,-2.003018678070567,-0.2547009622036356,True,0.0,False,,False,
GE,V0.1,2007-08-07,2007-08-08,31.802,GREEN,2007-08-03,30.602,3.9213123325272825,True,4.0,2.4275202817432895,-8.354820451543931,2.4275202817432895,-5.8486887617130945,-6.581347085088984,-0.9087478774919777,-2.003018678070567,-0.2547009622036356,True,0.0,False,,False,
SLM,STOCH_ONLY_CONTROL,2007-08-07,2007-08-08,16.18,GREEN,2007-08-01,15.604,3.6913611894386023,True,3.0,4.153275648949317,-8.992583436341162,4.153275648949317,-5.426452410383186,-5.302843016069225,1.378244746600732,0.6118665018541414,-1.4153275648949304,True,0.0,True,0.0,False,
SLM,V0.1,2007-08-07,2007-08-08,16.18,GREEN,2007-08-01,15.604,3.6913611894386023,True,3.0,4.153275648949317,-8.992583436341162,4.153275648949317,-5.426452410383186,-5.302843016069225,1.378244746600732,0.6118665018541414,-1.4153275648949304,True,0.0,True,0.0,False,
MMM,STOCH_ONLY_CONTROL,2007-08-08,2007-08-09,74.674,GREEN,2007-08-03,73.578,1.4895756883851252,True,1.0,4.105846747194453,-5.337868602190865,0.2611350670916224,-3.5728633794895215,-2.8430243458231863,0.9668693253341187,1.660551195864679,1.1610466829150567,False,,False,,False,
MMM,V0.1,2007-08-08,2007-08-09,74.674,GREEN,2007-08-03,73.578,1.4895756883851252,True,1.0,4.105846747194453,-5.337868602190865,0.2611350670916224,-3.5728633794895215,-2.8430243458231863,0.9668693253341187,1.660551195864679,1.1610466829150567,False,,False,,False,
SVU,STOCH_ONLY_CONTROL,2007-08-08,2007-08-09,265.69,GREEN,2007-07-26,250.43,6.093519147067039,False,,5.62309458391359,-9.462155143212014,5.62309458391359,-9.462155143212014,-5.743535699499414,4.034777372125409,1.3436711957544478,-0.9522375701004782,True,1.0,True,1.0,True,2.0
SVU,V0.1,2007-08-08,2007-08-09,265.69,GREEN,2007-07-26,250.43,6.093519147067039,False,,5.62309458391359,-9.462155143212014,5.62309458391359,-9.462155143212014,-5.743535699499414,4.034777372125409,1.3436711957544478,-0.9522375701004782,True,1.0,True,1.0,True,2.0
SWK,STOCH_ONLY_CONTROL,2007-08-08,2007-08-09,47.743,GREEN,2007-07-26,44.997,6.102629064159837,False,,6.602014955071955,-5.680413882663437,6.602014955071955,-5.680413882663437,-2.0610351255681447,1.2441614477515017,0.4314768657185164,-3.288440190184949,True,1.0,True,1.0,True,6.0
SWK,V0.1,2007-08-08,2007-08-09,47.743,GREEN,2007-07-26,44.997,6.102629064159837,False,,6.602014955071955,-5.680413882663437,6.602014955071955,-5.680413882663437,-2.0610351255681447,1.2441614477515017,0.4314768657185164,-3.288440190184949,True,1.0,True,1.0,True,6.0
SHW,STOCH_ONLY_CONTROL,2007-08-10,2007-08-13,63.222,YELLOW,2007-08-09,58.799,7.522236772734225,False,,3.427604314953636,-9.036411375786912,3.427604314953636,-9.036411375786912,-1.1182816108316729,1.1420075290247134,0.32267248742525734,-2.5639808927272134,True,0.0,True,10.0,False,
GWW,STOCH_ONLY_CONTROL,2007-08-13,2007-08-14,76.297,YELLOW,2007-07-24,73.324,4.054606949975459,True,1.0,7.10381797449442,-8.422349502601678,0.31324953798970157,-5.735481080514293,0.8873219130503207,0.5308203468026296,3.9188958936786644,0.09305739413083547,False,,False,,False,
GWW,V0.1,2007-08-13,2007-08-14,76.297,YELLOW,2007-07-24,73.324,4.054606949975459,True,1.0,7.10381797449442,-8.422349502601678,0.31324953798970157,-5.735481080514293,0.8873219130503207,0.5308203468026296,3.9188958936786644,0.09305739413083547,False,,False,,False,
CB,STOCH_ONLY_CONTROL,2007-08-17,2007-08-20,49.121,YELLOW,2007-08-15,45.528,7.891846775610611,False,,4.159117281814284,-3.1167932248936325,4.159117281814284,-3.1167932248936325,1.7670650027483026,1.107469310478204,-0.1201115612467274,2.080576535493983,True,0.0,True,2.0,False,
CB,V0.1,2007-08-17,2007-08-20,49.121,YELLOW,2007-08-15,45.528,7.891846775610611,False,,4.159117281814284,-3.1167932248936325,4.159117281814284,-3.1167932248936325,1.7670650027483026,1.107469310478204,-0.1201115612467274,2.080576535493983,True,0.0,True,2.0,False,
PPG,V0.1,2007-08-17,2007-08-20,32.35,YELLOW,2007-08-15,30.216,7.06248345247551,False,,4.343122102009267,-3.2364760432766593,4.343122102009267,-3.2364760432766593,0.8964451313755673,1.4188562596599619,-0.06491499227202491,4.275115919629036,True,2.0,True,16.0,False,
TGT,V0.1,2007-08-17,2007-08-20,51.077,YELLOW,2007-08-16,46.297,10.324643065425398,False,,8.923781741292558,-5.7520997709340715,8.923781741292558,-5.7520997709340715,0.6480411927090479,3.8667110441098718,-0.08222879182411269,8.767155471151412,True,2.0,True,2.0,True,9.0
KO,STOCH_ONLY_CONTROL,2007-09-04,2007-09-05,22.079,GREEN,2007-08-29,21.649,1.986234930019859,False,,7.763032746048282,-1.7256216314144646,7.763032746048282,-1.7256216314144646,3.1613750622763837,4.592599302504641,5.933239730060236,6.345396077720911,True,4.0,True,4.0,True,12.0
KO,V0.1,2007-09-04,2007-09-05,22.079,GREEN,2007-08-29,21.649,1.986234930019859,False,,7.763032746048282,-1.7256216314144646,7.763032746048282,-1.7256216314144646,3.1613750622763837,4.592599302504641,5.933239730060236,6.345396077720911,True,4.0,True,4.0,True,12.0
VFC,STOCH_ONLY_CONTROL,2007-09-04,2007-09-05,17.325,GREEN,2007-08-28,16.691,3.7984542567850887,False,,9.339105339105359,-3.84415584415585,9.339105339105359,-3.84415584415585,-0.36940836940837496,5.645021645021653,-0.5714285714285672,3.4054834054834116,True,9.0,True,9.0,True,10.0
VFC,V0.1,2007-09-04,2007-09-05,17.325,GREEN,2007-08-28,16.691,3.7984542567850887,False,,9.339105339105359,-3.84415584415585,9.339105339105359,-3.84415584415585,-0.36940836940837496,5.645021645021653,-0.5714285714285672,3.4054834054834116,True,9.0,True,9.0,True,10.0
ADP,STOCH_ONLY_CONTROL,2007-09-05,2007-09-06,33.884,GREEN,2007-08-28,33.396,1.4612528446520612,True,1.0,3.7598866721756607,-4.311769566757162,1.1244245071420078,-2.7859756817376957,-3.3112973674890855,0.5725416125605065,0.3305394876637946,3.2788336678078123,False,,False,,False,
ADP,V0.1,2007-09-05,2007-09-06,33.884,GREEN,2007-08-28,33.396,1.4612528446520612,True,1.0,3.7598866721756607,-4.311769566757162,1.1244245071420078,-2.7859756817376957,-3.3112973674890855,0.5725416125605065,0.3305394876637946,3.2788336678078123,False,,False,,False,
SHW,STOCH_ONLY_CONTROL,2007-09-13,2007-09-14,62.256,GREEN,2007-09-11,60.882,2.2568246772445066,True,5.0,3.9241197635569325,-7.093292212798763,3.9241197635569325,-3.535402210228733,-2.486507324595222,-2.725841685941921,-2.1042148547931183,-3.6719352351580636,True,2.0,True,3.0,False,
SWK,STOCH_ONLY_CONTROL,2007-09-13,2007-09-14,46.234,GREEN,2007-09-10,45.094,2.5280525125293885,False,,9.07557208980403,-0.44772245533589716,9.07557208980403,-0.44772245533589716,6.019379677293779,4.2328156767746705,5.666825280096899,6.979711900333085,True,2.0,True,2.0,True,2.0
GWW,STOCH_ONLY_CONTROL,2007-09-18,2007-09-19,79.202,GREEN,2007-09-13,75.335,5.133072277162021,False,,6.690487613949148,-0.6552864826645632,6.690487613949148,-0.6552864826645632,1.467134668316472,1.1881013105729643,4.525138254084493,3.0340142925683766,True,0.0,True,8.0,True,12.0
MO,STOCH_ONLY_CONTROL,2007-09-19,2007-09-20,15.423,GREEN,2007-09-11,15.029,2.621598243396095,False,,4.499773066199841,-0.7197043376774959,4.499773066199841,-0.7197043376774959,1.5431498411463407,1.8349218699345027,2.210983595928151,3.5855540426635635,True,7.0,True,17.0,False,
MO,V0.1,2007-09-19,2007-09-20,15.423,GREEN,2007-09-11,15.029,2.621598243396095,False,,4.499773066199841,-0.7197043376774959,4.499773066199841,-0.7197043376774959,1.5431498411463407,1.8349218699345027,2.210983595928151,3.5855540426635635,True,7.0,True,17.0,False,
CTL,STOCH_ONLY_CONTROL,2007-09-20,2007-09-21,29.272,GREEN,2007-09-13,28.368,3.186689227298367,False,,2.02241049467069,-3.344493030882756,2.02241049467069,-3.344493030882756,0.5431811970483924,0.28013118338343634,-0.9121344629680173,-1.6295435911451106,True,6.0,False,,False,
CTL,V0.1,2007-09-20,2007-09-21,29.272,GREEN,2007-09-13,28.368,3.186689227298367,False,,2.02241049467069,-3.344493030882756,2.02241049467069,-3.344493030882756,0.5431811970483924,0.28013118338343634,-0.9121344629680173,-1.6295435911451106,True,6.0,False,,False,
SVU,STOCH_ONLY_CONTROL,2007-09-20,2007-09-21,260.3,GREEN,2007-09-17,256.14,1.624111813851803,True,2.0,0.2766039185555069,-12.604686899731076,0.2766039185555069,-6.661544371878603,-2.6469458317326167,-6.066077602766051,-11.42912024587015,-6.865155589704186,False,,False,,False,
SVU,V0.1,2007-09-27,2007-09-28,254.32,GREEN,2007-09-21,242.96,4.675666776424103,True,1.0,0.9201006605850992,-10.549701163888015,0.4875747090280047,-9.220666876376216,-3.857345077068264,-9.346492607738277,-4.6752123309216636,-0.971217363950927,False,,False,,False,
KMB,STOCH_ONLY_CONTROL,2007-10-22,2007-10-23,55.935,GREEN,2007-10-17,53.432,4.684458751310072,False,,1.4409582551175415,-3.507642799678201,1.4409582551175415,-3.507642799678201,-0.2842585143470133,-0.8688656476267154,-1.21212121212122,-1.7538213998391061,False,,False,,False,
CB,STOCH_ONLY_CONTROL,2007-10-23,2007-10-24,51.502,GREEN,2007-10-19,49.564,3.910096037446542,True,6.0,5.046405964816891,-8.20356491010058,5.046405964816891,-5.269698264145095,0.017475049512638563,-6.223059298668021,-2.083414236340342,-4.376529066832369,True,4.0,True,5.0,True,5.0
CB,V0.1,2007-10-23,2007-10-24,51.502,GREEN,2007-10-19,49.564,3.910096037446542,True,6.0,5.046405964816891,-8.20356491010058,5.046405964816891,-5.269698264145095,0.017475049512638563,-6.223059298668021,-2.083414236340342,-4.376529066832369,True,4.0,True,5.0,True,5.0
JNJ,STOCH_ONLY_CONTROL,2007-10-23,2007-10-24,52.356,GREEN,2007-10-18,51.722,1.225783999071961,False,,5.7204522881808995,-0.9320803728321447,5.7204522881808995,-0.9320803728321447,1.3045305218122083,-0.655130262052106,3.9747115898846275,4.366261746504696,True,12.0,True,13.0,True,17.0
BDX,STOCH_ONLY_CONTROL,2007-10-24,2007-10-25,71.998,GREEN,2007-10-23,70.812,1.6748573688075474,True,5.0,4.766799077752171,-3.745937387149645,3.312592016444893,-1.734770410289188,-1.7111586432956516,-1.211144754020943,1.7556043223422746,1.8778299397205434,True,0.0,True,1.0,False,
BCR,STOCH_ONLY_CONTROL,2007-10-25,2007-10-26,79.064,GREEN,2007-10-16,75.336,4.948497398322171,False,,4.572245269654984,-3.3415966811696785,4.572245269654984,-3.3415966811696785,-1.6138824243650651,1.5342001416573936,3.1341697865020945,-1.0915207932813864,True,9.0,True,11.0,False,
TGT,STOCH_ONLY_CONTROL,2007-10-25,2007-10-26,52.018,GREEN,2007-10-18,49.551,4.9787088050695205,True,4.0,1.3841362605252039,-20.223768695451582,1.3841362605252039,-7.489715098619709,-5.807605059787003,-10.794340420623637,-14.456534276596567,-12.330347187512015,False,,False,,False,
TGT,V0.1,2007-10-25,2007-10-26,52.018,GREEN,2007-10-18,49.551,4.9787088050695205,True,4.0,1.3841362605252039,-20.223768695451582,1.3841362605252039,-7.489715098619709,-5.807605059787003,-10.794340420623637,-14.456534276596567,-12.330347187512015,False,,False,,False,
ADP,STOCH_ONLY_CONTROL,2007-10-29,2007-10-30,35.902,GREEN,2007-10-26,34.241,4.850909728103736,True,14.0,2.448331569271911,-8.350509720906906,2.448331569271911,-5.531725252075104,1.935825302211569,-3.0081889588323696,-5.308896440309729,-6.211353127959452,True,0.0,False,,False,
LLY,STOCH_ONLY_CONTROL,2007-10-30,2007-10-31,42.28,GREEN,2007-10-18,40.687,3.915255487010594,True,5.0,1.0950804162724648,-8.805581835383158,1.0950804162724648,-4.418164616840114,-4.273888363292344,-1.4853358561967789,-8.805581835383158,-1.9252601702932859,False,,False,,False,
LLY,V0.1,2007-10-30,2007-10-31,42.28,GREEN,2007-10-18,40.687,3.915255487010594,True,5.0,1.0950804162724648,-8.805581835383158,1.0950804162724648,-4.418164616840114,-4.273888363292344,-1.4853358561967789,-8.805581835383158,-1.9252601702932859,False,,False,,False,
GWW,STOCH_ONLY_CONTROL,2007-11-06,2007-11-07,76.578,GREEN,2007-10-19,76.076,0.6598664493401518,True,0.0,5.438898900467493,-2.987803285538926,0.0,-1.633628457259273,1.5631121209746857,-2.987803285538926,2.2996160777246644,3.6211444540207305,False,,False,,False,
GWW,V0.1,2007-11-06,2007-11-07,76.578,GREEN,2007-10-19,76.076,0.6598664493401518,True,0.0,5.438898900467493,-2.987803285538926,0.0,-1.633628457259273,1.5631121209746857,-2.987803285538926,2.2996160777246644,3.6211444540207305,False,,False,,False,
PPG,STOCH_ONLY_CONTROL,2007-11-08,2007-11-09,31.474,YELLOW,2007-10-19,31.117,1.1472828357489417,True,0.0,0.619559001080261,-8.076507593569303,0.37808985194127676,-2.011183834275909,-5.439410306920001,-6.55779373451103,-3.1200355849272388,0.3050136620702748,False,,False,,False,
MCD,STOCH_ONLY_CONTROL,2007-11-16,2007-11-19,46.861,YELLOW,2007-11-15,45.532,2.9188263199507958,False,,10.033930133799984,-1.9568511128656985,10.033930133799984,-1.9568511128656985,-0.7276840016218089,3.717376923241078,9.069375386782186,3.365271761166011,True,8.0,True,9.0,True,14.0
MMM,STOCH_ONLY_CONTROL,2007-11-19,2007-11-20,69.654,YELLOW,2007-10-23,67.096,3.81244783593655,False,,8.181870387917423,-1.3452206621299534,8.181870387917423,-1.3452206621299534,1.72710827806013,2.1563729290493105,5.695293881184127,3.5848623194647766,True,5.0,True,7.0,True,12.0
MMM,V0.1,2007-11-19,2007-11-20,69.654,YELLOW,2007-10-23,67.096,3.81244783593655,False,,8.181870387917423,-1.3452206621299534,8.181870387917423,-1.3452206621299534,1.72710827806013,2.1563729290493105,5.695293881184127,3.5848623194647766,True,5.0,True,7.0,True,12.0
GE,STOCH_ONLY_CONTROL,2007-11-28,2007-11-29,30.828,YELLOW,2007-11-21,29.403,4.846444240383629,True,3.0,0.9893603217853819,-5.793434540028541,0.9893603217853819,-5.793434540028541,-2.6956014013234664,-1.8586998832230472,-4.622421175554692,-2.4815103152977858,False,,False,,False,
GE,V0.1,2007-11-28,2007-11-29,30.828,YELLOW,2007-11-21,29.403,4.846444240383629,True,3.0,0.9893603217853819,-5.793434540028541,0.9893603217853819,-5.793434540028541,-2.6956014013234664,-1.8586998832230472,-4.622421175554692,-2.4815103152977858,False,,False,,False,
ADP,STOCH_ONLY_CONTROL,2007-11-30,2007-12-03,33.226,GREEN,2007-11-19,32.904,0.9786044249939119,True,10.0,3.828327213627869,-4.144344790224519,3.828327213627869,-1.658339854330948,3.500270872208522,-1.658339854330948,1.7275627520616288,-3.9487148618551626,True,2.0,True,5.0,False,
ADP,V0.1,2007-11-30,2007-12-03,33.226,GREEN,2007-11-19,32.904,0.9786044249939119,True,10.0,3.828327213627869,-4.144344790224519,3.828327213627869,-1.658339854330948,3.500270872208522,-1.658339854330948,1.7275627520616288,-3.9487148618551626,True,2.0,True,5.0,False,
BDX,STOCH_ONLY_CONTROL,2007-12-06,2007-12-07,72.172,GREEN,2007-12-05,70.898,1.7969477277215207,False,,10.975170426204084,-1.607271518040232,10.975170426204084,-1.607271518040232,0.3408524081361275,2.6062739012359337,1.7028764617857295,7.907498752979003,True,1.0,True,11.0,True,16.0
BDX,V0.1,2007-12-06,2007-12-07,72.172,GREEN,2007-12-05,70.898,1.7969477277215207,False,,10.975170426204084,-1.607271518040232,10.975170426204084,-1.607271518040232,0.3408524081361275,2.6062739012359337,1.7028764617857295,7.907498752979003,True,1.0,True,11.0,True,16.0
EMR,STOCH_ONLY_CONTROL,2007-12-20,2007-12-21,45.721,YELLOW,2007-12-19,44.433,2.898746427205001,True,8.0,4.29343190218936,-20.034557424378285,4.29343190218936,-4.208131930622693,0.9754817261214965,-5.166116226679196,-10.997134795826858,-9.947288991929303,True,1.0,True,2.0,False,
CTL,STOCH_ONLY_CONTROL,2009-06-24,2009-06-25,20.026,GREEN,2009-06-22,19.522,2.581702694396082,True,5.0,2.5416957954659036,-8.104464196544503,2.5416957954659036,-5.717567162688509,-5.717567162688509,-7.150704084689896,-5.238190352541694,-2.756416658344152,True,0.0,False,,False,
CTL,V0.1,2009-06-24,2009-06-25,20.026,GREEN,2009-06-22,19.522,2.581702694396082,True,5.0,2.5416957954659036,-8.104464196544503,2.5416957954659036,-5.717567162688509,-5.717567162688509,-7.150704084689896,-5.238190352541694,-2.756416658344152,True,0.0,False,,False,
EMR,STOCH_ONLY_CONTROL,2009-06-25,2009-06-26,26.792,GREEN,2009-06-19,25.528,4.9514258853024185,True,6.0,12.720214989549117,-7.722454464019124,1.9856673633920519,-6.901313825022393,-4.378172588832497,-3.557031949835787,6.292923260674832,12.197670946551199,False,,False,,False,
EMR,V0.1,2009-06-25,2009-06-26,26.792,GREEN,2009-06-19,25.528,4.9514258853024185,True,6.0,12.720214989549117,-7.722454464019124,1.9856673633920519,-6.901313825022393,-4.378172588832497,-3.557031949835787,6.292923260674832,12.197670946551199,False,,False,,False,
GWW,STOCH_ONLY_CONTROL,2009-06-25,2009-06-26,72.933,GREEN,2009-06-22,67.883,7.43927050955322,False,,7.543910164123235,-6.261911617511973,7.543910164123235,-6.261911617511973,-1.287483032372183,-2.0758778605021178,5.938326957618623,7.350582041051368,True,12.0,True,15.0,True,15.0
GWW,V0.1,2009-06-25,2009-06-26,72.933,GREEN,2009-06-22,67.883,7.43927050955322,False,,7.543910164123235,-6.261911617511973,7.543910164123235,-6.261911617511973,-1.287483032372183,-2.0758778605021178,5.938326957618623,7.350582041051368,True,12.0,True,15.0,True,15.0
MMM,STOCH_ONLY_CONTROL,2009-06-25,2009-06-26,49.961,GREEN,2009-06-23,48.093,3.8841411432017026,False,,19.53924060767398,-1.7033285963051203,19.53924060767398,-1.7033285963051203,3.1584636016092515,2.8562278577290323,8.556674205880576,18.876723844598796,True,1.0,True,3.0,True,12.0
NUE,STOCH_ONLY_CONTROL,2009-06-25,2009-06-26,35.886,GREEN,2009-06-24,34.946,2.689864362158767,True,4.0,3.4581731037173213,-12.166304408404404,3.4581731037173213,-5.458953352282236,-7.4430139887421305,-4.592320124839777,0.4068438945549646,1.0533355626149543,True,0.0,True,0.0,False,
PPG,STOCH_ONLY_CONTROL,2009-06-25,2009-06-26,19.492,GREEN,2009-06-17,18.311,6.449675058707882,False,,21.84998973938026,-5.781859224297159,21.84998973938026,-5.781859224297159,-1.6519597783706041,-0.400164169915862,15.339626513441406,20.726451877693396,True,12.0,True,12.0,True,12.0
PPG,V0.1,2009-06-25,2009-06-26,19.492,GREEN,2009-06-17,18.311,6.449675058707882,False,,21.84998973938026,-5.781859224297159,21.84998973938026,-5.781859224297159,-1.6519597783706041,-0.400164169915862,15.339626513441406,20.726451877693396,True,12.0,True,12.0,True,12.0
SHW,STOCH_ONLY_CONTROL,2009-06-25,2009-06-26,49.243,GREEN,2009-06-22,47.629,3.3886917634214475,True,4.0,7.91381516154579,-4.140690047316376,1.549458806327797,-4.140690047316376,0.5584550088337359,-0.37568791503361787,7.599049611112241,5.127632353837086,False,,False,,False,
SHW,V0.1,2009-06-25,2009-06-26,49.243,GREEN,2009-06-22,47.629,3.3886917634214475,True,4.0,7.91381516154579,-4.140690047316376,1.549458806327797,-4.140690047316376,0.5584550088337359,-0.37568791503361787,7.599049611112241,5.127632353837086,False,,False,,False,
ADM,STOCH_ONLY_CONTROL,2009-06-26,2009-06-29,22.804,GREEN,2009-06-23,21.921,4.028100907805299,False,,19.847395193825633,-3.017014558849318,19.847395193825633,-3.017014558849318,1.5611296263813523,1.6751447114541351,9.138747588142436,16.07174179968427,True,0.0,True,2.0,True,12.0
ADM,V0.1,2009-06-26,2009-06-29,22.804,GREEN,2009-06-23,21.921,4.028100907805299,False,,19.847395193825633,-3.017014558849318,19.847395193825633,-3.017014558849318,1.5611296263813523,1.6751447114541351,9.138747588142436,16.07174179968427,True,0.0,True,2.0,True,12.0
JCI,STOCH_ONLY_CONTROL,2009-06-26,2009-06-29,11.363,GREEN,2009-06-18,10.937,3.8950352016092094,False,,12.637507700431216,-4.91067499779988,12.637507700431216,-4.91067499779988,-3.7490099445568914,1.3640763882777573,9.284519933116254,10.419783507876446,True,10.0,True,11.0,True,12.0
JCI,V0.1,2009-06-26,2009-06-29,11.363,GREEN,2009-06-18,10.937,3.8950352016092094,False,,12.637507700431216,-4.91067499779988,12.637507700431216,-4.91067499779988,-3.7490099445568914,1.3640763882777573,9.284519933116254,10.419783507876446,True,10.0,True,11.0,True,12.0
KO,STOCH_ONLY_CONTROL,2009-06-26,2009-06-29,19.636,GREEN,2009-06-23,19.242,2.04760419914769,False,,5.999185170095744,-0.6926054186188635,5.999185170095744,-0.6926054186188635,1.02363006722348,2.3833774699531407,4.593603585251582,2.587084946017515,True,2.0,True,2.0,True,11.0
KO,V0.1,2009-06-26,2009-06-29,19.636,GREEN,2009-06-23,19.242,2.04760419914769,False,,5.999185170095744,-0.6926054186188635,5.999185170095744,-0.6926054186188635,1.02363006722348,2.3833774699531407,4.593603585251582,2.587084946017515,True,2.0,True,2.0,True,11.0
LOW,STOCH_ONLY_CONTROL,2009-06-26,2009-06-29,17.106,GREEN,2009-06-18,15.947,7.267824669216805,False,,14.117853384777268,-4.66502981410033,14.117853384777268,-4.66502981410033,-3.624459254062906,1.2334853267859103,6.360341400678116,11.791184379749797,True,0.0,True,11.0,True,13.0
LOW,V0.1,2009-06-26,2009-06-29,17.106,GREEN,2009-06-18,15.947,7.267824669216805,False,,14.117853384777268,-4.66502981410033,14.117853384777268,-4.66502981410033,-3.624459254062906,1.2334853267859103,6.360341400678116,11.791184379749797,True,0.0,True,11.0,True,13.0
PGR,STOCH_ONLY_CONTROL,2009-06-26,2009-06-29,11.614,GREEN,2009-06-15,11.007,5.514672481148364,False,,4.374031341484397,-6.552436714310328,4.374031341484397,-6.552436714310328,-4.632340278973657,-3.573273635267793,-1.5929051145169626,3.8488031685896207,True,8.0,True,8.0,False,
PGR,V0.1,2009-06-26,2009-06-29,11.614,GREEN,2009-06-15,11.007,5.514672481148364,False,,4.374031341484397,-6.552436714310328,4.374031341484397,-6.552436714310328,-4.632340278973657,-3.573273635267793,-1.5929051145169626,3.8488031685896207,True,8.0,True,8.0,False,
DOV,STOCH_ONLY_CONTROL,2009-06-29,2009-06-30,24.071,GREEN,2009-06-22,22.8,5.574561403508782,True,4.0,9.633999418387273,-9.633999418387285,0.5649952224668686,-7.660670516389024,-8.437538947280965,-0.8433384570645241,4.918781936770378,-0.2451082215113698,False,,False,,False,
DOV,V0.1,2009-06-29,2009-06-30,24.071,GREEN,2009-06-22,22.8,5.574561403508782,True,4.0,9.633999418387273,-9.633999418387285,0.5649952224668686,-7.660670516389024,-8.437538947280965,-0.8433384570645241,4.918781936770378,-0.2451082215113698,False,,False,,False,
FHN,STOCH_ONLY_CONTROL,2009-06-29,2009-06-30,10.842,GREEN,2009-06-24,10.38,4.450867052023111,True,2.0,6.862202545655771,-8.356391809629226,2.6102195166943343,-5.939863493820329,-6.530160486995018,2.776240546024722,-3.5878989116399307,3.8369304556354678,True,0.0,False,,False,
FHN,V0.1,2009-06-29,2009-06-30,10.842,GREEN,2009-06-24,10.38,4.450867052023111,True,2.0,6.862202545655771,-8.356391809629226,2.6102195166943343,-5.939863493820329,-6.530160486995018,2.776240546024722,-3.5878989116399307,3.8369304556354678,True,0.0,False,,False,
SWK,STOCH_ONLY_CONTROL,2009-06-29,2009-06-30,29.285,GREEN,2009-06-19,28.493,2.779630084582174,True,2.0,16.83455694041318,-8.533378862899088,0.2322007853850172,-4.954754994024246,-6.9694382789824205,5.224517671162721,11.053440327812858,14.512549086563077,False,,False,,False,
SWK,V0.1,2009-06-29,2009-06-30,29.285,GREEN,2009-06-19,28.493,2.779630084582174,True,2.0,16.83455694041318,-8.533378862899088,0.2322007853850172,-4.954754994024246,-6.9694382789824205,5.224517671162721,11.053440327812858,14.512549086563077,False,,False,,False,
VFC,STOCH_ONLY_CONTROL,2009-07-01,2009-07-02,11.773,GREEN,2009-06-25,11.578,1.6842287096217046,True,0.0,20.130807780514747,-3.2362184659814885,0.9513293128344591,-3.2362184659814885,-1.1466915824343782,8.451541663127493,18.02429287352416,16.945553384863675,False,,False,,False,
TGT,STOCH_ONLY_CONTROL,2009-07-09,2009-07-10,31.836,YELLOW,2009-07-07,30.028,6.021047022778747,False,,15.281442392260347,-2.7233320768940694,15.281442392260347,-2.7233320768940694,2.622816936801109,10.79281316748335,13.14863676341249,11.358210830506344,True,3.0,True,3.0,True,8.0
TGT,V0.1,2009-07-09,2009-07-10,31.836,YELLOW,2009-07-07,30.028,6.021047022778747,False,,15.281442392260347,-2.7233320768940694,15.281442392260347,-2.7233320768940694,2.622816936801109,10.79281316748335,13.14863676341249,11.358210830506344,True,3.0,True,3.0,True,8.0
NUE,V0.1,2009-07-10,2009-07-13,33.135,YELLOW,2009-07-02,31.52,5.12373096446701,False,,20.829938131884717,-0.8963331824354825,20.829938131884717,-0.8963331824354825,8.743020974800064,9.443186962426452,14.685377999094618,14.293043609476408,True,0.0,True,0.0,True,1.0
LEG,STOCH_ONLY_CONTROL,2009-07-13,2009-07-14,11.456,GREEN,2009-07-07,10.837,5.711912891021509,False,,23.30656424581006,-0.6983240223463638,23.30656424581006,-0.6983240223463638,8.379888268156432,14.10614525139664,21.03701117318435,20.015712290502808,True,1.0,True,1.0,True,1.0
LEG,V0.1,2009-07-13,2009-07-14,11.456,GREEN,2009-07-07,10.837,5.711912891021509,False,,23.30656424581006,-0.6983240223463638,23.30656424581006,-0.6983240223463638,8.379888268156432,14.10614525139664,21.03701117318435,20.015712290502808,True,1.0,True,1.0,True,1.0
MCD,STOCH_ONLY_CONTROL,2009-08-11,2009-08-12,45.266,GREEN,2009-07-27,44.261,2.270621992273103,True,3.0,2.343922590907077,-2.6443688419564237,1.3232890027835564,-2.52728317059161,-0.4661335218486218,1.9440639773781632,-0.9631953342464583,-1.8954623779437019,False,,False,,False,
MCD,V0.1,2009-08-11,2009-08-12,45.266,GREEN,2009-07-27,44.261,2.270621992273103,True,3.0,2.343922590907077,-2.6443688419564237,1.3232890027835564,-2.52728317059161,-0.4661335218486218,1.9440639773781632,-0.9631953342464583,-1.8954623779437019,False,,False,,False,
BDX,STOCH_ONLY_CONTROL,2009-08-12,2009-08-13,59.113,GREEN,2009-08-03,55.688,6.150337595173094,False,,6.359007324953891,-4.293471825148442,6.359007324953891,-4.293471825148442,0.639453250554034,3.850252905452267,2.5138294452996757,5.986838766430402,True,6.0,True,7.0,True,11.0
BDX,V0.1,2009-08-12,2009-08-13,59.113,GREEN,2009-08-03,55.688,6.150337595173094,False,,6.359007324953891,-4.293471825148442,6.359007324953891,-4.293471825148442,0.639453250554034,3.850252905452267,2.5138294452996757,5.986838766430402,True,6.0,True,7.0,True,11.0
CLX,STOCH_ONLY_CONTROL,2009-08-13,2009-08-14,47.733,GREEN,2009-08-06,46.524,2.5986587567707,False,,1.9944273353864395,-2.8072821737581855,1.9944273353864395,-2.8072821737581855,0.691345609955385,0.9134141998198286,0.5174617141181059,-0.7981899314939311,False,,False,,False,
CLX,V0.1,2009-08-13,2009-08-14,47.733,GREEN,2009-08-06,46.524,2.5986587567707,False,,1.9944273353864395,-2.8072821737581855,1.9944273353864395,-2.8072821737581855,0.691345609955385,0.9134141998198286,0.5174617141181059,-0.7981899314939311,False,,False,,False,
GWW,STOCH_ONLY_CONTROL,2009-08-17,2009-08-18,76.112,GREEN,2009-08-14,74.387,2.3189535805987482,False,,5.575993273071256,-1.020863989909604,5.575993273071256,-1.020863989909604,3.2964578515871423,-0.220727349169636,2.8103321421063754,4.996583981500957,True,2.0,True,3.0,True,20.0
KO,STOCH_ONLY_CONTROL,2009-08-17,2009-08-18,19.885,GREEN,2009-08-12,19.342,2.807362216937248,False,,8.34297208951471,-0.8800603469952262,8.34297208951471,-0.8800603469952262,-0.025144581342728678,-0.46266029670607445,3.85214986170479,8.03620819713351,True,3.0,True,11.0,True,17.0
KO,V0.1,2009-08-17,2009-08-18,19.885,GREEN,2009-08-12,19.342,2.807362216937248,False,,8.34297208951471,-0.8800603469952262,8.34297208951471,-0.8800603469952262,-0.025144581342728678,-0.46266029670607445,3.85214986170479,8.03620819713351,True,3.0,True,11.0,True,17.0
PFE,STOCH_ONLY_CONTROL,2009-08-17,2009-08-18,12.428,GREEN,2009-08-13,12.163,2.1787387979939288,False,,6.927904731251999,-0.5069198583843026,6.927904731251999,-0.5069198583843026,5.801416157064687,3.1541680077244783,1.8265207595751454,3.4036047634373956,True,1.0,True,1.0,True,3.0
TGT,STOCH_ONLY_CONTROL,2009-08-18,2009-08-19,36.338,GREEN,2009-08-17,34.033,6.772838127699576,False,,11.679233859871218,-0.11833342506466504,11.679233859871218,-0.11833342506466504,7.771478892619288,5.154383840607624,9.469425945291432,10.605977213935812,True,0.0,True,0.0,True,4.0
EMR,STOCH_ONLY_CONTROL,2009-08-20,2009-08-21,28.793,GREEN,2009-08-18,27.474,4.800902671616791,False,,17.875872607925537,-0.6980863404299709,17.875872607925537,-0.6980863404299709,5.275587816483185,5.866009099433889,12.013336574861967,13.822804153787382,True,0.0,True,1.0,True,2.0
JNJ,STOCH_ONLY_CONTROL,2009-08-20,2009-08-21,49.719,GREEN,2009-08-17,48.426,2.670053277165163,False,,0.6536736458898851,-2.9626500935256095,0.6536736458898851,-2.9626500935256095,-1.3073472917798035,-1.2570647036344251,-1.2248838472213919,-0.6898771093545752,False,,False,,False,
JNJ,V0.1,2009-08-20,2009-08-21,49.719,GREEN,2009-08-17,48.426,2.670053277165163,False,,0.6536736458898851,-2.9626500935256095,0.6536736458898851,-2.9626500935256095,-1.3073472917798035,-1.2570647036344251,-1.2248838472213919,-0.6898771093545752,False,,False,,False,
MTB,STOCH_ONLY_CONTROL,2009-08-20,2009-08-21,50.199,GREEN,2009-08-19,48.028,4.520279836761887,True,8.0,12.607820872925757,-5.155481184884159,4.589732863204454,-5.155481184884159,2.8845196119444694,-2.4183748680252526,-0.9880674913842813,9.283053447279844,True,0.0,True,3.0,False,
ADM,STOCH_ONLY_CONTROL,2009-08-21,2009-08-24,24.498,GREEN,2009-08-11,22.992,6.550104384133615,False,,2.424687729610575,-4.473834598742754,2.424687729610575,-4.473834598742754,0.10204914686913202,-0.21634419136256078,1.236835660053881,0.3347212017307477,True,0.0,False,,False,
ADM,V0.1,2009-08-21,2009-08-24,24.498,GREEN,2009-08-11,22.992,6.550104384133615,False,,2.424687729610575,-4.473834598742754,2.424687729610575,-4.473834598742754,0.10204914686913202,-0.21634419136256078,1.236835660053881,0.3347212017307477,True,0.0,False,,False,
LOW,STOCH_ONLY_CONTROL,2009-08-21,2009-08-24,18.733,GREEN,2009-08-19,17.413,7.580543272267848,False,,5.679816366839274,-2.9199807825762036,5.679816366839274,-2.9199807825762036,1.5640847701916316,2.839908183419637,0.20285058452997884,-0.4697592483852042,True,2.0,True,2.0,True,19.0
PEP,STOCH_ONLY_CONTROL,2009-08-21,2009-08-24,47.387,GREEN,2009-08-17,45.886,3.271150241903853,False,,4.007428197606933,-3.460864794141849,4.007428197606933,-3.460864794141849,-1.7641969316479211,1.023487454365113,1.0424800050646832,1.5426171734864047,True,13.0,True,18.0,False,
PEP,V0.1,2009-08-21,2009-08-24,47.387,GREEN,2009-08-17,45.886,3.271150241903853,False,,4.007428197606933,-3.460864794141849,4.007428197606933,-3.460864794141849,-1.7641969316479211,1.023487454365113,1.0424800050646832,1.5426171734864047,True,13.0,True,18.0,False,
PPG,STOCH_ONLY_CONTROL,2009-08-21,2009-08-24,24.454,GREEN,2009-08-20,23.462,4.228113545307299,False,,10.145579455303832,-3.3164308497587336,10.145579455303832,-3.3164308497587336,0.9446307352580341,0.9282734930890602,8.256317984787763,9.55262942667865,True,4.0,True,11.0,True,13.0
SLM,STOCH_ONLY_CONTROL,2009-08-21,2009-08-24,2.8841,GREEN,2009-08-18,2.6776,7.712130265909778,False,,11.362296730349165,-7.728580839776711,11.362296730349165,-7.728580839776711,1.1372698588814512,-1.1372698588814512,-1.4770639020838416,0.45421448632156913,True,0.0,True,0.0,True,0.0
SLM,V0.1,2009-08-21,2009-08-24,2.8841,GREEN,2009-08-18,2.6776,7.712130265909778,False,,11.362296730349165,-7.728580839776711,11.362296730349165,-7.728580839776711,1.1372698588814512,-1.1372698588814512,-1.4770639020838416,0.45421448632156913,True,0.0,True,0.0,True,0.0
CMA,STOCH_ONLY_CONTROL,2009-08-28,2009-08-31,23.489,GREEN,2009-08-27,23.427,0.26465189738336115,True,1.0,21.401507088424367,-6.432798331133716,3.129124270935324,-2.626761462812388,-0.19157903699604795,10.11537315339095,13.546766571586687,13.738345608582737,True,0.0,True,0.0,False,
BAC,STOCH_ONLY_CONTROL,2009-09-04,2009-09-08,16.46,GREEN,2009-09-03,15.566,5.743286650391877,True,17.0,3.5601458080194215,-10.540704738760642,3.5601458080194215,-7.314702308626975,-3.8396111786148324,0.8748481166463984,-1.7132442284325644,-2.6306196840826246,True,10.0,True,10.0,False,
FHN,STOCH_ONLY_CONTROL,2009-09-04,2009-09-08,11.723,GREEN,2009-09-03,11.206,4.613599857219364,False,,14.603770365947288,-3.9665614603770494,14.603770365947288,-3.9665614603770494,5.8688049134180575,7.276294463874433,3.241491085899506,-0.7847820523756766,True,1.0,True,1.0,True,5.0
GE,STOCH_ONLY_CONTROL,2009-09-04,2009-09-08,11.689,GREEN,2009-09-03,10.7,9.242990654205618,False,,20.660449995722473,-1.0864915732740288,20.660449995722473,-1.0864915732740288,10.189066643853195,17.1528787749166,15.091111301223359,10.753700059885363,True,1.0,True,1.0,True,4.0
CMA,V0.1,2009-09-08,2009-09-09,23.312,GREEN,2009-09-02,21.978,6.069706069706071,False,,22.3232669869595,-0.9565888812628764,22.3232669869595,-0.9565888812628764,20.521619766643774,13.134866163349335,14.018531228551812,16.909746053534658,True,0.0,True,0.0,True,1.0
NUE,STOCH_ONLY_CONTROL,2009-09-08,2009-09-09,36.569,GREEN,2009-09-02,34.591,5.718250411956882,False,,12.31370833219394,-3.029888703546735,12.31370833219394,-3.029888703546735,5.786321747928569,7.23563674150236,3.3662391643194844,-0.41565260193060505,True,1.0,True,1.0,True,2.0
NUE,V0.1,2009-09-08,2009-09-09,36.569,GREEN,2009-09-02,34.591,5.718250411956882,False,,12.31370833219394,-3.029888703546735,12.31370833219394,-3.029888703546735,5.786321747928569,7.23563674150236,3.3662391643194844,-0.41565260193060505,True,1.0,True,1.0,True,2.0
SWK,STOCH_ONLY_CONTROL,2009-09-08,2009-09-09,35.004,GREEN,2009-09-02,33.905,3.241409821560226,False,,6.336418695006296,-1.34841732373443,6.336418695006296,-1.34841732373443,4.070963318477894,4.242372300308528,4.710890183978966,3.8281339275511472,True,5.0,True,5.0,True,7.0
SWK,V0.1,2009-09-08,2009-09-09,35.004,GREEN,2009-09-02,33.905,3.241409821560226,False,,6.336418695006296,-1.34841732373443,6.336418695006296,-1.34841732373443,4.070963318477894,4.242372300308528,4.710890183978966,3.8281339275511472,True,5.0,True,5.0,True,7.0
USB,STOCH_ONLY_CONTROL,2009-09-08,2009-09-09,17.997,GREEN,2009-09-03,17.792,1.1522032374100544,False,,9.473801189087073,-1.183530588431414,9.473801189087073,-1.183530588431414,8.612546535533694,5.045285325332016,4.045118630882927,5.556481635828203,True,0.0,True,0.0,True,2.0
BBT,STOCH_ONLY_CONTROL,2009-09-09,2009-09-10,22.346,GREEN,2009-09-04,21.787,2.5657502180199243,True,15.0,10.932605387988904,-5.884722097914619,10.932605387988904,-5.249261612816625,7.549449565917832,3.450281929651844,-4.994182404009662,-0.5996598943882603,True,3.0,True,3.0,True,3.0
KMB,STOCH_ONLY_CONTROL,2009-09-11,2009-09-14,46.503,GREEN,2009-09-04,45.881,1.3556810008500175,True,2.0,2.789067371997489,-2.0944885276218628,0.23869427778853147,-1.6127991742468262,-1.4085112788422283,0.2558974689804927,0.030105584585937706,2.072984538631917,False,,False,,False,
KMB,V0.1,2009-09-11,2009-09-14,46.503,GREEN,2009-09-04,45.881,1.3556810008500175,True,2.0,2.789067371997489,-2.0944885276218628,0.23869427778853147,-1.6127991742468262,-1.4085112788422283,0.2558974689804927,0.030105584585937706,2.072984538631917,False,,False,,False,
SHW,STOCH_ONLY_CONTROL,2009-09-14,2009-09-15,55.16,GREEN,2009-09-11,53.842,2.447903123955264,False,,5.928208846990568,-2.1573604060913687,5.928208846990568,-2.1573604060913687,2.1374184191443213,0.6870920957215532,0.1522842639593902,5.681653372008699,True,1.0,True,2.0,True,20.0
SHW,V0.1,2009-09-14,2009-09-15,55.16,GREEN,2009-09-11,53.842,2.447903123955264,False,,5.928208846990568,-2.1573604060913687,5.928208846990568,-2.1573604060913687,2.1374184191443213,0.6870920957215532,0.1522842639593902,5.681653372008699,True,1.0,True,2.0,True,20.0
MO,STOCH_ONLY_CONTROL,2009-09-16,2009-09-17,13.332,GREEN,2009-09-15,12.987,2.6565026565026573,True,4.0,0.3225322532253161,-5.288028802880285,0.3225322532253161,-2.7902790279027867,-4.035403540354032,-3.862886288628864,-2.1452145214521545,0.060006000600054676,False,,False,,False,
CLX,STOCH_ONLY_CONTROL,2009-09-18,2009-09-21,47.275,GREEN,2009-09-15,46.679,1.2768054157115571,True,10.0,4.173453199365418,-2.371232152300362,4.173453199365418,-2.371232152300362,2.1195134849286035,-1.455314648334205,1.5060814383923926,0.8672659968270935,True,1.0,True,1.0,False,
CB,STOCH_ONLY_CONTROL,2009-09-25,2009-09-28,43.989,GREEN,2009-09-21,41.728,5.418424079754591,False,,7.497328877673959,-0.4251062765691316,7.497328877673959,-0.4251062765691316,3.9759939984996384,4.751187796949252,6.5266316579144945,3.2212598604196563,True,0.0,True,0.0,True,3.0
CB,V0.1,2009-09-25,2009-09-28,43.989,GREEN,2009-09-21,41.728,5.418424079754591,False,,7.497328877673959,-0.4251062765691316,7.497328877673959,-0.4251062765691316,3.9759939984996384,4.751187796949252,6.5266316579144945,3.2212598604196563,True,0.0,True,0.0,True,3.0
BDX,STOCH_ONLY_CONTROL,2009-09-28,2009-09-29,61.932,GREEN,2009-09-25,59.825,3.521938988717088,True,3.0,0.0855777304139993,-5.3316540722082255,0.0855777304139993,-5.189562746237808,-4.196538138603634,-2.425240586449662,-4.253051734160051,-4.367693599431643,False,,False,,False,
PGR,STOCH_ONLY_CONTROL,2009-09-28,2009-09-29,13.005,GREEN,2009-09-25,12.528,3.8074712643678232,True,2.0,1.5378700499807607,-5.859284890426764,0.29219530949633477,-4.429065743944638,-1.7839292579777122,-2.7758554402153024,-1.3610149942330008,-3.6063052672049345,False,,False,,False,
ADM,STOCH_ONLY_CONTROL,2009-09-29,2009-09-30,24.573,GREEN,2009-09-28,23.147,6.160625567028144,False,,9.481951735644811,-4.248565498718104,9.481951735644811,-4.248565498718104,2.1120742278110116,3.528262727383713,8.525617547714969,2.392870223415944,True,4.0,True,6.0,True,13.0
FITB,STOCH_ONLY_CONTROL,2009-09-29,2009-09-30,8.4439,GREEN,2009-09-25,7.9703,5.942059897368979,True,2.0,9.213751939269766,-12.315399282322147,1.8013003469960598,-9.41389642226932,1.5987872902331945,3.5990478333471465,1.2008668979973658,-11.51363706344224,False,,False,,False,
FITB,V0.1,2009-09-29,2009-09-30,8.4439,GREEN,2009-09-25,7.9703,5.942059897368979,True,2.0,9.213751939269766,-12.315399282322147,1.8013003469960598,-9.41389642226932,1.5987872902331945,3.5990478333471465,1.2008668979973658,-11.51363706344224,False,,False,,False,
MO,V0.1,2009-09-30,2009-10-01,12.987,GREEN,2009-09-23,12.761,1.7710210798526749,False,,5.343805343805341,-2.7720027720027685,5.343805343805341,-2.7720027720027685,0.4543004543004381,2.7181027181027106,2.302302302302306,3.31870331870332,True,7.0,True,11.0,True,13.0
BAC,STOCH_ONLY_CONTROL,2009-10-05,2009-10-06,16.224,GREEN,2009-10-02,14.725,10.179966044142619,True,14.0,10.996055226824453,-17.948717948717952,10.996055226824453,-12.432199211045358,3.500986193293887,-1.152613412228809,-10.219428007889542,-13.97928994082841,True,2.0,True,4.0,True,6.0
BBT,V0.1,2009-10-05,2009-10-06,22.552,GREEN,2009-10-01,21.031,7.232181066045373,True,16.0,5.689074139765871,-12.269421780773326,5.689074139765871,-8.917169208939335,2.4033345157857378,-2.4343738914508695,-6.380808797445903,-8.287513302589566,True,4.0,True,6.0,True,6.0
TGT,STOCH_ONLY_CONTROL,2009-10-05,2009-10-06,39.301,GREEN,2009-10-02,37.767,4.061747027828533,False,,8.783491514210828,-0.14757894201165023,8.783491514210828,-0.14757894201165023,5.274674944657898,4.997328312256677,1.8116587364189085,3.4884608534133887,True,1.0,True,2.0,True,4.0
DOV,STOCH_ONLY_CONTROL,2009-10-06,2009-10-07,27.201,GREEN,2009-10-05,26.475,2.742209631728043,False,,9.584206462997692,-1.6139112532627453,9.584206462997692,-1.6139112532627453,5.911547369581993,5.069666556376595,-1.0551082680783752,2.135950884158677,True,1.0,True,2.0,True,5.0
DOV,V0.1,2009-10-06,2009-10-07,27.201,GREEN,2009-10-05,26.475,2.742209631728043,False,,9.584206462997692,-1.6139112532627453,9.584206462997692,-1.6139112532627453,5.911547369581993,5.069666556376595,-1.0551082680783752,2.135950884158677,True,1.0,True,2.0,True,5.0
GWW,STOCH_ONLY_CONTROL,2009-10-06,2009-10-07,77.637,GREEN,2009-10-02,75.03,3.4746101559376186,False,,11.673557710885273,-0.5577237657302669,11.673557710885273,-0.5577237657302669,5.722786815564751,8.749694089158533,5.641639939719467,7.229800224119942,True,1.0,True,2.0,True,3.0
GWW,V0.1,2009-10-06,2009-10-07,77.637,GREEN,2009-10-02,75.03,3.4746101559376186,False,,11.673557710885273,-0.5577237657302669,11.673557710885273,-0.5577237657302669,5.722786815564751,8.749694089158533,5.641639939719467,7.229800224119942,True,1.0,True,2.0,True,3.0
JNJ,STOCH_ONLY_CONTROL,2009-10-06,2009-10-07,48.97,GREEN,2009-10-05,48.296,1.3955607089614075,True,17.0,4.272003267306501,-2.311619358791095,4.272003267306501,-2.311619358791095,0.6309985705534205,0.23483765570757598,-1.0006126199714194,-1.0782111496834723,True,2.0,True,3.0,False,
LEG,STOCH_ONLY_CONTROL,2009-10-06,2009-10-07,14.616,GREEN,2009-10-05,14.241,2.633242047609019,False,,14.538861521620138,-1.388888888888884,14.538861521620138,-1.388888888888884,5.890804597701149,2.8872468527640915,4.0161466885604735,3.0582922824302194,True,3.0,True,4.0,True,5.0
MMM,STOCH_ONLY_CONTROL,2009-10-06,2009-10-07,62.473,GREEN,2009-10-02,60.844,2.6773387679968508,False,,7.766555151825605,-1.0964736766283067,7.766555151825605,-1.0964736766283067,4.120179917724465,3.7968402349815022,1.2549421350023238,0.7235125574247991,True,3.0,True,5.0,True,6.0
MMM,V0.1,2009-10-06,2009-10-07,62.473,GREEN,2009-10-02,60.844,2.6773387679968508,False,,7.766555151825605,-1.0964736766283067,7.766555151825605,-1.0964736766283067,4.120179917724465,3.7968402349815022,1.2549421350023238,0.7235125574247991,True,3.0,True,5.0,True,6.0
MTB,STOCH_ONLY_CONTROL,2009-10-06,2009-10-07,51.909,GREEN,2009-10-05,50.452,2.8878934432728043,False,,12.81280702768306,-2.0015796875301084,12.81280702768306,-2.0015796875301084,8.584253212352388,6.973742510932612,4.679342695871624,-1.6124371496272216,True,1.0,True,2.0,True,2.0
PGR,V0.1,2009-10-06,2009-10-07,12.682,GREEN,2009-10-02,12.243,3.585722453646989,False,,4.123955212111641,-3.5641066077905736,4.123955212111641,-3.5641066077905736,2.3655574830468318,-1.277401040845294,-2.609998422961679,-2.9727172370288657,True,5.0,True,6.0,False,
SLM,STOCH_ONLY_CONTROL,2009-10-06,2009-10-07,2.812,GREEN,2009-10-02,2.6252,7.115648331555691,False,,34.72972972972974,-0.7005689900426715,34.72972972972974,-0.7005689900426715,11.536273115220496,25.174253200568984,17.599573257468016,13.75177809388337,True,0.0,True,0.0,True,1.0
SLM,V0.1,2009-10-06,2009-10-07,2.812,GREEN,2009-10-02,2.6252,7.115648331555691,False,,34.72972972972974,-0.7005689900426715,34.72972972972974,-0.7005689900426715,11.536273115220496,25.174253200568984,17.599573257468016,13.75177809388337,True,0.0,True,0.0,True,1.0
VFC,STOCH_ONLY_CONTROL,2009-10-06,2009-10-07,15.231,GREEN,2009-10-05,14.7,3.6122448979591937,False,,11.49629046024554,-1.9237082266430283,11.49629046024554,-1.9237082266430283,6.604950430043988,5.863042479154346,-1.1686691615783507,0.026262228350071304,True,1.0,True,1.0,True,1.0
VFC,V0.1,2009-10-06,2009-10-07,15.231,GREEN,2009-10-05,14.7,3.6122448979591937,False,,11.49629046024554,-1.9237082266430283,11.49629046024554,-1.9237082266430283,6.604950430043988,5.863042479154346,-1.1686691615783507,0.026262228350071304,True,1.0,True,1.0,True,1.0
LOW,STOCH_ONLY_CONTROL,2009-10-07,2009-10-08,18.317,GREEN,2009-09-29,17.645,3.808444318503823,True,13.0,6.22918600207456,-7.47939072992303,6.22918600207456,-3.9580717366381024,4.574984986624453,2.2711142654364913,-3.483103128241538,-3.040890975596433,True,2.0,True,2.0,True,4.0
WMT,STOCH_ONLY_CONTROL,2009-10-07,2009-10-08,42.102,GREEN,2009-09-28,41.42,1.6465475615644598,False,,4.985511377131746,-0.26364543252100914,4.985511377131746,-0.26364543252100914,2.8668471806565066,1.9167735499501237,1.7576362168068016,3.5342739062277584,True,3.0,True,6.0,False,
WMT,V0.1,2009-10-07,2009-10-08,42.102,GREEN,2009-09-28,41.42,1.6465475615644598,False,,4.985511377131746,-0.26364543252100914,4.985511377131746,-0.26364543252100914,2.8668471806565066,1.9167735499501237,1.7576362168068016,3.5342739062277584,True,3.0,True,6.0,False,
BCR,STOCH_ONLY_CONTROL,2009-10-08,2009-10-09,74.876,GREEN,2009-09-23,73.299,2.1514618207615355,True,5.0,1.3088305999251926,-5.055024306854017,0.5889737699663389,-2.2957957155831044,-2.2330252684438445,-1.526523852769912,-3.6700678455045765,0.5889737699663389,False,,False,,False,
BCR,V0.1,2009-10-08,2009-10-09,74.876,GREEN,2009-09-23,73.299,2.1514618207615355,True,5.0,1.3088305999251926,-5.055024306854017,0.5889737699663389,-2.2957957155831044,-2.2330252684438445,-1.526523852769912,-3.6700678455045765,0.5889737699663389,False,,False,,False,
BDX,V0.1,2009-10-08,2009-10-09,60.071,GREEN,2009-10-05,58.63,2.457786116322702,True,13.0,3.7538912287127024,-3.2161941702318786,1.5614855754024548,-2.7051322601588157,1.2551813687136981,-1.316775149406535,-0.059929083917364956,3.1296299379068193,False,,False,,False,
CLX,V0.1,2009-10-08,2009-10-09,48.301,GREEN,2009-10-05,46.154,4.6518178272739075,False,,2.867435456822842,-2.1386720771826684,2.867435456822842,-2.1386720771826684,-1.3726423883563599,0.2712159168547279,0.4223515041096526,1.6086623465352723,True,16.0,False,,False,
EMR,STOCH_ONLY_CONTROL,2009-10-08,2009-10-09,31.869,GREEN,2009-10-05,31.175,2.2261427425821934,True,15.0,6.084282531613794,-4.242367190686879,3.548903322978436,-3.583419624086104,0.02824060999717659,1.4559603376321784,-3.473595029652643,5.415921428347303,True,3.0,True,10.0,False,
FHN,STOCH_ONLY_CONTROL,2009-10-09,2009-10-12,12.005,GREEN,2009-10-01,11.258,6.6352815775448715,True,10.0,8.74635568513118,-12.927946688879643,8.74635568513118,-7.246980424823002,2.1074552269887414,-6.29737609329446,-10.73719283631821,-3.7067888379841762,True,2.0,True,2.0,True,4.0
FHN,V0.1,2009-10-09,2009-10-12,12.005,GREEN,2009-10-01,11.258,6.6352815775448715,True,10.0,8.74635568513118,-12.927946688879643,8.74635568513118,-7.246980424823002,2.1074552269887414,-6.29737609329446,-10.73719283631821,-3.7067888379841762,True,2.0,True,2.0,True,4.0
NUE,STOCH_ONLY_CONTROL,2009-10-14,2009-10-15,36.594,GREEN,2009-10-01,35.461,3.1950593609881395,True,7.0,3.2710280373831724,-15.915177351478393,3.2710280373831724,-5.00628518336339,-2.92397660818714,-9.359457834617713,-12.586762857299016,-10.769525058752805,True,4.0,True,4.0,False,
NUE,V0.1,2009-10-14,2009-10-15,36.594,GREEN,2009-10-01,35.461,3.1950593609881395,True,7.0,3.2710280373831724,-15.915177351478393,3.2710280373831724,-5.00628518336339,-2.92397660818714,-9.359457834617713,-12.586762857299016,-10.769525058752805,True,4.0,True,4.0,False,
SNV,STOCH_ONLY_CONTROL,2009-10-22,2009-10-23,20.286,GREEN,2009-10-21,20.286,0.0,True,0.0,1.552795031055898,-51.70068027210885,1.552795031055898,-13.92586019915214,-31.262939958592128,-34.358671004633734,-40.25929212264616,-47.98876072167998,False,,False,,False,
KO,STOCH_ONLY_CONTROL,2009-10-28,2009-10-29,21.83,GREEN,2009-10-27,21.653,0.8174386920980936,False,,9.166284928996804,-1.4154832798900507,9.166284928996804,-1.4154832798900507,1.6399450297755358,4.516720109940442,6.2803481447549325,6.839212093449398,True,7.0,True,7.0,True,9.0
KO,V0.1,2009-10-28,2009-10-29,21.83,GREEN,2009-10-27,21.653,0.8174386920980936,False,,9.166284928996804,-1.4154832798900507,9.166284928996804,-1.4154832798900507,1.6399450297755358,4.516720109940442,6.2803481447549325,6.839212093449398,True,7.0,True,7.0,True,9.0
BDX,STOCH_ONLY_CONTROL,2009-10-29,2009-10-30,59.535,GREEN,2009-10-27,58.139,2.4011420905072134,False,,12.23985890652559,-0.3812883177962467,12.23985890652559,-0.3812883177962467,4.058117073990086,7.269673301419344,8.717561098513471,10.338456370202408,True,1.0,True,2.0,True,6.0
CINF,STOCH_ONLY_CONTROL,2009-10-29,2009-10-30,19.836,GREEN,2009-10-27,19.365,2.4322230828814906,False,,3.5944746924783333,-2.374470659407135,3.5944746924783333,-2.374470659407135,0.4688445251058715,1.7090139140955918,-0.8923169993950375,-0.5444646098003436,True,6.0,True,8.0,False,
PGR,STOCH_ONLY_CONTROL,2009-10-29,2009-10-30,12.652,GREEN,2009-10-28,12.351,2.4370496316087564,True,0.0,5.951628201074932,-3.4065760354094143,0.5374644325008004,-2.8612077141953796,-2.0075877331647174,3.8808093582042513,2.3632627252608396,1.8732216250395117,False,,False,,False,
SNV,V0.1,2009-10-30,2009-11-02,14.383,GREEN,2009-10-27,11.681,23.131581200239705,True,7.0,3.9212959744142406,-36.6884516443023,3.9212959744142406,-22.283251060279486,-2.203990822498769,-15.29583536119029,-29.694778558019873,-17.916985329903355,True,0.0,True,0.0,False,
CTL,STOCH_ONLY_CONTROL,2009-11-02,2009-11-03,20.733,GREEN,2009-10-28,20.535,0.9642074506939435,False,,12.815318574253599,-0.7958327304297463,12.815318574253599,-0.7958327304297463,6.694641392948419,6.82486856701876,9.55963922249554,12.255824048618136,True,1.0,True,2.0,True,2.0
TGT,STOCH_ONLY_CONTROL,2009-11-02,2009-11-03,40.564,GREEN,2009-10-30,39.895,1.6769018674019254,True,11.0,3.8704269795878155,-6.37018045557638,3.8704269795878155,-3.3354698747658063,2.7881865693718533,-0.709989152943491,-3.379844196824777,-2.847352332117148,True,4.0,True,5.0,False,
PPG,STOCH_ONLY_CONTROL,2009-11-03,2009-11-04,26.082,GREEN,2009-10-28,24.905,4.725958642842798,False,,5.46353807223372,-1.7253278122843274,5.46353807223372,-1.7253278122843274,4.524192929990023,3.373974388467138,3.6500268384326295,1.8096771719960048,True,3.0,True,3.0,True,5.0
PPG,V0.1,2009-11-03,2009-11-04,26.082,GREEN,2009-10-28,24.905,4.725958642842798,False,,5.46353807223372,-1.7253278122843274,5.46353807223372,-1.7253278122843274,4.524192929990023,3.373974388467138,3.6500268384326295,1.8096771719960048,True,3.0,True,3.0,True,5.0
SWK,STOCH_ONLY_CONTROL,2009-11-03,2009-11-04,42.484,GREEN,2009-11-02,38.29,10.953251501697569,False,,3.469541474437432,-2.7516241408530373,3.469541474437432,-2.7516241408530373,1.610017889087656,0.7202711609076262,1.0474531588362757,-1.7018171546935301,True,4.0,True,5.0,False,
AVY,STOCH_ONLY_CONTROL,2009-11-04,2009-11-05,30.701,GREEN,2009-10-30,29.59,3.754646840148701,False,,9.087651868017321,-0.736132373538323,9.087651868017321,-0.736132373538323,5.1594410605517504,4.374450343636993,2.4364027230383334,5.863001205172469,True,0.0,True,2.0,True,2.0
AVY,V0.1,2009-11-04,2009-11-05,30.701,GREEN,2009-10-30,29.59,3.754646840148701,False,,9.087651868017321,-0.736132373538323,9.087651868017321,-0.736132373538323,5.1594410605517504,4.374450343636993,2.4364027230383334,5.863001205172469,True,0.0,True,2.0,True,2.0
CTL,V0.1,2009-11-04,2009-11-05,21.331,GREEN,2009-11-03,20.568,3.709646052119786,False,,9.65261825512167,-0.037504102011154394,9.65261825512167,-0.037504102011154394,2.123669776381787,3.8629225071492357,8.386854812245105,8.485303080024376,True,0.0,True,0.0,True,11.0
JCI,STOCH_ONLY_CONTROL,2009-11-04,2009-11-05,14.55,GREEN,2009-10-28,14.101,3.1841713353662815,False,,9.828178694158062,-0.4398625429553271,9.828178694158062,-0.4398625429553271,4.646048109965628,7.7044673539518715,5.92439862542955,4.9140893470790425,True,2.0,True,2.0,True,5.0
JCI,V0.1,2009-11-04,2009-11-05,14.55,GREEN,2009-10-28,14.101,3.1841713353662815,False,,9.828178694158062,-0.4398625429553271,9.828178694158062,-0.4398625429553271,4.646048109965628,7.7044673539518715,5.92439862542955,4.9140893470790425,True,2.0,True,2.0,True,5.0
WMT,STOCH_ONLY_CONTROL,2009-11-04,2009-11-05,42.935,GREEN,2009-11-03,42.094,1.9979094407754028,False,,9.067194596483063,-0.03726563409807149,9.067194596483063,-0.03726563409807149,5.403516944218012,7.977174799114928,8.158844765342966,7.387911959939442,True,2.0,True,2.0,True,5.0
BAC,STOCH_ONLY_CONTROL,2009-11-05,2009-11-06,14.084,GREEN,2009-10-23,13.312,5.799278846153855,False,,12.042033513206473,-0.6461232604373701,12.042033513206473,-0.6461232604373701,6.9653507526270975,7.703777335984108,6.106219823913661,6.368929281454139,True,0.0,True,1.0,True,1.0
BAC,V0.1,2009-11-05,2009-11-06,14.084,GREEN,2009-10-23,13.312,5.799278846153855,False,,12.042033513206473,-0.6461232604373701,12.042033513206473,-0.6461232604373701,6.9653507526270975,7.703777335984108,6.106219823913661,6.368929281454139,True,0.0,True,1.0,True,1.0
JNJ,STOCH_ONLY_CONTROL,2009-11-05,2009-11-06,48.782,GREEN,2009-10-27,47.838,1.9733266440904673,False,,8.909023820261574,-0.6190808084949317,8.909023820261574,-0.6190808084949317,2.4906727891435443,3.9522774793981474,4.841949899553111,7.394120782255764,True,2.0,True,6.0,True,11.0
JNJ,V0.1,2009-11-05,2009-11-06,48.782,GREEN,2009-10-27,47.838,1.9733266440904673,False,,8.909023820261574,-0.6190808084949317,8.909023820261574,-0.6190808084949317,2.4906727891435443,3.9522774793981474,4.841949899553111,7.394120782255764,True,2.0,True,6.0,True,11.0
MMM,STOCH_ONLY_CONTROL,2009-11-05,2009-11-06,63.606,GREEN,2009-10-30,62.134,2.369073293205015,False,,5.700720057856179,-0.25469295349495047,5.700720057856179,-0.25469295349495047,3.2701317485771764,2.361412445366784,3.430493978555482,4.05622111121593,True,1.0,True,1.0,True,3.0
MMM,V0.1,2009-11-05,2009-11-06,63.606,GREEN,2009-10-30,62.134,2.369073293205015,False,,5.700720057856179,-0.25469295349495047,5.700720057856179,-0.25469295349495047,3.2701317485771764,2.361412445366784,3.430493978555482,4.05622111121593,True,1.0,True,1.0,True,3.0
PEP,STOCH_ONLY_CONTROL,2009-11-05,2009-11-06,50.097,GREEN,2009-11-03,48.972,2.297231070815986,False,,5.7268898337225815,-0.3253687845579667,5.7268898337225815,-0.3253687845579667,1.564963969898403,1.7905263788250858,2.0180849152643843,5.313691438609092,True,1.0,True,2.0,True,20.0
PEP,V0.1,2009-11-05,2009-11-06,50.097,GREEN,2009-11-03,48.972,2.297231070815986,False,,5.7268898337225815,-0.3253687845579667,5.7268898337225815,-0.3253687845579667,1.564963969898403,1.7905263788250858,2.0180849152643843,5.313691438609092,True,1.0,True,2.0,True,20.0
VFC,STOCH_ONLY_CONTROL,2009-11-05,2009-11-06,15.708,GREEN,2009-10-29,14.938,5.154639175257736,False,,4.679144385026746,-3.692386045327223,4.679144385026746,-3.692386045327223,0.9103641456582601,-1.8143621084797612,-1.4769544181308825,-2.2536287242169606,True,1.0,True,1.0,False,
VFC,V0.1,2009-11-05,2009-11-06,15.708,GREEN,2009-10-29,14.938,5.154639175257736,False,,4.679144385026746,-3.692386045327223,4.679144385026746,-3.692386045327223,0.9103641456582601,-1.8143621084797612,-1.4769544181308825,-2.2536287242169606,True,1.0,True,1.0,False,
GE,STOCH_ONLY_CONTROL,2009-11-06,2009-11-09,12.64,GREEN,2009-10-23,11.392,10.955056179775301,False,,5.023734177215178,-2.547468354430382,5.023734177215178,-2.547468354430382,1.8987341772152,2.033227848101271,2.990506329113929,0.13449367088607111,True,5.0,True,5.0,True,18.0
GE,V0.1,2009-11-06,2009-11-09,12.64,GREEN,2009-10-23,11.392,10.955056179775301,False,,5.023734177215178,-2.547468354430382,5.023734177215178,-2.547468354430382,1.8987341772152,2.033227848101271,2.990506329113929,0.13449367088607111,True,5.0,True,5.0,True,18.0
LOW,STOCH_ONLY_CONTROL,2009-11-06,2009-11-09,18.609,GREEN,2009-10-27,16.947,9.807045494777844,False,,10.081143532699222,-0.6663442420334342,10.081143532699222,-0.6663442420334342,3.374711161266042,4.051802891074208,7.378150357353963,7.990757160513717,True,1.0,True,3.0,True,5.0
PGR,V0.1,2009-11-06,2009-11-09,12.536,GREEN,2009-11-03,12.221,2.5775304803207444,False,,6.932035737077213,-0.5504148053605551,6.932035737077213,-0.5504148053605551,5.089342693044041,4.961710274409703,2.8876834716017985,2.75207402680282,True,0.0,True,2.0,True,2.0
SHW,STOCH_ONLY_CONTROL,2009-11-06,2009-11-09,55.26,GREEN,2009-10-22,51.833,6.61161808114521,False,,5.025334781035107,-1.48389431777054,5.025334781035107,-1.48389431777054,1.735432500904821,0.903003981179884,3.7242128121606877,2.756062251176261,True,5.0,True,12.0,True,16.0
SHW,V0.1,2009-11-06,2009-11-09,55.26,GREEN,2009-10-22,51.833,6.61161808114521,False,,5.025334781035107,-1.48389431777054,5.025334781035107,-1.48389431777054,1.735432500904821,0.903003981179884,3.7242128121606877,2.756062251176261,True,5.0,True,12.0,True,16.0
USB,STOCH_ONLY_CONTROL,2009-11-06,2009-11-09,20.488,GREEN,2009-11-04,19.726,3.862922031836158,True,13.0,4.221983600156198,-5.061499414291292,4.221983600156198,-4.846739554861379,-2.2549785240140507,-1.53748535728232,1.7522452167122227,-3.9193674345958662,True,0.0,True,2.0,False,
USB,V0.1,2009-11-06,2009-11-09,20.488,GREEN,2009-11-04,19.726,3.862922031836158,True,13.0,4.221983600156198,-5.061499414291292,4.221983600156198,-4.846739554861379,-2.2549785240140507,-1.53748535728232,1.7522452167122227,-3.9193674345958662,True,0.0,True,2.0,False,
BBT,STOCH_ONLY_CONTROL,2009-11-09,2009-11-10,20.838,GREEN,2009-10-23,19.751,5.503518809174213,False,,6.555331605720327,-3.186486227085139,6.555331605720327,-3.186486227085139,-0.6046645551396557,0.07678280065264165,4.515788463384207,3.124100201554847,True,1.0,True,15.0,True,15.0
BBT,V0.1,2009-11-09,2009-11-10,20.838,GREEN,2009-10-23,19.751,5.503518809174213,False,,6.555331605720327,-3.186486227085139,6.555331605720327,-3.186486227085139,-0.6046645551396557,0.07678280065264165,4.515788463384207,3.124100201554847,True,1.0,True,15.0,True,15.0
CB,STOCH_ONLY_CONTROL,2009-11-09,2009-11-10,44.853,GREEN,2009-10-27,43.069,4.142190438598514,True,7.0,0.42137649655540343,-9.14543062894344,0.42137649655540343,-5.297304528125224,-2.6129801796981322,-5.6049762557688565,-5.413238802309772,-5.8279267830468555,False,,False,,False,
CB,V0.1,2009-11-09,2009-11-10,44.853,GREEN,2009-10-27,43.069,4.142190438598514,True,7.0,0.42137649655540343,-9.14543062894344,0.42137649655540343,-5.297304528125224,-2.6129801796981322,-5.6049762557688565,-5.413238802309772,-5.8279267830468555,False,,False,,False,
FITB,STOCH_ONLY_CONTROL,2009-11-09,2009-11-10,8.2071,GREEN,2009-10-28,7.404,10.846839546191255,False,,12.141925893433726,-4.22317261883004,12.141925893433726,-4.22317261883004,1.9592791607266902,3.088788975399326,8.230678315117391,5.976532514530097,True,4.0,True,4.0,True,14.0
FITB,V0.1,2009-11-09,2009-11-10,8.2071,GREEN,2009-10-28,7.404,10.846839546191255,False,,12.141925893433726,-4.22317261883004,12.141925893433726,-4.22317261883004,1.9592791607266902,3.088788975399326,8.230678315117391,5.976532514530097,True,4.0,True,4.0,True,14.0
LEG,STOCH_ONLY_CONTROL,2009-11-09,2009-11-10,15.242,GREEN,2009-11-02,14.905,2.2609862462261043,False,,3.7396667104054426,-1.8960766303634746,3.7396667104054426,-1.8960766303634746,3.063902375016392,1.3187245768271794,2.657131610024921,2.3028473953549344,True,1.0,True,1.0,False,
LEG,V0.1,2009-11-09,2009-11-10,15.242,GREEN,2009-11-02,14.905,2.2609862462261043,False,,3.7396667104054426,-1.8960766303634746,3.7396667104054426,-1.8960766303634746,3.063902375016392,1.3187245768271794,2.657131610024921,2.3028473953549344,True,1.0,True,1.0,False,
MTB,STOCH_ONLY_CONTROL,2009-11-09,2009-11-10,54.17,GREEN,2009-10-30,50.603,7.048989190364208,False,,4.336348532397993,-5.305519660328595,4.336348532397993,-5.305519660328595,-1.7611223924681618,2.739523721617143,1.223924681558053,-1.0688573010891655,True,8.0,True,9.0,False,
MTB,V0.1,2009-11-09,2009-11-10,54.17,GREEN,2009-10-30,50.603,7.048989190364208,False,,4.336348532397993,-5.305519660328595,4.336348532397993,-5.305519660328595,-1.7611223924681618,2.739523721617143,1.223924681558053,-1.0688573010891655,True,8.0,True,9.0,False,
PFE,STOCH_ONLY_CONTROL,2009-11-09,2009-11-10,13.556,GREEN,2009-11-03,13.086,3.591624637016655,False,,9.634110357037473,-0.5163765122454866,9.634110357037473,-0.5163765122454866,3.5851283564473313,5.7096488639716725,8.195632930067864,5.318678076128647,True,0.0,True,2.0,True,6.0
PFE,V0.1,2009-11-09,2009-11-10,13.556,GREEN,2009-11-03,13.086,3.591624637016655,False,,9.634110357037473,-0.5163765122454866,9.634110357037473,-0.5163765122454866,3.5851283564473313,5.7096488639716725,8.195632930067864,5.318678076128647,True,0.0,True,2.0,True,6.0
STT,STOCH_ONLY_CONTROL,2009-11-09,2009-11-10,38.353,GREEN,2009-10-21,35.393,8.363235668069958,False,,0.48236122337235177,-8.81808463483953,0.48236122337235177,-8.81808463483953,-3.856282429014679,-4.54983964748521,-1.1498448622011326,-5.835267123823429,False,,False,,False,
STT,V0.1,2009-11-09,2009-11-10,38.353,GREEN,2009-10-21,35.393,8.363235668069958,False,,0.48236122337235177,-8.81808463483953,0.48236122337235177,-8.81808463483953,-3.856282429014679,-4.54983964748521,-1.1498448622011326,-5.835267123823429,False,,False,,False,
CMA,STOCH_ONLY_CONTROL,2009-11-10,2009-11-11,25.22,GREEN,2009-10-28,23.735,6.256583105119029,False,,4.940523394131646,-3.271213322759714,4.940523394131646,-3.271213322759714,3.4853291038858147,2.0618556701030855,-1.740681998413962,-0.2180808881839802,True,0.0,True,0.0,False,
CMA,V0.1,2009-11-10,2009-11-11,25.22,GREEN,2009-10-28,23.735,6.256583105119029,False,,4.940523394131646,-3.271213322759714,4.940523394131646,-3.271213322759714,3.4853291038858147,2.0618556701030855,-1.740681998413962,-0.2180808881839802,True,0.0,True,0.0,False,
RF,STOCH_ONLY_CONTROL,2009-11-13,2009-11-16,4.4026,GREEN,2009-10-26,4.142,6.291646547561536,False,,22.24140280743199,-1.0221232907827171,22.24140280743199,-1.0221232907827171,16.12229137327943,17.96211329668833,16.12229137327943,8.976513878162894,True,0.0,True,1.0,True,1.0
ADM,STOCH_ONLY_CONTROL,2009-12-01,2009-12-02,26.369,GREEN,2009-11-25,25.543,3.2337626747054093,False,,3.159012476771972,-3.52307633964124,3.159012476771972,-3.52307633964124,-1.6762107019606343,0.7698433766923252,1.0656452652736181,0.9935909590807368,True,0.0,True,2.0,False,
SWK,STOCH_ONLY_CONTROL,2009-12-02,2009-12-03,42.655,GREEN,2009-12-01,41.845,1.9357151392042082,True,0.0,7.52080647051927,-3.4087445785957127,0.9635447192591684,-2.175594889227528,-0.14535224475441533,2.37017934591488,6.937053100457158,6.097761106552579,False,,False,,False,
SWK,V0.1,2009-12-02,2009-12-03,42.655,GREEN,2009-12-01,41.845,1.9357151392042082,True,0.0,7.52080647051927,-3.4087445785957127,0.9635447192591684,-2.175594889227528,-0.14535224475441533,2.37017934591488,6.937053100457158,6.097761106552579,False,,False,,False,
TGT,STOCH_ONLY_CONTROL,2009-12-02,2009-12-03,38.882,GREEN,2009-11-19,37.98,2.3749341758820375,True,1.0,5.174630934622715,-4.189599300447499,0.35749189856488783,-4.058433208168289,-2.319839514428268,0.8873000360063665,3.325446221902162,3.117123604752847,False,,False,,False,
TGT,V0.1,2009-12-02,2009-12-03,38.882,GREEN,2009-11-19,37.98,2.3749341758820375,True,1.0,5.174630934622715,-4.189599300447499,0.35749189856488783,-4.058433208168289,-2.319839514428268,0.8873000360063665,3.325446221902162,3.117123604752847,False,,False,,False,
SVU,STOCH_ONLY_CONTROL,2009-12-04,2009-12-07,94.129,GREEN,2009-11-16,89.124,5.615771284951321,True,1.0,1.3088421209191736,-14.42700974194987,1.3088421209191736,-9.593217818100698,-8.693388859968776,-12.62735182568604,-12.835576708559538,-11.177214248531275,False,,False,,False,
SVU,V0.1,2009-12-04,2009-12-07,94.129,GREEN,2009-11-16,89.124,5.615771284951321,True,1.0,1.3088421209191736,-14.42700974194987,1.3088421209191736,-9.593217818100698,-8.693388859968776,-12.62735182568604,-12.835576708559538,-11.177214248531275,False,,False,,False,
MTB,STOCH_ONLY_CONTROL,2009-12-08,2009-12-09,53.058,GREEN,2009-12-07,51.296,3.434965689332503,False,,17.41490444419316,-1.9111161370575669,17.41490444419316,-1.9111161370575669,-0.46175882995965756,4.64208978853331,5.63345772550794,16.61012476912058,True,2.0,True,8.0,True,9.0
MCD,STOCH_ONLY_CONTROL,2009-12-11,2009-12-14,50.399,GREEN,2009-12-04,48.61,3.6803126928615537,False,,2.682592908589454,-1.9107521974642383,2.682592908589454,-1.9107521974642383,0.6607273953848303,2.1528204924700978,-1.2857397964245343,0.5396932478819005,True,7.0,False,,False,
MCD,V0.1,2009-12-11,2009-12-14,50.399,GREEN,2009-12-04,48.61,3.6803126928615537,False,,2.682592908589454,-1.9107521974642383,2.682592908589454,-1.9107521974642383,0.6607273953848303,2.1528204924700978,-1.2857397964245343,0.5396932478819005,True,7.0,False,,False,
VFC,STOCH_ONLY_CONTROL,2009-12-11,2009-12-14,15.727,GREEN,2009-12-09,15.049,4.505282743039407,False,,3.0457175557957683,-3.3700006358491796,3.0457175557957683,-3.3700006358491796,-1.4688115978889749,0.32428308005341133,0.7884529789534023,1.6722833343930876,True,16.0,True,18.0,False,
VFC,V0.1,2009-12-11,2009-12-14,15.727,GREEN,2009-12-09,15.049,4.505282743039407,False,,3.0457175557957683,-3.3700006358491796,3.0457175557957683,-3.3700006358491796,-1.4688115978889749,0.32428308005341133,0.7884529789534023,1.6722833343930876,True,16.0,True,18.0,False,
BAC,STOCH_ONLY_CONTROL,2009-12-14,2009-12-15,14.566,GREEN,2009-12-10,14.227,2.382793280382378,True,2.0,11.190443498558288,-3.995606206233704,0.3913222573115327,-3.995606206233704,-0.7757792118632478,-2.464643690786761,9.577097349993124,8.856240560208706,False,,False,,False,
BAC,V0.1,2009-12-14,2009-12-15,14.566,GREEN,2009-12-10,14.227,2.382793280382378,True,2.0,11.190443498558288,-3.995606206233704,0.3913222573115327,-3.995606206233704,-0.7757792118632478,-2.464643690786761,9.577097349993124,8.856240560208706,False,,False,,False,
LLY,STOCH_ONLY_CONTROL,2009-12-15,2009-12-16,28.23,GREEN,2009-12-14,27.578,2.364203350496785,True,15.0,2.061636556854407,-3.0712008501594057,2.061636556854407,-3.0712008501594057,0.0,-0.6376195536663132,-2.624867162592981,-0.340063761955367,True,4.0,False,,False,
LLY,V0.1,2009-12-15,2009-12-16,28.23,GREEN,2009-12-14,27.578,2.364203350496785,True,15.0,2.061636556854407,-3.0712008501594057,2.061636556854407,-3.0712008501594057,0.0,-0.6376195536663132,-2.624867162592981,-0.340063761955367,True,4.0,False,,False,
FITB,STOCH_ONLY_CONTROL,2009-12-21,2009-12-22,8.6126,GREEN,2009-12-17,7.9703,8.058667804223196,False,,24.74746301929729,-4.316931008057967,24.74746301929729,-4.316931008057967,-3.9233216450317077,8.745326614495031,15.516800966026501,18.744629960755166,True,8.0,True,9.0,True,10.0
FITB,V0.1,2009-12-21,2009-12-22,8.6126,GREEN,2009-12-17,7.9703,8.058667804223196,False,,24.74746301929729,-4.316931008057967,24.74746301929729,-4.316931008057967,-3.9233216450317077,8.745326614495031,15.516800966026501,18.744629960755166,True,8.0,True,9.0,True,10.0
RF,STOCH_ONLY_CONTROL,2009-12-21,2009-12-22,4.9325,GREEN,2009-12-15,4.69,5.1705756929637525,False,,32.42777496198681,-5.650278763304605,32.42777496198681,-5.650278763304605,-3.097820577800303,12.387227572225035,19.31677648251393,20.22301064368981,True,8.0,True,9.0,True,10.0
RF,V0.1,2009-12-21,2009-12-22,4.9325,GREEN,2009-12-15,4.69,5.1705756929637525,False,,32.42777496198681,-5.650278763304605,32.42777496198681,-5.650278763304605,-3.097820577800303,12.387227572225035,19.31677648251393,20.22301064368981,True,8.0,True,9.0,True,10.0
USB,STOCH_ONLY_CONTROL,2009-12-21,2009-12-22,19.642,GREEN,2009-12-09,18.647,5.335978977851674,False,,17.045107422869354,-3.243050605844622,17.045107422869354,-3.243050605844622,-2.092454943488431,5.401690255574798,10.452092454943497,7.585785561551783,True,8.0,True,9.0,True,10.0
USB,V0.1,2009-12-21,2009-12-22,19.642,GREEN,2009-12-09,18.647,5.335978977851674,False,,17.045107422869354,-3.243050605844622,17.045107422869354,-3.243050605844622,-2.092454943488431,5.401690255574798,10.452092454943497,7.585785561551783,True,8.0,True,9.0,True,10.0
WMT,STOCH_ONLY_CONTROL,2009-12-21,2009-12-22,45.442,GREEN,2009-12-17,44.464,2.1995322058294464,False,,3.2546982967298854,-1.4413978257999283,3.2546982967298854,-1.4413978257999283,1.5734342678579205,0.2596716693807455,1.406188107917794,-0.9704678491263663,True,7.0,True,14.0,False,
ADP,STOCH_ONLY_CONTROL,2009-12-22,2009-12-23,31.694,GREEN,2009-12-17,30.993,2.2618010518504095,True,19.0,1.438758124566153,-4.335205401653308,1.438758124566153,-4.243705433205025,-0.2397930207610255,-1.1642582192213036,-1.5239477503628418,-3.8461538461538436,False,,False,,False,
ADP,V0.1,2009-12-22,2009-12-23,31.694,GREEN,2009-12-17,30.993,2.2618010518504095,True,19.0,1.438758124566153,-4.335205401653308,1.438758124566153,-4.243705433205025,-0.2397930207610255,-1.1642582192213036,-1.5239477503628418,-3.8461538461538436,False,,False,,False,
AVY,STOCH_ONLY_CONTROL,2009-12-22,2009-12-23,31.008,GREEN,2009-12-17,30.165,2.7946295375435026,False,,8.262383900928793,-2.231682146542824,8.262383900928793,-2.231682146542824,-1.8027605779153633,2.4509803921568762,6.25,3.82481940144479,True,7.0,True,7.0,True,11.0
AVY,V0.1,2009-12-22,2009-12-23,31.008,GREEN,2009-12-17,30.165,2.7946295375435026,False,,8.262383900928793,-2.231682146542824,8.262383900928793,-2.231682146542824,-1.8027605779153633,2.4509803921568762,6.25,3.82481940144479,True,7.0,True,7.0,True,11.0
CTL,STOCH_ONLY_CONTROL,2009-12-22,2009-12-23,22.906,GREEN,2009-12-18,22.288,2.7727925340990556,True,9.0,2.868244128176034,-5.5924211996856705,2.868244128176034,-3.1782065834279116,0.6592159259582564,-3.1520125731249404,-2.5015279839343374,-3.3441019820134366,True,3.0,False,,False,
CTL,V0.1,2009-12-22,2009-12-23,22.906,GREEN,2009-12-18,22.288,2.7727925340990556,True,9.0,2.868244128176034,-5.5924211996856705,2.868244128176034,-3.1782065834279116,0.6592159259582564,-3.1520125731249404,-2.5015279839343374,-3.3441019820134366,True,3.0,False,,False,
KO,STOCH_ONLY_CONTROL,2009-12-22,2009-12-23,23.331,GREEN,2009-12-21,23.208,0.5299896587383612,True,7.0,1.3415627277013398,-5.8034374866058,1.3415627277013398,-1.8558998757018497,-0.35574986070034953,-3.591787750203601,-1.5987313017016058,-4.993356478504984,False,,False,,False,
PEP,STOCH_ONLY_CONTROL,2009-12-22,2009-12-23,50.001,GREEN,2009-12-14,48.275,3.5753495598135565,False,,3.367932641347182,-1.2999740005199878,3.367932641347182,-1.2999740005199878,-0.11799764004719604,-0.16599668006639368,2.3359532809343886,-1.0519789604207852,True,7.0,True,14.0,False,
PEP,V0.1,2009-12-22,2009-12-23,50.001,GREEN,2009-12-14,48.275,3.5753495598135565,False,,3.367932641347182,-1.2999740005199878,3.367932641347182,-1.2999740005199878,-0.11799764004719604,-0.16599668006639368,2.3359532809343886,-1.0519789604207852,True,7.0,True,14.0,False,
PPG,STOCH_ONLY_CONTROL,2009-12-23,2009-12-24,26.446,GREEN,2009-12-18,25.688,2.9507941451261344,False,,8.273462905543362,-1.436890266959101,8.273462905543362,-1.436890266959101,2.1023973379717065,3.924979202904022,8.224306133252647,1.0398547984572293,True,5.0,True,6.0,True,13.0
PPG,V0.1,2009-12-23,2009-12-24,26.446,GREEN,2009-12-18,25.688,2.9507941451261344,False,,8.273462905543362,-1.436890266959101,8.273462905543362,-1.436890266959101,2.1023973379717065,3.924979202904022,8.224306133252647,1.0398547984572293,True,5.0,True,6.0,True,13.0
