window,ticker,loaded,source
BEAR_2022,ABBV,True,yfinance
BEAR_2022,ABT,True,yfinance
BEAR_2022,ADM,True,yfinance
BEAR_2022,ADP,True,yfinance
BEAR_2022,AFL,True,yfinance
BEAR_2022,ALB,True,yfinance
BEAR_2022,AMCR,True,yfinance
BEAR_2022,AOS,True,yfinance
BEAR_2022,APD,True,yfinance
BEAR_2022,ATO,True,yfinance
BEAR_2022,BDX,True,yfinance
BEAR_2022,BEN,True,yfinance
BEAR_2022,BF-B,True,yfinance
BEAR_2022,CAH,True,yfinance
BEAR_2022,CAT,True,yfinance
BEAR_2022,CB,True,yfinance
BEAR_2022,CINF,True,yfinance
BEAR_2022,CL,True,yfinance
BEAR_2022,CLX,True,yfinance
BEAR_2022,CTAS,True,yfinance
BEAR_2022,CVX,True,yfinance
BEAR_2022,DOV,True,yfinance
BEAR_2022,ECL,True,yfinance
BEAR_2022,ED,True,yfinance
BEAR_2022,EMR,True,yfinance
BEAR_2022,ESS,True,yfinance
BEAR_2022,EXPD,True,yfinance
BEAR_2022,FRT,True,yfinance
BEAR_2022,GD,True,yfinance
BEAR_2022,GPC,True,yfinance
BEAR_2022,GWW,True,yfinance
BEAR_2022,HRL,True,yfinance
BEAR_2022,IBM,True,yfinance
BEAR_2022,ITW,True,yfinance
BEAR_2022,JNJ,True,yfinance
BEAR_2022,KMB,True,yfinance
BEAR_2022,KO,True,yfinance
BEAR_2022,LIN,True,yfinance
BEAR_2022,LOW,True,yfinance
BEAR_2022,MCD,True,yfinance
BEAR_2022,MDT,True,yfinance
BEAR_2022,MKC,True,yfinance
BEAR_2022,MMM,True,yfinance
BEAR_2022,NEE,True,yfinance
BEAR_2022,NUE,True,yfinance
BEAR_2022,O,True,yfinance
BEAR_2022,PBCT,True,legacy_fallback
BEAR_2022,PEP,True,yfinance
BEAR_2022,PG,True,yfinance
BEAR_2022,PNR,True,yfinance
BEAR_2022,PPG,True,yfinance
BEAR_2022,ROP,True,yfinance
BEAR_2022,SHW,True,yfinance
BEAR_2022,SPGI,True,yfinance
BEAR_2022,SWK,True,yfinance
BEAR_2022,SYY,True,yfinance
BEAR_2022,T,True,yfinance
BEAR_2022,TGT,True,yfinance
BEAR_2022,TROW,True,yfinance
BEAR_2022,VFC,True,yfinance
BEAR_2022,WBA,True,legacy_fallback
BEAR_2022,WMT,True,yfinance
BEAR_2022,WST,True,yfinance
BEAR_2022,XOM,True,yfinance
BULL_2013_2014,MMM,True,legacy
BULL_2013_2014,ABT,True,legacy
BULL_2013_2014,ABBV,True,legacy
BULL_2013_2014,AFL,True,legacy
BULL_2013_2014,APD,True,legacy
BULL_2013_2014,ADM,True,legacy
BULL_2013_2014,T,True,legacy
BULL_2013_2014,ADP,True,legacy
BULL_2013_2014,BDX,True,legacy
BULL_2013_2014,BMS,True,legacy
BULL_2013_2014,BF-B,True,legacy
BULL_2013_2014,BCR,True,legacy
BULL_2013_2014,CAH,True,legacy
BULL_2013_2014,CVX,True,legacy
BULL_2013_2014,CB,True,legacy
BULL_2013_2014,CINF,True,legacy
BULL_2013_2014,CTAS,True,legacy
BULL_2013_2014,CLX,True,legacy
BULL_2013_2014,KO,True,legacy
BULL_2013_2014,CL,True,legacy
BULL_2013_2014,ED,True,legacy
BULL_2013_2014,DOV,True,legacy
BULL_2013_2014,ECL,True,legacy
BULL_2013_2014,EMR,True,legacy
BULL_2013_2014,XOM,True,legacy
BULL_2013_2014,FDO,False,missing
BULL_2013_2014,BEN,True,legacy
BULL_2013_2014,GPC,True,legacy
BULL_2013_2014,HCP,True,legacy
BULL_2013_2014,HRL,True,legacy
BULL_2013_2014,ITW,True,legacy
BULL_2013_2014,JNJ,True,legacy
BULL_2013_2014,KMB,True,legacy
BULL_2013_2014,LEG,True,legacy
BULL_2013_2014,LOW,True,legacy
BULL_2013_2014,MKC,True,legacy
BULL_2013_2014,MCD,True,legacy
BULL_2013_2014,MHFI,True,legacy
BULL_2013_2014,MDT,True,legacy
BULL_2013_2014,NUE,True,legacy
BULL_2013_2014,PNR,True,legacy
BULL_2013_2014,PEP,True,legacy
BULL_2013_2014,PPG,True,legacy
BULL_2013_2014,PG,True,legacy
BULL_2013_2014,SHW,True,legacy
BULL_2013_2014,SIAL,False,missing
BULL_2013_2014,SWK,True,legacy
BULL_2013_2014,SYY,True,legacy
BULL_2013_2014,TROW,True,legacy
BULL_2013_2014,TGT,True,legacy
BULL_2013_2014,VFC,True,legacy
BULL_2013_2014,GWW,True,legacy
BULL_2013_2014,WAG,True,legacy
BULL_2013_2014,WMT,True,legacy
BULL_2017,ABBV,True,yfinance
BULL_2017,ABT,True,yfinance
BULL_2017,ADM,True,yfinance
BULL_2017,ADP,True,yfinance
BULL_2017,AFL,True,yfinance
BULL_2017,APD,True,yfinance
BULL_2017,BCR,True,legacy_fallback
BULL_2017,BDX,True,yfinance
BULL_2017,BEN,True,yfinance
BULL_2017,BF-B,True,yfinance
BULL_2017,CAH,True,yfinance
BULL_2017,CINF,True,yfinance
BULL_2017,CL,True,yfinance
BULL_2017,CLX,True,yfinance
BULL_2017,CTAS,True,yfinance
BULL_2017,CVX,True,yfinance
BULL_2017,DOV,True,yfinance
BULL_2017,ECL,True,yfinance
BULL_2017,ED,True,yfinance
BULL_2017,EMR,True,yfinance
BULL_2017,GPC,True,yfinance
BULL_2017,GWW,True,yfinance
BULL_2017,HRL,True,yfinance
BULL_2017,ITW,True,yfinance
BULL_2017,JNJ,True,yfinance
BULL_2017,KMB,True,yfinance
BULL_2017,KO,True,yfinance
BULL_2017,LEG,True,yfinance
BULL_2017,LOW,True,yfinance
BULL_2017,MCD,True,yfinance
BULL_2017,MDT,True,yfinance
BULL_2017,MHFI,True,yfinance
BULL_2017,MKC,True,yfinance
BULL_2017,MMM,True,yfinance
BULL_2017,NUE,True,yfinance
BULL_2017,PEP,True,yfinance
BULL_2017,PG,True,yfinance
BULL_2017,PNR,True,yfinance
BULL_2017,PPG,True,yfinance
BULL_2017,SHW,True,yfinance
BULL_2017,SWK,True,yfinance
BULL_2017,SYY,True,yfinance
BULL_2017,T,True,yfinance
BULL_2017,TGT,True,yfinance
BULL_2017,TROW,True,yfinance
BULL_2017,VFC,True,yfinance
BULL_2017,WBA,True,legacy_fallback
BULL_2017,WMT,True,yfinance
BULL_2017,XOM,True,yfinance
BULL_2017,GD,True,yfinance
BULL_2017,FRT,True,yfinance
CHOP_2015_2016,ABBV,True,legacy
CHOP_2015_2016,ABT,True,legacy
CHOP_2015_2016,ADM,True,legacy
CHOP_2015_2016,ADP,True,legacy
CHOP_2015_2016,AFL,True,legacy
CHOP_2015_2016,APD,True,legacy
CHOP_2015_2016,BCR,True,legacy
CHOP_2015_2016,BDX,True,legacy
CHOP_2015_2016,BEN,True,legacy
CHOP_2015_2016,BF-B,True,legacy
CHOP_2015_2016,CAH,True,legacy
CHOP_2015_2016,CB,True,legacy
CHOP_2015_2016,CINF,True,legacy
CHOP_2015_2016,CL,True,legacy
CHOP_2015_2016,CLX,True,legacy
CHOP_2015_2016,CTAS,True,legacy
CHOP_2015_2016,CVX,True,legacy
CHOP_2015_2016,DOV,True,legacy
CHOP_2015_2016,ECL,True,legacy
CHOP_2015_2016,ED,True,legacy
CHOP_2015_2016,EMR,True,legacy
CHOP_2015_2016,FDO,False,missing
CHOP_2015_2016,GPC,True,legacy
CHOP_2015_2016,GWW,True,legacy
CHOP_2015_2016,HCP,True,legacy
CHOP_2015_2016,HRL,True,legacy
CHOP_2015_2016,ITW,True,legacy
CHOP_2015_2016,JNJ,True,legacy
CHOP_2015_2016,KMB,True,legacy
CHOP_2015_2016,KO,True,legacy
CHOP_2015_2016,LEG,True,legacy
CHOP_2015_2016,LOW,True,legacy
CHOP_2015_2016,MCD,True,legacy
CHOP_2015_2016,MDT,True,legacy
CHOP_2015_2016,MHFI,True,legacy
CHOP_2015_2016,MKC,True,legacy
CHOP_2015_2016,MMM,True,legacy
CHOP_2015_2016,NUE,True,legacy
CHOP_2015_2016,PEP,True,legacy
CHOP_2015_2016,PG,True,legacy
CHOP_2015_2016,PNR,True,legacy
CHOP_2015_2016,PPG,True,legacy
CHOP_2015_2016,SHW,True,legacy
CHOP_2015_2016,SIAL,False,missing
CHOP_2015_2016,SWK,True,legacy
CHOP_2015_2016,SYY,True,legacy
CHOP_2015_2016,T,True,legacy
CHOP_2015_2016,TGT,True,legacy
CHOP_2015_2016,TROW,True,legacy
CHOP_2015_2016,VFC,True,legacy
CHOP_2015_2016,WBA,True,legacy
CHOP_2015_2016,WMT,True,legacy
CHOP_2015_2016,XOM,True,legacy
COVID_2020,ABBV,True,yfinance
COVID_2020,ABT,True,yfinance
COVID_2020,ADM,True,yfinance
COVID_2020,ADP,True,yfinance
COVID_2020,AFL,True,yfinance
COVID_2020,ALB,True,yfinance
COVID_2020,AMCR,True,yfinance
COVID_2020,AOS,True,yfinance
COVID_2020,APD,True,yfinance
COVID_2020,ATO,True,yfinance
COVID_2020,BDX,True,yfinance
COVID_2020,BEN,True,yfinance
COVID_2020,BF-B,True,yfinance
COVID_2020,CAH,True,yfinance
COVID_2020,CAT,True,yfinance
COVID_2020,CB,True,yfinance
COVID_2020,CINF,True,yfinance
COVID_2020,CL,True,yfinance
COVID_2020,CLX,True,yfinance
COVID_2020,CTAS,True,yfinance
COVID_2020,CVX,True,yfinance
COVID_2020,DOV,True,yfinance
COVID_2020,ECL,True,yfinance
COVID_2020,ED,True,yfinance
COVID_2020,EMR,True,yfinance
COVID_2020,ESS,True,yfinance
COVID_2020,EXPD,True,yfinance
COVID_2020,FRT,True,yfinance
COVID_2020,GD,True,yfinance
COVID_2020,GPC,True,yfinance
COVID_2020,GWW,True,yfinance
COVID_2020,HRL,True,yfinance
COVID_2020,ITW,True,yfinance
COVID_2020,JNJ,True,yfinance
COVID_2020,KMB,True,yfinance
COVID_2020,KO,True,yfinance
COVID_2020,LEG,True,yfinance
COVID_2020,LIN,True,yfinance
COVID_2020,LOW,True,yfinance
COVID_2020,MCD,True,yfinance
COVID_2020,MDT,True,yfinance
COVID_2020,MKC,True,yfinance
COVID_2020,MMM,True,yfinance
COVID_2020,NUE,True,yfinance
COVID_2020,O,True,yfinance
COVID_2020,PBCT,True,legacy_fallback
COVID_2020,PEP,True,yfinance
COVID_2020,PG,True,yfinance
COVID_2020,PNR,True,yfinance
COVID_2020,PPG,True,yfinance
COVID_2020,ROP,True,yfinance
COVID_2020,ROST,True,yfinance
COVID_2020,SHW,True,yfinance
COVID_2020,SPGI,True,yfinance
COVID_2020,SWK,True,yfinance
COVID_2020,SYY,True,yfinance
COVID_2020,T,True,yfinance
COVID_2020,TGT,True,yfinance
COVID_2020,TROW,True,yfinance
COVID_2020,UTX,True,yfinance
COVID_2020,VFC,True,yfinance
COVID_2020,WBA,True,legacy_fallback
COVID_2020,WMT,True,yfinance
COVID_2020,XOM,True,yfinance
GFC_2007_2009,FHN,True,legacy
GFC_2007_2009,BAC,True,legacy
GFC_2007_2009,ED,True,legacy
GFC_2007_2009,USB,True,legacy
GFC_2007_2009,PFE,True,legacy
GFC_2007_2009,BBT,True,legacy
GFC_2007_2009,CMA,True,legacy
GFC_2007_2009,RF,True,legacy
GFC_2007_2009,FITB,True,legacy
GFC_2007_2009,MO,True,legacy
GFC_2007_2009,KEY,True,legacy
GFC_2007_2009,CINF,True,legacy
GFC_2007_2009,LEG,True,legacy
GFC_2007_2009,GCI,True,legacy
GFC_2007_2009,LLY,True,legacy
GFC_2007_2009,KMB,True,legacy
GFC_2007_2009,SNV,True,legacy
GFC_2007_2009,GE,True,legacy
GFC_2007_2009,JNJ,True,legacy
GFC_2007_2009,BUD,True,legacy
GFC_2007_2009,PPG,True,legacy
GFC_2007_2009,CLX,True,legacy
GFC_2007_2009,MTB,True,legacy
GFC_2007_2009,KO,True,legacy
GFC_2007_2009,ROH,False,missing
GFC_2007_2009,ABT,True,legacy
GFC_2007_2009,AVY,True,legacy
GFC_2007_2009,VFC,True,legacy
GFC_2007_2009,CBSS,False,missing
GFC_2007_2009,CB,True,legacy
GFC_2007_2009,PEP,True,legacy
GFC_2007_2009,PG,True,legacy
GFC_2007_2009,SWK,True,legacy
GFC_2007_2009,EMR,True,legacy
GFC_2007_2009,MMM,True,legacy
GFC_2007_2009,MCD,True,legacy
GFC_2007_2009,SLM,True,legacy
GFC_2007_2009,WWY,False,missing
GFC_2007_2009,ADP,True,legacy
GFC_2007_2009,WMT,True,legacy
GFC_2007_2009,SHW,True,legacy
GFC_2007_2009,GWW,True,legacy
GFC_2007_2009,SVU,True,legacy
GFC_2007_2009,FDO,False,missing
GFC_2007_2009,DOV,True,legacy
GFC_2007_2009,MHP,True,yfinance_fallback
GFC_2007_2009,ADM,True,legacy
GFC_2007_2009,STT,True,legacy
GFC_2007_2009,BDX,True,legacy
GFC_2007_2009,JCI,True,legacy
GFC_2007_2009,LOW,True,legacy
GFC_2007_2009,SIAL,False,missing
GFC_2007_2009,STR,False,missing
GFC_2007_2009,TGT,True,legacy
GFC_2007_2009,WAG,False,missing
GFC_2007_2009,NUE,True,legacy
GFC_2007_2009,BCR,True,legacy
GFC_2007_2009,CTL,True,legacy
GFC_2007_2009,PGR,True,legacy
