window,variable,bucket,bucket_n,pass_n,fail_n,delta_stop_pp,delta_hit3_pp,delta_hit5_pp,delta_mfe_pp,delta_mae_pp,delta_ret20_pp
ALL_WINDOWS_POOLED,spy_roc5_pct,<=-4,56,12,44,-19.696969696969695,15.909090909090907,26.51515151515152,4.45128759439115,4.231384896145515,9.147671753236672
ALL_WINDOWS_POOLED,spy_roc5_pct,"(-4,-2]",122,49,73,-6.429969247973155,5.675146771037191,9.896561364271733,0.6443681944446373,-1.0974353998916455,-1.1010516632620762
ALL_WINDOWS_POOLED,spy_roc5_pct,"(-2,0]",373,186,187,1.8371571502501283,1.909033408084646,-1.4231499051233456,0.062154334774362496,-0.417428270204506,0.10011186043429299
ALL_WINDOWS_POOLED,spy_roc5_pct,"(0,2]",608,389,219,6.495991360589741,-5.410195912713782,-6.368043572677863,-0.6594908189402338,-0.09555424763329823,-0.6236849175308113
ALL_WINDOWS_POOLED,spy_roc5_pct,>2,119,94,25,-10.51063829787234,5.702127659574458,-8.638297872340424,-1.5126133035824738,-0.99501850408735,-3.347820566973045
BEAR_2022,spy_roc5_pct,<=-4,16,6,10,-3.333333333333343,6.666666666666657,0.0,-0.8147941751789478,-0.08059727922967941,3.7404323971143723
BEAR_2022,spy_roc5_pct,"(-4,-2]",6,1,5,100.0,-100.0,-80.0,-8.312432623966082,-1.8237666214731072,-7.413086536051615
BEAR_2022,spy_roc5_pct,"(0,2]",22,12,10,28.333333333333336,-1.6666666666666643,-35.0,-3.327197333596841,-0.6742514690679666,-4.28841644715129
BULL_2013_2014,spy_roc5_pct,<=-4,4,2,2,-50.0,50.0,50.0,12.88248579269826,0.1393883051848066,7.2854618924317105
BULL_2013_2014,spy_roc5_pct,"(-4,-2]",45,20,25,-27.0,23.0,26.0,1.5334556270400554,0.7771533675455586,1.62639033172122
BULL_2013_2014,spy_roc5_pct,"(-2,0]",142,68,74,-3.7758346581875983,11.88394276629571,1.391096979332275,0.3162697161285024,0.1468422671931675,0.7831246388921462
BULL_2013_2014,spy_roc5_pct,"(0,2]",230,136,94,-6.539424280350445,5.47559449311639,11.311013767209008,0.5097233644474346,0.11052593035872871,0.36463592652771215
BULL_2013_2014,spy_roc5_pct,>2,26,22,4,-22.72727272727273,43.18181818181817,25.0,0.7650083165037582,-0.4122479747469723,-2.4746488138438973
BULL_2017,spy_roc5_pct,"(-2,0]",56,32,24,21.875,-13.541666666666664,-13.541666666666671,-0.7638169461548427,-0.506991431606812,-1.3041313571179518
BULL_2017,spy_roc5_pct,"(0,2]",116,69,47,22.386679000925067,-22.386679000925064,-19.272278754239903,-2.2957777769300964,-0.05838771559960554,-1.7011923262135527
CHOP_2015_2016,spy_roc5_pct,<=-4,15,1,14,-7.142857142857142,42.85714285714286,-35.714285714285715,-0.24471808668809025,1.1500645963856408,3.756745693599209
CHOP_2015_2016,spy_roc5_pct,"(-4,-2]",18,8,10,0.0,0.0,27.5,0.3236061896704743,-1.1647008025527246,2.7456258143038834
CHOP_2015_2016,spy_roc5_pct,"(-2,0]",110,46,64,3.736413043478258,3.736413043478258,-9.51086956521739,-1.0920700466582933,-0.9292955966024565,-2.720936041779831
CHOP_2015_2016,spy_roc5_pct,"(0,2]",158,115,43,14.924165824064701,-5.621840242669364,-20.38422649140546,-1.1431273579373182,-0.40433679181017324,-0.7269371280822977
CHOP_2015_2016,spy_roc5_pct,>2,11,10,1,-70.0,40.0,10.0,3.5619467008226997,1.4010428618086692,-7.141405077392564
COVID_2020,spy_roc5_pct,<=-4,20,2,18,-50.0,-11.111111111111114,33.333333333333336,6.700354297815881,8.797196085249059,8.094074572315991
COVID_2020,spy_roc5_pct,"(-4,-2]",33,15,18,14.444444444444457,-3.3333333333333357,-3.3333333333333304,0.7454294613898451,-4.092361099742234,-6.958992451893325
COVID_2020,spy_roc5_pct,"(-2,0]",8,7,1,-42.85714285714286,57.14285714285714,28.57142857142857,2.4729464684928733,2.5522434738129527,39.14263183411282
COVID_2020,spy_roc5_pct,"(0,2]",38,24,14,-7.738095238095227,21.42857142857143,4.761904761904759,1.7235594380021433,0.6194581611810412,0.7015578438980841
COVID_2020,spy_roc5_pct,>2,30,21,9,7.936507936507944,19.04761904761905,1.5873015873015817,-0.9037923939321981,-1.3352342000868354,-3.0111073017933236
GFC_2007_2009,spy_roc5_pct,"(-4,-2]",20,5,15,-46.666666666666664,26.66666666666667,20.0,1.9484860529741903,1.8878572371677889,3.609573273927727
GFC_2007_2009,spy_roc5_pct,"(-2,0]",54,30,24,-5.000000000000007,-17.5,10.0,1.082452846556567,-0.7576125030157814,2.9466973961510687
GFC_2007_2009,spy_roc5_pct,"(0,2]",44,33,11,-9.090909090909086,-30.303030303030297,0.0,-0.21718928700326323,-0.08700288059670536,0.07122379143704904
GFC_2007_2009,spy_roc5_pct,>2,41,30,11,-14.54545454545454,-0.30303030303030454,-17.878787878787875,-2.284201731818282,-0.852716232002265,-2.667028069939964
ALL_WINDOWS_POOLED,spy_dist_ma50_pct,<=-5,99,40,59,-2.711864406779661,4.067796610169495,10.29661016949153,1.9041850466770143,1.659455899891027,4.114898807031707
ALL_WINDOWS_POOLED,spy_dist_ma50_pct,"(-5,-2]",73,44,29,12.14733542319749,-6.504702194357364,-29.153605015673982,-2.457901742107649,-0.25356250656970936,-1.973051298178048
ALL_WINDOWS_POOLED,spy_dist_ma50_pct,"(-2,0]",242,145,97,3.5762531105581203,1.258442943476723,-4.67116956985425,-0.8285276901841039,-0.7086233727288462,-1.5167831239497573
ALL_WINDOWS_POOLED,spy_dist_ma50_pct,"(0,2]",425,248,177,4.884271915436493,-2.3806269363951174,-2.5287042099507957,0.06268595887261341,-0.025850518783670395,-0.19897165926947036
ALL_WINDOWS_POOLED,spy_dist_ma50_pct,>2,439,253,186,0.5610098176718097,-4.86208508648901,-2.1866632666071624,-0.479996401204533,-0.3412450313044548,-0.3842409725576108
BEAR_2022,spy_dist_ma50_pct,<=-5,20,9,11,3.030303030303024,-8.080808080808076,-10.101010101010097,-1.1329495233059594,0.5868940752685914,3.865485760824749
BEAR_2022,spy_dist_ma50_pct,"(-5,-2]",28,15,13,31.282051282051277,-23.5897435897436,-35.8974358974359,-3.695099134707009,-1.8984837828650507,-4.566819928263586
BEAR_2022,spy_dist_ma50_pct,"(0,2]",4,3,1,0.0,0.0,0.0,-1.5754304503780234,1.8597683247896901,-12.851612609996518
BULL_2013_2014,spy_dist_ma50_pct,<=-5,12,8,4,-25.0,25.0,25.0,1.8553842238399376,1.0342291264668597,-1.4374916837245841
BULL_2013_2014,spy_dist_ma50_pct,"(-5,-2]",13,8,5,0.0,-12.5,-37.5,-4.593145014663953,-0.11347643030583887,-4.825699881496915
BULL_2013_2014,spy_dist_ma50_pct,"(-2,0]",109,67,42,-13.041933191186924,16.31130063965884,-1.918976545842213,-0.0008591004134093083,0.3106530462172652,-0.8355569852496125
BULL_2013_2014,spy_dist_ma50_pct,"(0,2]",117,60,57,-5.438596491228068,10.701754385964911,16.842105263157894,1.429870441092536,0.5049793883642748,2.0114877525991837
BULL_2013_2014,spy_dist_ma50_pct,>2,196,105,91,0.0,0.9523809523809561,6.739926739926741,0.2824895144794519,-0.41074767874455764,0.09992230255048229
BULL_2017,spy_dist_ma50_pct,"(0,2]",103,60,43,19.76744186046512,-11.47286821705427,-17.51937984496124,-1.0746554583721952,-0.2650935896144271,-1.2059709295209098
BULL_2017,spy_dist_ma50_pct,>2,65,37,28,23.648648648648653,-29.05405405405405,-16.6988416988417,-2.8626074498199223,0.028763987039210015,-2.060026858038269
CHOP_2015_2016,spy_dist_ma50_pct,<=-5,21,5,16,67.5,-10.0,-31.25,-1.7977355302811047,0.38767471503668727,3.2669099238050396
CHOP_2015_2016,spy_dist_ma50_pct,"(-5,-2]",9,8,1,-50.0,75.0,25.0,2.966670434106733,-1.1580727367564876,-0.06962012982224319
CHOP_2015_2016,spy_dist_ma50_pct,"(-2,0]",101,51,50,20.745098039215684,-5.137254901960787,-10.50980392156863,-1.7382440442868106,-1.5385306040619997,-2.175516108002754
CHOP_2015_2016,spy_dist_ma50_pct,"(0,2]",133,85,48,4.019607843137251,-5.367647058823525,-16.495098039215684,-0.8073484694914232,0.061686016162286084,-1.0745588554491652
CHOP_2015_2016,spy_dist_ma50_pct,>2,48,31,17,-1.8975332068311204,0.7590132827324538,-10.626185958254268,-0.36434136814908413,-0.652656812420219,-0.10094749216107102
COVID_2020,spy_dist_ma50_pct,<=-5,44,17,27,-13.94335511982571,-4.793028322440087,8.714596949891067,2.0091429515819903,1.408507744194349,2.039570348077268
COVID_2020,spy_dist_ma50_pct,"(-5,-2]",3,1,2,0.0,0.0,0.0,-0.2527759333297409,6.757917369954098,-10.166091605056017
COVID_2020,spy_dist_ma50_pct,"(0,2]",24,13,11,-6.993006993006986,27.272727272727266,22.377622377622394,1.354359556203752,0.3682358369043297,-0.7552038500759513
COVID_2020,spy_dist_ma50_pct,>2,52,32,20,1.875,16.25,6.25,1.2880479732959924,-0.5670854261500411,-0.841487298763886
GFC_2007_2009,spy_dist_ma50_pct,<=-5,2,1,1,-100.0,0.0,0.0,-0.9830340528917514,3.1634175695262727,-2.2524277096618306
GFC_2007_2009,spy_dist_ma50_pct,"(-5,-2]",20,12,8,8.333333333333336,-8.333333333333343,-29.16666666666667,-0.67866957768413,0.012358280621261208,1.8739613998743736
GFC_2007_2009,spy_dist_ma50_pct,"(-2,0]",16,11,5,-3.636363636363633,-27.272727272727266,23.636363636363633,0.28162728838510187,-0.8554665137676305,1.9647047829853768
GFC_2007_2009,spy_dist_ma50_pct,"(0,2]",44,27,17,-9.368191721132902,-0.8714596949890989,23.311546840958606,2.3044847095545986,-0.8629261593897222,1.8723905865352828
GFC_2007_2009,spy_dist_ma50_pct,>2,78,48,30,-14.583333333333329,-20.41666666666667,-15.833333333333336,-2.055289447274485,-0.05307592537742023,0.47834268048396444
ALL_WINDOWS_POOLED,spy_dist_ma200_pct,<=-5,23,6,17,-0.9803921568627487,47.05882352941176,31.37254901960783,8.026324217616812,0.4832372121685178,7.205483875803366
ALL_WINDOWS_POOLED,spy_dist_ma200_pct,"(-5,0]",100,54,46,1.5297906602254514,2.4154589371980677,-5.233494363929147,-0.522750749269,-0.6137105761995798,1.2547146258443866
ALL_WINDOWS_POOLED,spy_dist_ma200_pct,"(0,5]",346,192,154,4.159902597402599,-7.007575757575758,-7.068452380952383,-0.824600887103685,0.5063038758542309,0.484854441045798
ALL_WINDOWS_POOLED,spy_dist_ma200_pct,>5,809,478,331,0.24333514517943655,-1.242589338760446,-1.6420382004575913,-0.17995592571846508,-0.12497411537475234,-0.40628560141415404
BEAR_2022,spy_dist_ma200_pct,"(-5,0]",37,15,22,12.424242424242422,-8.181818181818173,-23.636363636363633,-2.30827687132805,-0.5262956374797909,1.1944437549023967
BEAR_2022,spy_dist_ma200_pct,"(0,5]",16,14,2,71.42857142857143,-71.42857142857143,-35.714285714285715,-3.5151151214647993,-3.1725357398762224,-7.979526477447931
BEAR_2022,spy_dist_ma200_pct,>5,4,3,1,0.0,0.0,0.0,-1.5754304503780234,1.8597683247896901,-12.851612609996518
BULL_2013_2014,spy_dist_ma200_pct,"(-5,0]",19,12,7,-14.285714285714285,14.285714285714292,14.285714285714292,1.3778154223202836,0.802228521670861,-0.8781813727432084
BULL_2013_2014,spy_dist_ma200_pct,"(0,5]",61,32,29,-2.262931034482758,9.80603448275862,5.495689655172413,-0.6566990852005397,0.21560146516912937,-0.23326529646522332
BULL_2013_2014,spy_dist_ma200_pct,>5,367,204,163,-7.659689642728253,8.763382653674974,8.540839648742935,0.7428214404536759,0.05055849251395683,0.606846185144613
BULL_2017,spy_dist_ma200_pct,"(0,5]",9,5,4,-10.0,35.0,-5.0,1.7704624155243138,2.397875871105854,1.9212617189176475
BULL_2017,spy_dist_ma200_pct,>5,163,96,67,24.17599502487562,-22.37251243781094,-18.143656716417908,-1.9993263377706034,-0.35483122025805947,-1.7837246272783152
CHOP_2015_2016,spy_dist_ma200_pct,<=-5,17,2,15,36.666666666666664,46.666666666666664,-33.33333333333333,0.12686265361628468,0.7413918125190158,1.8600062564264235
CHOP_2015_2016,spy_dist_ma200_pct,"(-5,0]",14,9,5,-13.333333333333343,44.44444444444444,22.22222222222222,0.8264256176918461,0.8034605748987955,4.767098297065342
CHOP_2015_2016,spy_dist_ma200_pct,"(0,5]",185,103,82,15.569500355197725,-10.715131423158887,-16.19701633909543,-1.6309439759709963,-0.8857543016839315,-2.008150777300094
CHOP_2015_2016,spy_dist_ma200_pct,>5,96,66,30,-2.7272727272727195,7.27272727272727,-9.090909090909088,0.05261306583641656,-0.2795376667827143,-0.11551280246237217
COVID_2020,spy_dist_ma200_pct,<=-5,5,3,2,-50.0,50.0,50.0,9.665655589611625,2.0397335087354715,-1.4121552370529482
COVID_2020,spy_dist_ma200_pct,"(-5,0]",20,13,7,0.0,9.890109890109898,7.6923076923076925,0.41123073134143073,-1.147206621963477,8.448298879279307
COVID_2020,spy_dist_ma200_pct,"(0,5]",22,2,20,0.0,-55.00000000000001,-15.0,-1.9490248828994163,5.670237508207341,-18.14251257056571
COVID_2020,spy_dist_ma200_pct,>5,82,51,31,-0.5060088551549669,15.053763440860209,5.692599620493354,0.805240401782596,-0.15096969338239097,-0.9655886705180234
GFC_2007_2009,spy_dist_ma200_pct,"(-5,0]",10,5,5,-20.0,-20.0,0.0,0.3254158556147413,0.6013909801493904,3.527778239318356
GFC_2007_2009,spy_dist_ma200_pct,"(0,5]",53,36,17,-2.941176470588239,-9.477124183006538,-2.614379084967318,0.5835888199127535,-0.7915976077868674,2.261593775344898
GFC_2007_2009,spy_dist_ma200_pct,>5,97,58,39,-15.16357206012378,-13.92572944297082,-2.961980548187448,-0.9277894573383607,0.017242446362335517,0.29252065594922727
ALL_WINDOWS_POOLED,spy_ma50_slope10_pct,<=-1,30,16,14,9.821428571428573,-8.92857142857143,-21.42857142857143,-1.0173054613021044,-1.3206460842909573,-3.0868752588948873
ALL_WINDOWS_POOLED,spy_ma50_slope10_pct,"(-1,0]",210,121,89,9.56449066765716,2.3029064908533883,-8.413037422230481,-0.5499908841551466,0.31440226152622364,0.17867373913004325
ALL_WINDOWS_POOLED,spy_ma50_slope10_pct,"(0,1]",632,375,257,-0.6952010376134794,-3.095201037613485,-2.184176394293125,-0.4663000385476579,0.3140769862497894,0.26295112012338917
ALL_WINDOWS_POOLED,spy_ma50_slope10_pct,>1,406,218,188,1.1370290845207904,-1.795822760101501,0.21471793870779265,0.19479305377204703,-0.18197038750303518,0.18083783479859505
BEAR_2022,spy_ma50_slope10_pct,<=-1,25,13,12,21.794871794871803,-21.153846153846153,-36.53846153846153,-3.4474885415866012,-1.8458257868603503,-3.954300392316375
BEAR_2022,spy_ma50_slope10_pct,"(-1,0]",28,17,11,12.834224598930483,-22.459893048128343,-31.01604278074866,-2.8041363437792732,-0.5741938025708411,0.1497247978266696
BEAR_2022,spy_ma50_slope10_pct,"(0,1]",5,3,2,50.0,-50.0,0.0,-2.2568324141903573,0.18998690392830753,-10.823719041515625
BULL_2013_2014,spy_ma50_slope10_pct,"(-1,0]",61,34,27,-11.11111111111111,11.873638344226578,9.803921568627459,1.8626480818909608,1.2382100707374541,1.0915433396058596
BULL_2013_2014,spy_ma50_slope10_pct,"(0,1]",249,147,102,-8.883553421368546,8.42336934773909,7.402961184473792,0.22827423177694417,-0.02820568042030258,0.22178557931907128
BULL_2013_2014,spy_ma50_slope10_pct,>1,137,67,70,-0.6183368869936103,9.50959488272921,10.106609808102345,0.8113840286850307,-0.2247489240412035,0.658041189571501
BULL_2017,spy_ma50_slope10_pct,"(0,1]",108,65,43,16.63685152057245,-8.085867620751344,-11.05545617173524,-1.4072699451242725,-0.33103846902542955,-1.0295956087205085
BULL_2017,spy_ma50_slope10_pct,>1,64,36,28,30.158730158730158,-35.71428571428571,-26.58730158730158,-2.3230853996342327,0.005387580136649639,-2.4458023718243425
CHOP_2015_2016,spy_ma50_slope10_pct,"(-1,0]",84,47,37,30.419781483611278,8.223116733755035,-12.305922944220818,-1.4076434325475362,-0.2671980354748409,-1.2722679048040206
CHOP_2015_2016,spy_ma50_slope10_pct,"(0,1]",176,105,71,12.152917505030182,-17.8672032193159,-19.557344064386314,-1.370438097721482,-0.8007529665044721,-1.715418180030717
CHOP_2015_2016,spy_ma50_slope10_pct,>1,52,28,24,-8.333333333333336,10.119047619047617,-2.3809523809523796,-0.24589438254316054,0.22409035858650705,0.292709510232966
COVID_2020,spy_ma50_slope10_pct,<=-1,5,3,2,-50.0,50.0,50.0,9.665655589611625,2.0397335087354715,-1.4121552370529482
COVID_2020,spy_ma50_slope10_pct,"(-1,0]",3,1,2,0.0,0.0,0.0,-0.2527759333297409,6.757917369954098,-10.166091605056017
COVID_2020,spy_ma50_slope10_pct,"(0,1]",58,28,30,-22.14285714285714,7.6190476190476275,19.285714285714285,1.2821287153319485,3.780828219053803,4.93046783927959
COVID_2020,spy_ma50_slope10_pct,>1,63,37,26,4.885654885654887,10.602910602910605,-1.0395010395010402,0.657069652461109,-0.28667902458254657,-1.0958234369526456
GFC_2007_2009,spy_ma50_slope10_pct,"(-1,0]",34,22,12,-12.878787878787882,-15.15151515151517,-17.424242424242422,-0.9343620910415691,0.4518353175366636,2.3842499136140436
GFC_2007_2009,spy_ma50_slope10_pct,"(0,1]",36,27,9,7.407407407407405,-18.51851851851852,-7.407407407407412,-1.5047058967599263,-1.3319442010680431,-3.105053960696835
GFC_2007_2009,spy_ma50_slope10_pct,>1,90,50,40,-13.5,-13.5,4.0,0.4952382081774491,-0.30449351828678095,2.388691864963036
ALL_WINDOWS_POOLED,spy_rv20_ann_pct,<=10,517,297,220,7.92929292929292,-2.255892255892256,-2.9461279461279446,-0.4721932708174128,-0.20335533101436365,-0.5988217960330858
ALL_WINDOWS_POOLED,spy_rv20_ann_pct,"(10,20]",580,331,249,-0.9779298462733124,-4.242953687863228,-6.817602737232917,-0.47870724040646007,-0.24702479434247415,-0.3884243848373581
ALL_WINDOWS_POOLED,spy_rv20_ann_pct,"(20,30]",153,85,68,-6.764705882352935,3.82352941176471,8.235294117647065,0.419713718799005,2.5754899704063576,3.575292823211601
ALL_WINDOWS_POOLED,spy_rv20_ann_pct,"(30,40]",23,14,9,0.0,13.492063492063494,7.142857142857142,0.6540644250112062,-0.45620026808794023,7.308532697057064
ALL_WINDOWS_POOLED,spy_rv20_ann_pct,>40,5,3,2,-50.0,50.0,50.0,9.665655589611625,2.0397335087354715,-1.4121552370529482
BEAR_2022,spy_rv20_ann_pct,"(10,20]",31,19,12,12.280701754385973,-32.01754385964912,-25.877192982456144,-2.5618744548656145,-1.616876880652642,-2.0237590455850176
BEAR_2022,spy_rv20_ann_pct,"(20,30]",27,14,13,27.472527472527467,-12.637362637362642,-34.06593406593408,-3.379819106178293,-0.15202329416678806,-2.6652868451684903
BULL_2013_2014,spy_rv20_ann_pct,<=10,195,103,92,-3.7040945546644153,9.645420008442386,12.589700295483325,0.8921705289026374,-0.0635427368628605,1.0417916272657677
BULL_2013_2014,spy_rv20_ann_pct,"(10,20]",252,145,107,-7.392845633258137,6.993232355784727,4.060586529165327,0.265668402533108,0.24515681821963353,-0.1363227923253869
BULL_2017,spy_rv20_ann_pct,<=10,169,99,70,22.352092352092352,-19.249639249639245,-17.431457431457435,-1.8397237366658343,-0.21755369577104577,-1.5595091643187036
BULL_2017,spy_rv20_ann_pct,"(10,20]",3,2,1,0.0,0.0,0.0,2.134273333509795,0.3325786837211575,-1.891070146439394
CHOP_2015_2016,spy_rv20_ann_pct,<=10,128,80,48,11.250000000000007,-4.583333333333329,-9.583333333333332,-1.3123638776893105,-0.27299976194903364,-1.9000573003287682
CHOP_2015_2016,spy_rv20_ann_pct,"(10,20]",162,93,69,9.864422627395975,-8.415147265077145,-18.980832164562877,-1.2715505872997506,-0.8460125840154786,-0.9666879168731553
CHOP_2015_2016,spy_rv20_ann_pct,"(20,30]",22,7,15,29.52380952380952,32.38095238095237,-4.761904761904759,0.3823836064454147,-0.174394700030037,-2.702740408818962
COVID_2020,spy_rv20_ann_pct,<=10,25,15,10,-3.333333333333343,30.0,3.3333333333333286,1.4908800625736265,-0.6667011847523636,-1.0113872712250858
COVID_2020,spy_rv20_ann_pct,"(10,20]",21,15,6,-10.000000000000014,26.66666666666667,0.0,1.3674699792495613,0.37020951444344785,6.295681818254606
COVID_2020,spy_rv20_ann_pct,"(20,30]",55,22,33,-25.75757575757575,6.0606060606060765,22.72727272727273,1.6105919709479242,5.580610883077387,6.0427024732912855
COVID_2020,spy_rv20_ann_pct,"(30,40]",23,14,9,0.0,13.492063492063494,7.142857142857142,0.6540644250112062,-0.45620026808794023,7.308532697057064
COVID_2020,spy_rv20_ann_pct,>40,5,3,2,-50.0,50.0,50.0,9.665655589611625,2.0397335087354715,-1.4121552370529482
GFC_2007_2009,spy_rv20_ann_pct,"(10,20]",111,57,54,-9.551656920077974,-16.374269005847957,-6.237816764132553,-0.3350607900330598,-0.05983373682379556,0.587133691113054
GFC_2007_2009,spy_rv20_ann_pct,"(20,30]",49,42,7,2.380952380952383,-26.19047619047619,-2.3809523809523725,-2.9222418673366226,-0.08255932018566003,0.3946588405706768
ALL_WINDOWS_POOLED,breadth_above_ma50_pct,<=25,200,107,93,-9.697517837403275,10.95367299768867,3.3463973470002983,0.4649949969822078,1.813607073765385,2.5805617711742648
ALL_WINDOWS_POOLED,breadth_above_ma50_pct,"(25,50]",260,157,103,8.601818069383462,-6.690990043905757,-7.686599468183786,-0.8912815193570909,-0.05202688087403784,-0.2780239880168447
ALL_WINDOWS_POOLED,breadth_above_ma50_pct,"(50,75]",552,308,244,4.029167553757723,-2.2195018096657435,-5.306578667234405,-0.21726648086032174,-0.2232311466814072,-0.47826524810598836
ALL_WINDOWS_POOLED,breadth_above_ma50_pct,>75,266,158,108,0.04688232536334169,-7.114392873886537,1.090014064697609,-0.48984907715023907,-0.5661767599568357,-0.37132485783851943
BEAR_2022,breadth_above_ma50_pct,<=25,6,5,1,20.0,-20.0,-20.0,-1.6430632877099391,1.0542743107373052,0.5090216161305703
BEAR_2022,breadth_above_ma50_pct,"(25,50]",48,25,23,28.869565217391305,-29.565217391304344,-40.86956521739131,-4.017592921151701,-1.6244132190589875,-4.05004514965905
BEAR_2022,breadth_above_ma50_pct,>75,4,3,1,0.0,0.0,0.0,-1.5754304503780234,1.8597683247896901,-12.851612609996518
BULL_2013_2014,breadth_above_ma50_pct,<=25,67,43,24,-24.031007751937977,19.379844961240323,-4.360465116279066,0.07140216420682499,0.5582129910952567,-1.3450182069231413
BULL_2013_2014,breadth_above_ma50_pct,"(25,50]",81,51,30,-6.4705882352941195,7.8431372549019756,4.117647058823529,-0.26883875247434474,0.23798034121336942,0.20055896572131227
BULL_2013_2014,breadth_above_ma50_pct,"(50,75]",153,75,78,-0.6666666666666643,8.358974358974365,10.205128205128204,0.9858621601500102,0.2581604080330666,0.5626125110156404
BULL_2013_2014,breadth_above_ma50_pct,>75,146,79,67,1.1524655204987724,-1.6058945777441878,5.819006234649535,0.15210157923239542,-0.6630341292235817,0.3341040521712547
BULL_2017,breadth_above_ma50_pct,"(25,50]",4,2,2,0.0,0.0,-50.0,-1.3381555908760112,4.090116678254496,-2.1491077348627763
BULL_2017,breadth_above_ma50_pct,"(50,75]",135,75,60,22.33333333333334,-18.0,-18.66666666666666,-1.8915831101494844,-0.23420980048249218,-1.5906105346529904
BULL_2017,breadth_above_ma50_pct,>75,33,24,9,27.77777777777778,-31.944444444444457,-4.166666666666661,-1.1772061078618221,-0.5907813614379089,-0.2985183995036712
CHOP_2015_2016,breadth_above_ma50_pct,<=25,70,36,34,34.31372549019607,5.392156862745097,-7.352941176470587,-1.133423162574708,-0.6333464757396841,-1.4104202697572479
CHOP_2015_2016,breadth_above_ma50_pct,"(25,50]",88,52,36,19.87179487179487,-13.461538461538467,-9.615384615384615,-0.8717738813803027,-0.2052641293855233,-0.9015731287297625
CHOP_2015_2016,breadth_above_ma50_pct,"(50,75]",132,78,54,-0.42735042735042583,-4.985754985754987,-22.507122507122507,-1.340251020564886,-0.570511919842994,-1.5150900907593328
CHOP_2015_2016,breadth_above_ma50_pct,>75,22,14,8,7.142857142857139,-12.5,-8.92857142857143,-1.2783614461142734,-0.9370188334942089,-0.46322626049020155
COVID_2020,breadth_above_ma50_pct,<=25,44,17,27,-13.94335511982571,-4.793028322440087,8.714596949891067,2.0091429515819903,1.408507744194349,2.039570348077268
COVID_2020,breadth_above_ma50_pct,"(25,50]",7,5,2,-60.0,60.0,20.0,3.718107382267546,9.878513249444438,19.237063818344435
COVID_2020,breadth_above_ma50_pct,"(50,75]",65,39,26,5.128205128205131,10.256410256410255,6.410256410256409,0.5418758724860924,-0.05494008698316888,-0.6549181520964547
COVID_2020,breadth_above_ma50_pct,>75,13,8,5,-12.5,37.5,12.5,2.3078669567218077,-1.28520293288167,-2.5813072020291346
GFC_2007_2009,breadth_above_ma50_pct,<=25,13,6,7,-7.142857142857139,-2.3809523809523654,-21.42857142857143,-1.0907193086003515,0.6730568523497906,-0.2058513407511282
GFC_2007_2009,breadth_above_ma50_pct,"(25,50]",32,22,10,4.54545454545454,-10.909090909090907,15.454545454545453,1.159347697124077,-1.2601706782310695,2.1972457609330416
GFC_2007_2009,breadth_above_ma50_pct,"(50,75]",67,41,26,-12.66416510318949,-9.005628517823638,-0.5628517823639783,0.5420008713259676,-0.6205877056167894,1.7417536612402347
GFC_2007_2009,breadth_above_ma50_pct,>75,48,30,18,-18.888888888888893,-21.11111111111112,-7.777777777777779,-2.418420808888227,0.2448801502142688,-0.35894013500337935
ALL_WINDOWS_POOLED,breadth_5d_positive_pct,<=25,239,94,145,-8.598679383712394,6.331621423330887,5.429200293470288,0.7294440316417159,0.8861487745793744,1.8502725069676993
ALL_WINDOWS_POOLED,breadth_5d_positive_pct,"(25,50]",384,201,183,2.3081314737786442,-4.192153984177466,-3.825136612021865,-0.0578689710622573,-0.5868448662458601,-0.16674941566911938
ALL_WINDOWS_POOLED,breadth_5d_positive_pct,"(50,75]",377,236,141,14.106262771967785,-5.466402211804308,-5.385262651761032,-1.0523650468298524,-0.22365796098423552,-0.7912250458524354
ALL_WINDOWS_POOLED,breadth_5d_positive_pct,>75,278,199,79,-12.779085299917305,8.981616945486927,3.0659627250174957,0.3392674815766519,0.12658875118911528,-0.7607565438415584
BEAR_2022,breadth_5d_positive_pct,<=25,21,7,14,21.42857142857143,-14.285714285714292,-14.285714285714285,-1.3341573595664364,-0.06638267044992396,0.8939927758624779
BEAR_2022,breadth_5d_positive_pct,"(25,50]",14,12,2,16.666666666666657,0.0,-16.66666666666667,-4.853452975177896,-0.6959558019811749,-9.084884007529444
BEAR_2022,breadth_5d_positive_pct,"(50,75]",22,13,9,31.623931623931625,-35.897435897435884,-51.28205128205127,-5.504244650609462,-3.040895058925551,-8.019997093426108
BULL_2013_2014,breadth_5d_positive_pct,<=25,92,43,49,-12.007593735168484,15.80446131941148,5.647840531561464,0.7372558787549597,0.21862329935343916,0.228937928721896
BULL_2013_2014,breadth_5d_positive_pct,"(25,50]",105,54,51,-12.636165577342048,10.675381263616558,11.764705882352935,1.0694516119479744,-0.14292511108699202,1.6404898460382016
BULL_2013_2014,breadth_5d_positive_pct,"(50,75]",113,59,54,1.7890772128060277,7.156308851224104,9.353421217828,0.053785193240011075,0.3147718985407908,0.9483295852455871
BULL_2013_2014,breadth_5d_positive_pct,>75,137,92,45,-11.980676328502412,9.80676328502416,13.5024154589372,1.0645152496365604,0.5158386495812399,-0.07245291392120956
BULL_2017,breadth_5d_positive_pct,<=25,8,3,5,26.666666666666657,-26.66666666666667,-26.66666666666667,-1.9981641604149432,0.9756006752681015,0.15767779629335266
BULL_2017,breadth_5d_positive_pct,"(25,50]",50,23,27,29.307568438003223,-22.544283413848625,-17.069243156199676,-2.110501827989897,-0.8830314063996378,-1.8818045522611067
BULL_2017,breadth_5d_positive_pct,"(50,75]",98,63,35,28.253968253968257,-25.714285714285715,-15.87301587301587,-1.9964340372870644,-0.07626123970081489,-1.8063334949963084
BULL_2017,breadth_5d_positive_pct,>75,16,12,4,-66.66666666666667,58.333333333333336,16.666666666666664,2.851688121320466,1.8752813901052268,5.746455662138734
CHOP_2015_2016,breadth_5d_positive_pct,<=25,55,16,39,10.416666666666671,-1.2820512820512775,1.9230769230769234,-0.6673966338594859,0.06992222919211022,0.5479706562092788
CHOP_2015_2016,breadth_5d_positive_pct,"(25,50]",121,65,56,12.280219780219774,-7.1703296703296715,-22.115384615384613,-1.6267639618738428,-0.8390826196531842,-1.8216892591819074
CHOP_2015_2016,breadth_5d_positive_pct,"(50,75]",77,53,24,20.204402515723274,-2.04402515723271,-16.35220125786163,-1.066158580899636,-0.8325503651667039,-2.1974501953781806
CHOP_2015_2016,breadth_5d_positive_pct,>75,59,46,13,-23.7458193979933,15.05016722408027,-4.51505016722408,0.14492939617385625,0.576566847363893,0.312419408527001
COVID_2020,breadth_5d_positive_pct,<=25,44,19,25,-26.31578947368422,0.6315789473684177,9.052631578947366,2.2785723136063862,3.593521391450354,5.833848263255005
COVID_2020,breadth_5d_positive_pct,"(25,50]",30,13,17,-6.787330316742086,12.21719457013576,20.36199095022625,3.4166083833948564,0.2341289294620612,0.24369237547083178
COVID_2020,breadth_5d_positive_pct,"(50,75]",36,23,13,-0.6688963210702283,19.063545150501675,5.016722408026752,-0.9675926242420756,1.0344420177977693,1.5929793953980882
COVID_2020,breadth_5d_positive_pct,>75,19,14,5,-14.285714285714292,50.0,21.428571428571427,2.819913469553316,-1.6118306817921009,-2.2453827942916345
GFC_2007_2009,breadth_5d_positive_pct,<=25,19,6,13,-46.15384615384615,15.384615384615387,14.102564102564116,1.9347391318738936,1.9733680916347696,5.131641031758271
GFC_2007_2009,breadth_5d_positive_pct,"(25,50]",64,34,30,-17.25490196078431,-12.74509803921569,9.215686274509807,1.6257082821297404,-0.5265508271577364,2.6858868999588523
GFC_2007_2009,breadth_5d_positive_pct,"(50,75]",31,25,6,-1.3333333333333286,1.3333333333333428,10.0,0.7634945597632203,0.1845073887147044,2.5486006293166175
GFC_2007_2009,breadth_5d_positive_pct,>75,46,34,12,0.0,-19.11764705882353,-20.588235294117645,-2.536908842728704,-1.0589517432655415,-3.4727662597382025
ALL_WINDOWS_POOLED,cluster_size,1,309,179,130,1.5341641598624918,4.1254834550924,-0.18048990116029273,-0.1743972747909499,0.006023520814202321,0.15671487135925222
ALL_WINDOWS_POOLED,cluster_size,2-4,570,329,241,7.051419490723802,-5.589678265585384,-3.6057965165407566,-0.4351824048660733,-0.5126002400390117,-0.9205597497256212
ALL_WINDOWS_POOLED,cluster_size,5-9,276,175,101,-4.480905233380483,-1.9179632248939313,-8.933521923620937,-0.6666256901402408,-0.12348438470789835,-0.21553429206189945
ALL_WINDOWS_POOLED,cluster_size,10+,123,47,76,7.754759238521835,-9.770436730123173,-6.0470324748040305,-0.0897460412378619,0.9722622574200281,0.3884819702979385
BEAR_2022,cluster_size,1,11,8,3,75.0,-50.0,-41.66666666666666,-5.004944620198335,-0.4363437668186205,-5.992246923688009
BEAR_2022,cluster_size,2-4,18,13,5,33.84615384615385,-41.53846153846153,-41.53846153846153,-2.7260500789638975,-1.203952722030098,-7.092744774614862
BEAR_2022,cluster_size,5-9,17,9,8,-9.722222222222214,-16.66666666666667,-15.277777777777779,-1.929474446611569,-1.9477127898268627,2.0745165669129344
BEAR_2022,cluster_size,10+,12,3,9,11.111111111111107,0.0,-66.66666666666666,-5.700255911779214,0.07009888063292324,-2.623956422375712
BULL_2013_2014,cluster_size,1,91,44,47,-16.537717601547392,20.79303675048356,20.06769825918762,1.1780503778557643,0.0031531917121672137,1.2373058218035458
BULL_2013_2014,cluster_size,2-4,187,104,83,-6.371640407784987,5.885078776645038,8.816033364226136,0.5822347342159526,-0.07012693312536333,0.3828480532896945
BULL_2013_2014,cluster_size,5-9,133,88,45,5.050505050505048,1.5656565656565675,-1.212121212121211,-0.22118506626376444,0.03059258957973121,-0.362164130056859
BULL_2013_2014,cluster_size,10+,36,12,24,4.166666666666671,-8.333333333333329,-4.166666666666668,1.1583995010378207,0.7035257178231484,1.6173445878042685
BULL_2017,cluster_size,1,61,38,23,12.585812356979403,-11.784897025171624,-11.098398169336384,-1.0205056155779824,0.40631337019728275,0.0747799075126141
BULL_2017,cluster_size,2-4,106,61,45,29.653916211293264,-22.987249544626593,-19.38069216757741,-2.0468414134301134,-0.5398818896975477,-2.2323195538240084
BULL_2017,cluster_size,5-9,5,2,3,-33.33333333333333,-16.666666666666657,-16.666666666666657,-3.154628024346202,0.24038450847343262,-4.8963027015254745
CHOP_2015_2016,cluster_size,1,77,47,30,10.49645390070922,4.964539007092206,-6.028368794326239,-0.34042301607170566,-0.4176790477948753,-0.2626550543016455
CHOP_2015_2016,cluster_size,2-4,144,83,61,8.216472447165714,-2.528145368358679,-8.59174402528145,-0.9641782291504923,-0.6279654637624685,-1.3475389413345251
CHOP_2015_2016,cluster_size,5-9,69,41,28,10.801393728223005,-12.10801393728223,-29.355400696864113,-2.3391861338476643,-0.6377544058537041,-2.542766335940101
CHOP_2015_2016,cluster_size,10+,22,9,13,58.974358974358964,-50.42735042735043,-38.46153846153847,-2.219589165843771,1.035263794671339,0.37262857540872374
COVID_2020,cluster_size,1,22,14,8,-5.357142857142861,26.785714285714292,-1.7857142857142847,1.7141814251395031,1.1413858758681377,2.523428757373951
COVID_2020,cluster_size,2-4,49,32,17,-7.720588235294116,24.080882352941174,16.727941176470587,2.456612423556445,0.28355244265802826,1.3892236983313095
COVID_2020,cluster_size,10+,53,23,30,-20.434782608695656,4.2028985507246475,19.130434782608695,1.1696515110209882,2.789221054647159,3.6146348409514406
GFC_2007_2009,cluster_size,1,47,28,19,-4.323308270676698,-11.278195488721806,-1.127819548872175,-1.091909128322988,0.3366874632427992,0.7777136999882697
GFC_2007_2009,cluster_size,2-4,66,36,30,5.000000000000007,-25.555555555555557,-6.666666666666664,-1.0215972546555516,-1.115645114805445,-0.29576033408215596
GFC_2007_2009,cluster_size,5-9,47,35,12,-35.714285714285715,-3.333333333333343,-6.666666666666657,0.11329614257787313,0.3852852343300759,3.787526321534215
ALL_WINDOWS_POOLED,cluster_share_pct,<=2,309,179,130,1.5341641598624918,4.1254834550924,-0.18048990116029273,-0.1743972747909499,0.006023520814202321,0.15671487135925222
ALL_WINDOWS_POOLED,cluster_share_pct,"(2,5]",255,147,108,9.674981103552533,-7.747543461829174,-3.9493575207860943,-0.33023443852925904,-0.3122684138546328,-0.5328372259949614
ALL_WINDOWS_POOLED,cluster_share_pct,"(5,10]",425,262,163,-1.4915936870697308,0.8780967545543987,-3.6177586287641077,-0.4031256737464277,-0.4736275056620225,-0.9906865225151615
ALL_WINDOWS_POOLED,cluster_share_pct,>10,289,142,147,1.6048672990322856,-8.407588387467662,-4.948740059404038,-0.25158437260107913,0.8391777646229337,1.3381465542740905
BEAR_2022,cluster_share_pct,<=2,11,8,3,75.0,-50.0,-41.66666666666666,-5.004944620198335,-0.4363437668186205,-5.992246923688009
BEAR_2022,cluster_share_pct,"(2,5]",6,2,4,0.0,0.0,0.0,-0.27437616064422343,2.398822324130082,-0.14984449435823066
BEAR_2022,cluster_share_pct,"(5,10]",22,18,4,-33.33333333333334,2.7777777777777786,2.7777777777777786,-1.7923737254255991,-0.2412989386581561,0.08536830430384157
BEAR_2022,cluster_share_pct,>10,19,5,14,17.142857142857146,-4.285714285714292,-57.14285714285714,-4.281533795746076,-1.0486660713551337,-1.7697184195071527
BULL_2013_2014,cluster_share_pct,<=2,91,44,47,-16.537717601547392,20.79303675048356,20.06769825918762,1.1780503778557643,0.0031531917121672137,1.2373058218035458
BULL_2013_2014,cluster_share_pct,"(2,5]",62,34,28,-0.6302521008403303,-6.5126050420168085,9.033613445378144,0.5725236871522017,0.24265944655314842,0.10509748468562141
BULL_2013_2014,cluster_share_pct,"(5,10]",175,106,69,-11.908668307355754,14.738856986601029,5.715066994804481,0.6356615990135142,0.01736857066417885,0.38495104947023684
BULL_2013_2014,cluster_share_pct,>10,119,64,55,5.0284090909090935,-2.1875,4.261363636363633,0.40215881882844506,0.13182341751607396,0.4377193913329971
BULL_2017,cluster_share_pct,<=2,61,38,23,12.585812356979403,-11.784897025171624,-11.098398169336384,-1.0205056155779824,0.40631337019728275,0.0747799075126141
BULL_2017,cluster_share_pct,"(2,5]",56,29,27,18.64623243933589,-11.494252873563212,-6.513409961685824,-1.5019132458894013,-0.7004530977836081,-0.5050751794648907
BULL_2017,cluster_share_pct,"(5,10]",55,34,21,36.83473389355743,-33.19327731092437,-33.613445378151255,-2.6545000199035402,-0.34511075452738016,-4.3362554734817245
CHOP_2015_2016,cluster_share_pct,<=2,77,47,30,10.49645390070922,4.964539007092206,-6.028368794326239,-0.34042301607170566,-0.4176790477948753,-0.2626550543016455
CHOP_2015_2016,cluster_share_pct,"(2,5]",62,39,23,17.05685618729097,-5.016722408026752,-5.574136008918618,-0.2401892782914965,-0.9993588557986639,-1.141487068951192
CHOP_2015_2016,cluster_share_pct,"(5,10]",102,62,40,-4.838709677419359,6.612903225806448,-8.145161290322584,-1.1019952358087788,-0.27681227530779884,-0.6282222964183195
CHOP_2015_2016,cluster_share_pct,>10,71,32,39,37.980769230769226,-37.09935897435898,-36.77884615384615,-2.7928872852330473,-0.24205470689362407,-2.8889556782362646
COVID_2020,cluster_share_pct,<=2,22,14,8,-5.357142857142861,26.785714285714292,-1.7857142857142847,1.7141814251395031,1.1413858758681377,2.523428757373951
COVID_2020,cluster_share_pct,"(2,5]",41,30,11,-15.15151515151517,32.727272727272734,9.393939393939394,2.678154145737245,0.8186818384396095,3.7658714100182236
COVID_2020,cluster_share_pct,"(5,10]",13,2,11,45.45454545454546,-13.636363636363633,-27.27272727272727,-3.162873481795306,-0.25018314915445705,-11.23534545307121
COVID_2020,cluster_share_pct,>10,53,23,30,-20.434782608695656,4.2028985507246475,19.130434782608695,1.1696515110209882,2.789221054647159,3.6146348409514406
GFC_2007_2009,cluster_share_pct,<=2,47,28,19,-4.323308270676698,-11.278195488721806,-1.127819548872175,-1.091909128322988,0.3366874632427992,0.7777136999882697
GFC_2007_2009,cluster_share_pct,"(2,5]",28,13,15,-7.179487179487182,-33.84615384615385,-15.897435897435894,-2.0471021220011103,0.11261343427439652,0.20747163936732232
GFC_2007_2009,cluster_share_pct,"(5,10]",58,40,18,5.277777777777782,-13.888888888888886,-6.666666666666657,-0.5852223967443475,-1.5236996486040577,-0.892823057470173
GFC_2007_2009,cluster_share_pct,>10,27,18,9,-38.88888888888889,-11.1111111111111,-5.555555555555543,0.006933136243935323,0.48437629527012227,4.327557185225429
