signal_type,ticker,n,stocks,stop_rate_pct,hit2_before_stop_pct,hit3_before_stop_pct,hit5_before_stop_pct,avg_mfe_before_stop_pct,avg_mae_before_stop_pct,avg_ret_5d_pct,avg_ret_10d_pct,avg_ret_15d_pct,avg_ret_20d_pct,median_swing_distance_pct
STOCH_ONLY_CONTROL,ABT,1,1,0.0,100.0,100.0,100.0,11.192084942084946,-1.6505791505791456,7.326254826254841,1.3175675675675569,1.9015444015444194,0.419884169884166,3.228377839776808
STOCH_ONLY_CONTROL,ADM,4,1,0.0,100.0,75.0,50.0,8.728261783963248,-3.8156227489878543,0.5247605747752154,1.4392266560419031,4.991711515296226,4.948231045977924,5.094363237416721
STOCH_ONLY_CONTROL,ADP,5,1,80.0,60.0,40.0,0.0,2.683897613987676,-3.593869986697056,0.6156385034022471,-1.2072821358136876,-1.0304592412716551,-2.647538330522352,2.2618010518504095
STOCH_ONLY_CONTROL,AVY,2,1,0.0,100.0,100.0,100.0,8.675017884473057,-1.4839072600405734,1.6783402413181936,3.4127153678969346,4.343201361519167,4.843910303308629,3.274638188846102
STOCH_ONLY_CONTROL,BAC,4,1,75.0,75.0,75.0,50.0,6.74738920134047,-6.097157746585852,1.462736638860726,1.240342087403734,0.9376612343961697,-0.34618494581204695,5.771282748272865
STOCH_ONLY_CONTROL,BBT,2,1,50.0,100.0,100.0,100.0,8.743968496854615,-4.217873919950882,3.472392505389088,1.7635323651522428,-0.23919697031272724,1.2622201535832933,4.0346345135970685
STOCH_ONLY_CONTROL,BCR,2,1,50.0,50.0,50.0,0.0,2.5806095198106616,-2.8186961983763914,-1.9234538464044548,0.003838144443740754,-0.267949029501241,-0.25127351165752376,3.5499796095418534
STOCH_ONLY_CONTROL,BDX,5,1,40.0,80.0,80.0,60.0,6.594441280908493,-2.6412729635023835,-0.17385480984380752,2.0179629535273884,2.08736391875622,4.348586045980143,2.4011420905072134
STOCH_ONLY_CONTROL,CB,4,1,50.0,75.0,75.0,50.0,4.281057155215135,-3.5272255734332707,0.7868884677656118,-1.4923446117523553,-0.2725332354955867,-1.2256548634913962,4.780307259176553
STOCH_ONLY_CONTROL,CINF,1,1,0.0,100.0,100.0,0.0,3.5944746924783333,-2.374470659407135,0.4688445251058715,1.7090139140955918,-0.8923169993950375,-0.5444646098003436,2.4322230828814906
STOCH_ONLY_CONTROL,CLX,2,1,50.0,50.0,50.0,0.0,3.0839402673759286,-2.5892571630292736,1.4054295474419942,-0.2709502242571882,1.0117715762552493,0.034538032666581175,1.9377320862411285
STOCH_ONLY_CONTROL,CMA,2,1,50.0,100.0,100.0,0.0,4.034823832533485,-2.948987392786051,1.6468750334448834,6.088614411747018,5.903042286586363,6.760132360199378,3.260617501251195
STOCH_ONLY_CONTROL,CTL,4,1,50.0,100.0,25.0,25.0,5.061917248141556,-3.2590248768572305,0.5448678383166399,-0.79942922685316,0.22694660576287318,1.1314404542788594,2.6772476142475687
STOCH_ONLY_CONTROL,DOV,2,1,50.0,50.0,50.0,50.0,5.074600842732281,-4.637290884825885,-1.2629957888494858,2.1131640496560355,1.9318368343460013,0.9454213313236537,4.158385517618413
STOCH_ONLY_CONTROL,EMR,5,1,80.0,60.0,60.0,20.0,5.879971335313785,-4.347408531798016,-0.6373613752962506,-1.0225421820509781,0.5537243558525806,4.247998906007618,4.800902671616791
STOCH_ONLY_CONTROL,FHN,3,1,66.66666666666666,100.0,66.66666666666666,66.66666666666666,8.653448522590933,-5.717801793006793,0.482033217803927,1.251719638868232,-3.6945335540195448,-0.21821347824146167,4.613599857219364
STOCH_ONLY_CONTROL,FITB,4,1,50.0,75.0,75.0,75.0,12.424044013285734,-5.712661043296094,0.9350674698245243,3.3853739233106945,6.18524910699024,2.177407702329137,7.000363850796088
STOCH_ONLY_CONTROL,GE,4,1,50.0,75.0,50.0,50.0,7.275266194116581,-3.819020807361512,0.7027130836639861,4.104664715575712,2.864044444178007,2.037995613317503,7.044717447294624
STOCH_ONLY_CONTROL,GWW,6,1,33.33333333333333,66.66666666666666,66.66666666666666,66.66666666666666,5.299533050003102,-2.6441492322649953,1.9415550561868649,0.8640345418872412,4.188991544155382,4.3875303978987015,3.7646085529565387
STOCH_ONLY_CONTROL,JCI,2,1,0.0,100.0,100.0,100.0,11.232843197294638,-2.6752687703776035,0.44851908270436835,4.5342718711148144,7.604459279272902,7.666936427477744,3.5396032684877454
STOCH_ONLY_CONTROL,JNJ,4,1,25.0,75.0,75.0,50.0,4.888788255409715,-1.7063576584109452,0.7797136474323424,0.5687300423547981,1.6477912555612317,2.498073567430603,1.6844436765259374
STOCH_ONLY_CONTROL,KMB,2,1,50.0,0.0,0.0,0.0,0.8398262664530365,-2.5602209869625137,-0.8463848965946208,-0.30648408932311133,-0.5910078137676411,0.15958156939640533,3.020069876080045
STOCH_ONLY_CONTROL,KO,6,1,16.666666666666664,83.33333333333334,83.33333333333334,83.33333333333334,6.592326520260756,-1.1987130208955514,1.750553122390419,1.3073494557940808,3.434266530347711,3.210316651101523,2.0169195645837745
STOCH_ONLY_CONTROL,LEG,3,1,0.0,100.0,100.0,66.66666666666666,13.861697492611881,-1.3277631805329075,5.778198413624658,6.104038893662637,9.236763157256581,8.458950656095988,2.633242047609019
STOCH_ONLY_CONTROL,LLY,3,1,66.66666666666666,66.66666666666666,33.33333333333333,33.33333333333333,2.949987077713974,-3.78543423255685,-1.6032320977499033,-1.0405367299846129,-3.654347360117923,0.11206485674172632,3.915255487010594
STOCH_ONLY_CONTROL,LOW,4,1,25.0,100.0,100.0,100.0,9.026999821597581,-3.0523566438370175,1.4723304160048052,2.5990776666790616,2.61455980358013,4.06782282907047,7.424183970742327
STOCH_ONLY_CONTROL,MCD,4,1,25.0,75.0,50.0,50.0,4.979577412604064,-2.801771784082163,-0.5920575080738344,1.6844703142415818,1.5217221134354082,0.6265248889330971,3.037840453505669
STOCH_ONLY_CONTROL,MMM,5,1,20.0,80.0,80.0,80.0,8.289904254472962,-1.5945158536095705,1.8865718400295672,2.42754455849215,4.119591079297438,5.680473303123872,2.6773387679968508
STOCH_ONLY_CONTROL,MO,2,1,50.0,50.0,50.0,0.0,2.4111526597125787,-1.7549916827901413,-1.2461268496038458,-1.0139822093471806,0.032884537237998224,1.822780021631809,2.639050449949376
STOCH_ONLY_CONTROL,MTB,4,1,25.0,100.0,100.0,50.0,9.788448216869668,-3.5934241674501073,2.3114729004672596,2.9842452882644532,2.637164402888334,5.80297094142101,3.977622763047195
STOCH_ONLY_CONTROL,NUE,3,1,66.66666666666666,100.0,100.0,33.33333333333333,6.347636491098144,-4.498375746397454,-1.5268896163335672,-2.2387137393183765,-2.937893266141522,-3.377280699356152,3.1950593609881395
STOCH_ONLY_CONTROL,PEP,3,1,0.0,100.0,100.0,33.33333333333333,4.367416890892232,-1.6954025264066013,-0.10574353393223805,0.8826723843746017,1.798839400421152,1.9347765505582373,3.271150241903853
STOCH_ONLY_CONTROL,PFE,2,1,0.0,100.0,100.0,100.0,8.281007544144735,-0.5116481853148946,4.693272256756009,4.431908435848076,5.011076844821504,4.361141419783021,2.885181717505292
STOCH_ONLY_CONTROL,PGR,3,1,66.66666666666666,33.33333333333333,33.33333333333333,0.0,1.734563694493844,-4.614236724150115,-2.8079524233720288,-0.8227732390929479,-0.19688579449637458,0.7052398421413993,3.8074712643678232
STOCH_ONLY_CONTROL,PPG,6,1,33.33333333333333,66.66666666666666,66.66666666666666,66.66666666666666,7.828984000735257,-3.85900303382198,-1.3630242412265574,-1.4079841386299137,4.073650794249343,4.406607821301461,4.369517361447572
STOCH_ONLY_CONTROL,RF,2,1,0.0,100.0,100.0,100.0,27.3345888847094,-3.3362010270436615,6.512235397739564,15.174670434456683,17.71953392789668,14.599762260926353,5.731111120262645
STOCH_ONLY_CONTROL,SHW,5,1,40.0,80.0,80.0,40.0,3.970945302572808,-4.070751671438785,0.1653033986911967,-0.07388519900987767,1.9388008639728915,1.4658863698273539,3.3886917634214475
STOCH_ONLY_CONTROL,SLM,3,1,33.33333333333333,100.0,100.0,66.66666666666666,16.74843403634274,-4.618534080067523,2.456899986010907,8.471742696096088,5.578125285746105,4.263555005103336,7.115648331555691
STOCH_ONLY_CONTROL,SNV,1,1,100.0,0.0,0.0,0.0,1.552795031055898,-13.92586019915214,-31.262939958592128,-34.358671004633734,-40.25929212264616,-47.98876072167998,0.0
STOCH_ONLY_CONTROL,STT,2,1,50.0,50.0,50.0,50.0,3.8101671195829745,-8.86110282341533,-0.09945256688638215,-6.683618811417924,-3.79951841849237,-9.225900602154535,6.6556263053480285
STOCH_ONLY_CONTROL,SVU,3,1,66.66666666666666,33.33333333333333,33.33333333333333,33.33333333333333,2.402846874462757,-8.572305777730438,-5.694623463733602,-4.886217352108894,-7.640341919558414,-6.331535802778646,5.615771284951321
STOCH_ONLY_CONTROL,SWK,6,1,33.33333333333333,66.66666666666666,66.66666666666666,50.0,4.446548786493983,-2.893087947639763,0.4207558725923914,3.005719600469988,4.974523152816779,4.404649779353568,3.0105199530712
STOCH_ONLY_CONTROL,TGT,7,1,57.14285714285714,71.42857142857143,71.42857142857143,57.14285714285714,7.217303906547067,-3.1973572653114877,2.0810049597034554,1.096881725503093,1.782334879300097,2.7470518588722626,4.061747027828533
STOCH_ONLY_CONTROL,USB,3,1,33.33333333333333,100.0,100.0,66.66666666666666,10.246964070704209,-3.0911069163791383,1.4217043560104041,2.9698300745414983,5.416485434179549,3.07429992092804,3.862922031836158
STOCH_ONLY_CONTROL,VFC,6,1,33.33333333333333,83.33333333333334,83.33333333333334,50.0,5.873376149887462,-4.029096221010814,0.1668318768774398,1.8717538415475332,0.6835430148761811,1.898513027529047,4.151868499912248
STOCH_ONLY_CONTROL,WMT,4,1,25.0,100.0,100.0,25.0,5.246316014559493,-2.137217145517029,2.1233926039518067,0.8203910488969097,1.24490512424372,0.8442284689174878,2.0987208233024246
V0.1,ABT,1,1,0.0,100.0,100.0,100.0,11.192084942084946,-1.6505791505791456,7.326254826254841,1.3175675675675569,1.9015444015444194,0.419884169884166,3.228377839776808
V0.1,ADM,2,1,0.0,100.0,50.0,50.0,11.136041461718104,-3.745424578796036,0.8315893866252422,0.7294002600457872,5.187791624098159,8.203231500707508,5.289102645969457
V0.1,ADP,4,1,75.0,50.0,50.0,0.0,2.7427891251666168,-3.1094061703525444,0.28559180369991666,-0.7570554300590171,0.03915005848786346,-1.7565846311630773,1.8615269482512353
V0.1,AVY,2,1,0.0,100.0,100.0,100.0,8.675017884473057,-1.4839072600405734,1.6783402413181936,3.4127153678969346,4.343201361519167,4.843910303308629,3.274638188846102
V0.1,BAC,2,1,50.0,50.0,50.0,50.0,6.216677885259003,-2.320864733335537,3.094785770381925,2.6195668225986735,7.841658586953393,7.612584920831422,4.091036063268117
V0.1,BBT,2,1,50.0,100.0,100.0,100.0,6.122202872743099,-6.051827718012237,0.899334980323041,-1.178795545399114,-0.932510167030848,-2.5817065505173598,6.367849937609793
V0.1,BCR,1,1,100.0,0.0,0.0,0.0,0.5889737699663389,-2.2957957155831044,-2.2330252684438445,-1.526523852769912,-3.6700678455045765,0.5889737699663389,2.1514618207615355
V0.1,BDX,3,1,33.33333333333333,66.66666666666666,66.66666666666666,66.66666666666666,6.298554442186809,-2.86862520111583,0.7451623424679532,1.713250552427222,1.3855922743893467,5.674655819105408,2.457786116322702
V0.1,CB,4,1,50.0,75.0,75.0,50.0,4.281057155215135,-3.5272255734332707,0.7868884677656118,-1.4923446117523553,-0.2725332354955867,-1.2256548634913962,4.780307259176553
V0.1,CLX,2,1,0.0,50.0,0.0,0.0,2.430931396104641,-2.472977125470427,-0.34064838920048746,0.5923150583372783,0.46990660911387927,0.4052362075206706,3.6252382920223036
V0.1,CMA,2,1,0.0,100.0,100.0,50.0,13.631895190545572,-2.113901102011295,12.003474435264794,7.59836091672621,6.138924615068925,8.345832582675339,6.16314458741255
V0.1,CTL,4,1,50.0,100.0,25.0,25.0,4.271242168358574,-3.0694427197525824,-0.5978750658250183,-1.5399157418205411,-0.06624949679973591,0.18881021213041949,2.9797408806987113
V0.1,DOV,2,1,50.0,50.0,50.0,50.0,5.074600842732281,-4.637290884825885,-1.2629957888494858,2.1131640496560355,1.9318368343460013,0.9454213313236537,4.158385517618413
V0.1,EMR,2,1,100.0,0.0,0.0,0.0,1.8408244217377967,-6.623702381925655,-4.733058514541555,-3.6342820603208814,2.613007514940219,5.9742789699163525,4.915541930300316
V0.1,FHN,2,1,100.0,100.0,50.0,50.0,5.678287600912757,-6.593421959321666,-2.2113526300031383,-1.760567773634869,-7.16254587397907,0.06507080882564575,5.543074314783992
V0.1,FITB,3,1,33.33333333333333,66.66666666666666,66.66666666666666,66.66666666666666,12.896896419909025,-5.984666683052442,-0.12175173135727431,5.144387807747168,8.316115393047086,4.402508470614341,8.058667804223196
V0.1,GE,3,1,66.66666666666666,66.66666666666666,33.33333333333333,33.33333333333333,2.81353826024795,-4.729863885390673,-2.459404769732417,-0.2447399708712513,-1.2116445081704434,-0.8672392022051167,4.846444240383629
V0.1,GWW,4,1,50.0,50.0,50.0,50.0,4.882679353249553,-3.547186230253951,1.7214344543043936,1.0542083224800298,4.449619717185355,4.573646028330719,3.7646085529565387
V0.1,JCI,2,1,0.0,100.0,100.0,100.0,11.232843197294638,-2.6752687703776035,0.44851908270436835,4.5342718711148144,7.604459279272902,7.666936427477744,3.5396032684877454
V0.1,JNJ,2,1,0.0,50.0,50.0,50.0,4.781348733075729,-1.7908654510102706,0.5916627486818704,1.3476063878818612,1.8085330261658594,3.3521218364505945,2.321689960627815
V0.1,KMB,1,1,100.0,0.0,0.0,0.0,0.23869427778853147,-1.6127991742468262,-1.4085112788422283,0.2558974689804927,0.030105584585937706,2.072984538631917,1.3556810008500175
V0.1,KO,4,1,0.0,100.0,100.0,100.0,7.817868733663884,-1.1784426692296512,1.4499513944831677,2.757509146423037,5.164835330442886,5.951975328580334,2.0169195645837745
V0.1,LEG,2,1,0.0,100.0,100.0,50.0,13.523115478107751,-1.2972003263549192,5.721895321586412,7.71243491411191,11.847071391604636,11.159279842928871,3.9864495686238066
V0.1,LLY,2,1,100.0,50.0,0.0,0.0,1.578358486563436,-3.7446827334997597,-2.136944181646172,-1.061477704931546,-5.71522449898807,-1.1326619661243265,3.1397294187536895
V0.1,LOW,1,1,0.0,100.0,100.0,100.0,14.117853384777268,-4.66502981410033,-3.624459254062906,1.2334853267859103,6.360341400678116,11.791184379749797,7.267824669216805
V0.1,MCD,3,1,33.33333333333333,66.66666666666666,33.33333333333333,33.33333333333333,3.2947931722054236,-3.0834120078209843,-0.5468486768911762,1.0068347779084164,-0.994162311013517,-0.2863907351445409,3.1568545870605424
V0.1,MMM,4,1,25.0,75.0,75.0,75.0,5.477570166172708,-1.567312667935683,1.568598899634646,2.3203737336829287,3.0103202976516528,2.3814106677551408,2.523206030600933
V0.1,MO,2,1,0.0,100.0,100.0,50.0,4.921789205002591,-1.7458535548401322,0.9987251477233894,2.2765122940186067,2.2566429491152284,3.4521286806834417,2.196309661624385
V0.1,MTB,1,1,0.0,100.0,100.0,0.0,4.336348532397993,-5.305519660328595,-1.7611223924681618,2.739523721617143,1.223924681558053,-1.0688573010891655,7.048989190364208
V0.1,NUE,3,1,33.33333333333333,100.0,100.0,66.66666666666666,12.13822483382061,-2.977502356448536,3.868455371513831,2.4397886231037003,1.8216181020383615,1.0359553162643327,5.12373096446701
V0.1,PEP,3,1,0.0,100.0,100.0,33.33333333333333,4.367416890892232,-1.6954025264066013,-0.10574353393223805,0.8826723843746017,1.798839400421152,1.9347765505582373,3.271150241903853
V0.1,PFE,1,1,0.0,100.0,100.0,100.0,9.634110357037473,-0.5163765122454866,3.5851283564473313,5.7096488639716725,8.195632930067864,5.318678076128647,3.591624637016655
V0.1,PGR,3,1,0.0,100.0,100.0,33.33333333333333,5.14334076355775,-3.555652709153819,0.940853299039072,0.037011866098872005,-0.43840668862561455,1.2093866527878583,3.585722453646989
V0.1,PPG,4,1,0.0,100.0,100.0,75.0,9.982528204791652,-3.045138336704311,1.4677689052416731,2.0794114202788148,6.787261123213664,6.962774941943916,5.58781685077534
V0.1,RF,1,1,0.0,100.0,100.0,100.0,32.42777496198681,-5.650278763304605,-3.097820577800303,12.387227572225035,19.31677648251393,20.22301064368981,5.1705756929637525
V0.1,SHW,3,1,33.33333333333333,66.66666666666666,66.66666666666666,66.66666666666666,4.167667478117824,-2.5939815903927617,1.4771019762942927,0.4048027206226064,3.8251822290774395,4.521782659007349,3.3886917634214475
V0.1,SLM,3,1,33.33333333333333,100.0,100.0,66.66666666666666,16.74843403634274,-4.618534080067523,2.456899986010907,8.471742696096088,5.578125285746105,4.263555005103336,7.115648331555691
V0.1,SNV,1,1,100.0,100.0,100.0,0.0,3.9212959744142406,-22.283251060279486,-2.203990822498769,-15.29583536119029,-29.694778558019873,-17.916985329903355,23.131581200239705
V0.1,STT,1,1,0.0,0.0,0.0,0.0,0.48236122337235177,-8.81808463483953,-3.856282429014679,-4.54983964748521,-1.1498448622011326,-5.835267123823429,8.363235668069958
V0.1,SVU,3,1,66.66666666666666,33.33333333333333,33.33333333333333,33.33333333333333,2.473170471286923,-9.425346612562976,-6.098089878845485,-5.979689020432969,-5.389039281242251,-4.3668897275275596,5.615771284951321
V0.1,SWK,4,1,50.0,50.0,50.0,50.0,3.5335447886806093,-3.53979527241241,-1.2762155827067718,3.2703076912844073,5.783215119491874,5.287500982620463,3.0105199530712
V0.1,TGT,4,1,50.0,50.0,50.0,50.0,6.4867130731607485,-5.005895038654035,-1.2141466111762784,1.1881209567439879,0.483829979223493,2.7280356797246474,5.499877913924134
V0.1,USB,2,1,50.0,100.0,100.0,50.0,10.633545511512775,-4.044895080353001,-2.173716733751241,1.932102449146239,6.102168835827859,1.8332090634779585,4.599450504843916
V0.1,VFC,5,1,20.0,100.0,100.0,60.0,6.857785517298064,-4.187671772016679,0.4295365687398034,0.5557962772315417,-2.784606956853415,-1.1108950439378784,4.505282743039407
V0.1,WMT,2,1,50.0,100.0,100.0,0.0,4.331685582512512,-3.5351025610850577,0.7583096018656477,-2.477641136454017,-2.2927061881429402,-1.520265117571562,2.173751104663957
