window,ticker,loaded,source,first,last,rows
GFC_2007_2009,FHN,True,legacy,1990-03-26,2017-11-10,6961.0
GFC_2007_2009,BAC,True,legacy,1986-05-29,2017-11-10,7929.0
GFC_2007_2009,ED,True,legacy,1970-01-02,2017-11-10,12075.0
GFC_2007_2009,USB,True,legacy,1987-11-05,2017-11-10,7561.0
GFC_2007_2009,PFE,True,legacy,1982-01-04,2017-11-10,9042.0
GFC_2007_2009,BBT,True,legacy,1990-03-26,2017-11-10,6961.0
GFC_2007_2009,CMA,True,legacy,1990-03-26,2017-11-10,6963.0
GFC_2007_2009,RF,True,legacy,2001-05-14,2017-11-10,4147.0
GFC_2007_2009,FITB,True,legacy,1990-03-26,2017-11-10,6962.0
GFC_2007_2009,MO,True,legacy,1970-01-02,2017-11-10,12074.0
GFC_2007_2009,KEY,True,legacy,1987-11-05,2017-11-10,7563.0
GFC_2007_2009,CINF,True,legacy,1990-03-26,2017-11-10,6962.0
GFC_2007_2009,LEG,True,legacy,1987-11-05,2017-11-10,7563.0
GFC_2007_2009,GCI,True,legacy,2015-06-23,2017-11-10,604.0
GFC_2007_2009,LLY,True,legacy,1982-01-04,2017-11-10,9044.0
GFC_2007_2009,KMB,True,legacy,1984-12-17,2017-11-10,8295.0
GFC_2007_2009,SNV,True,legacy,1990-01-12,2017-11-10,7012.0
GFC_2007_2009,GE,True,legacy,1962-01-02,2017-11-10,14058.0
GFC_2007_2009,JNJ,True,legacy,1970-01-02,2017-11-10,12074.0
GFC_2007_2009,BUD,True,legacy,2009-07-01,2017-11-10,2107.0
GFC_2007_2009,PPG,True,legacy,1983-04-06,2017-11-10,8726.0
GFC_2007_2009,CLX,True,legacy,1983-03-21,2017-11-10,8736.0
GFC_2007_2009,MTB,True,legacy,1991-10-04,2017-11-10,6577.0
GFC_2007_2009,KO,True,legacy,1970-01-02,2017-11-10,12075.0
GFC_2007_2009,ROH,False,missing,,,
GFC_2007_2009,ABT,True,legacy,1983-04-06,2017-11-10,8726.0
GFC_2007_2009,AVY,True,legacy,1984-09-07,2017-11-10,8365.0
GFC_2007_2009,VFC,True,legacy,1985-07-01,2017-11-10,8157.0
GFC_2007_2009,CBSS,False,missing,,,
GFC_2007_2009,CB,True,legacy,1993-03-26,2017-11-10,6201.0
GFC_2007_2009,PEP,True,legacy,1977-01-03,2017-11-10,10307.0
GFC_2007_2009,PG,True,legacy,1970-01-02,2017-11-10,12075.0
GFC_2007_2009,SWK,True,legacy,1985-07-01,2017-11-10,8160.0
GFC_2007_2009,EMR,True,legacy,1982-01-04,2017-11-10,9044.0
GFC_2007_2009,MMM,True,legacy,1970-01-02,2017-11-10,12075.0
GFC_2007_2009,MCD,True,legacy,1970-01-02,2017-11-10,12075.0
GFC_2007_2009,SLM,True,legacy,1988-01-05,2017-11-10,7524.0
GFC_2007_2009,WWY,False,missing,,,
GFC_2007_2009,ADP,True,legacy,1983-04-06,2017-11-10,8724.0
GFC_2007_2009,WMT,True,legacy,1972-03-20,2017-11-10,11443.0
GFC_2007_2009,SHW,True,legacy,1985-07-01,2017-11-10,8159.0
GFC_2007_2009,GWW,True,legacy,1984-12-17,2017-11-10,8295.0
GFC_2007_2009,SVU,True,legacy,1985-07-01,2017-11-10,8160.0
GFC_2007_2009,FDO,False,missing,,,
GFC_2007_2009,DOV,True,legacy,1985-07-01,2017-11-10,8160.0
GFC_2007_2009,MHP,False,missing,,,
GFC_2007_2009,ADM,True,legacy,1983-04-06,2017-11-10,8726.0
GFC_2007_2009,STT,True,legacy,1986-07-09,2017-11-10,7902.0
GFC_2007_2009,BDX,True,legacy,1983-04-06,2017-11-10,8725.0
GFC_2007_2009,JCI,True,legacy,1987-12-30,2017-11-10,7527.0
GFC_2007_2009,LOW,True,legacy,1985-07-01,2017-11-10,8158.0
GFC_2007_2009,SIAL,False,missing,,,
GFC_2007_2009,STR,False,missing,,,
GFC_2007_2009,TGT,True,legacy,1983-04-06,2017-11-10,8726.0
GFC_2007_2009,WAG,False,missing,,,
GFC_2007_2009,NUE,True,legacy,1983-09-01,2017-11-10,8622.0
GFC_2007_2009,BCR,True,legacy,1983-04-06,2017-11-10,8724.0
GFC_2007_2009,CTL,True,legacy,1987-11-05,2017-11-10,7565.0
GFC_2007_2009,PGR,True,legacy,1986-07-09,2017-11-10,7901.0
BULL_2013_2014,MMM,True,legacy,1970-01-02,2017-11-10,12075.0
BULL_2013_2014,ABT,True,legacy,1983-04-06,2017-11-10,8726.0
BULL_2013_2014,ABBV,True,legacy,2013-01-04,2017-11-10,1224.0
BULL_2013_2014,AFL,True,legacy,1984-07-19,2017-11-10,8398.0
BULL_2013_2014,APD,True,legacy,1983-04-06,2017-11-10,8725.0
BULL_2013_2014,ADM,True,legacy,1983-04-06,2017-11-10,8726.0
BULL_2013_2014,T,True,legacy,1984-07-19,2017-11-10,8401.0
BULL_2013_2014,ADP,True,legacy,1983-04-06,2017-11-10,8724.0
BULL_2013_2014,BDX,True,legacy,1983-04-06,2017-11-10,8725.0
BULL_2013_2014,BMS,True,legacy,1984-09-07,2017-11-10,8346.0
BULL_2013_2014,BF-B,True,legacy,2010-08-23,2017-11-10,1819.0
BULL_2013_2014,BCR,True,legacy,1983-04-06,2017-11-10,8724.0
BULL_2013_2014,CAH,True,legacy,1988-01-04,2017-11-10,7519.0
BULL_2013_2014,CVX,True,legacy,1970-01-02,2017-11-10,12073.0
BULL_2013_2014,CB,True,legacy,1993-03-26,2017-11-10,6201.0
BULL_2013_2014,CINF,True,legacy,1990-03-26,2017-11-10,6962.0
BULL_2013_2014,CTAS,True,legacy,1990-03-26,2017-11-10,6962.0
BULL_2013_2014,CLX,True,legacy,1983-03-21,2017-11-10,8736.0
BULL_2013_2014,KO,True,legacy,1970-01-02,2017-11-10,12075.0
BULL_2013_2014,CL,True,legacy,1977-01-03,2017-11-10,10305.0
BULL_2013_2014,ED,True,legacy,1970-01-02,2017-11-10,12075.0
BULL_2013_2014,DOV,True,legacy,1985-07-01,2017-11-10,8160.0
BULL_2013_2014,ECL,True,legacy,1988-01-05,2017-11-10,7524.0
BULL_2013_2014,EMR,True,legacy,1982-01-04,2017-11-10,9044.0
BULL_2013_2014,XOM,True,legacy,1970-01-02,2017-11-10,12074.0
BULL_2013_2014,FDO,False,missing,,,
BULL_2013_2014,BEN,True,legacy,1984-09-07,2017-11-10,8362.0
BULL_2013_2014,GPC,True,legacy,1983-04-06,2017-11-10,8726.0
BULL_2013_2014,HCP,True,legacy,2005-02-25,2017-11-10,3201.0
BULL_2013_2014,HRL,True,legacy,2005-02-25,2017-11-10,3201.0
BULL_2013_2014,ITW,True,legacy,1987-11-05,2017-11-10,7566.0
BULL_2013_2014,JNJ,True,legacy,1970-01-02,2017-11-10,12074.0
BULL_2013_2014,KMB,True,legacy,1984-12-17,2017-11-10,8295.0
BULL_2013_2014,LEG,True,legacy,1987-11-05,2017-11-10,7563.0
BULL_2013_2014,LOW,True,legacy,1985-07-01,2017-11-10,8158.0
BULL_2013_2014,MKC,True,legacy,1999-05-25,2017-11-10,4646.0
BULL_2013_2014,MCD,True,legacy,1970-01-02,2017-11-10,12075.0
BULL_2013_2014,MHFI,True,legacy,1985-07-01,2017-11-10,8160.0
BULL_2013_2014,MDT,True,legacy,1981-12-31,2017-11-10,9044.0
BULL_2013_2014,NUE,True,legacy,1983-09-01,2017-11-10,8622.0
BULL_2013_2014,PNR,True,legacy,2005-02-25,2017-11-10,3201.0
BULL_2013_2014,PEP,True,legacy,1977-01-03,2017-11-10,10307.0
BULL_2013_2014,PPG,True,legacy,1983-04-06,2017-11-10,8726.0
BULL_2013_2014,PG,True,legacy,1970-01-02,2017-11-10,12075.0
BULL_2013_2014,SHW,True,legacy,1985-07-01,2017-11-10,8159.0
BULL_2013_2014,SIAL,False,missing,,,
BULL_2013_2014,SWK,True,legacy,1985-07-01,2017-11-10,8160.0
BULL_2013_2014,SYY,True,legacy,1987-07-23,2017-11-10,7638.0
BULL_2013_2014,TROW,True,legacy,1989-09-13,2017-11-10,7091.0
BULL_2013_2014,TGT,True,legacy,1983-04-06,2017-11-10,8726.0
BULL_2013_2014,VFC,True,legacy,1985-07-01,2017-11-10,8157.0
BULL_2013_2014,GWW,True,legacy,1984-12-17,2017-11-10,8295.0
BULL_2013_2014,WAG,True,legacy,1985-07-01,2017-11-10,8157.0
BULL_2013_2014,WMT,True,legacy,1972-03-20,2017-11-10,11443.0
CHOP_2015_2016,ABBV,True,legacy,2013-01-04,2017-11-10,1224.0
CHOP_2015_2016,ABT,True,legacy,1983-04-06,2017-11-10,8726.0
CHOP_2015_2016,ADM,True,legacy,1983-04-06,2017-11-10,8726.0
CHOP_2015_2016,ADP,True,legacy,1983-04-06,2017-11-10,8724.0
CHOP_2015_2016,AFL,True,legacy,1984-07-19,2017-11-10,8398.0
CHOP_2015_2016,APD,True,legacy,1983-04-06,2017-11-10,8725.0
CHOP_2015_2016,BCR,True,legacy,1983-04-06,2017-11-10,8724.0
CHOP_2015_2016,BDX,True,legacy,1983-04-06,2017-11-10,8725.0
CHOP_2015_2016,BEN,True,legacy,1984-09-07,2017-11-10,8362.0
CHOP_2015_2016,BF-B,True,legacy,2010-08-23,2017-11-10,1819.0
CHOP_2015_2016,CAH,True,legacy,1988-01-04,2017-11-10,7519.0
CHOP_2015_2016,CB,True,legacy,1993-03-26,2017-11-10,6201.0
CHOP_2015_2016,CINF,True,legacy,1990-03-26,2017-11-10,6962.0
CHOP_2015_2016,CL,True,legacy,1977-01-03,2017-11-10,10305.0
CHOP_2015_2016,CLX,True,legacy,1983-03-21,2017-11-10,8736.0
CHOP_2015_2016,CTAS,True,legacy,1990-03-26,2017-11-10,6962.0
CHOP_2015_2016,CVX,True,legacy,1970-01-02,2017-11-10,12073.0
CHOP_2015_2016,DOV,True,legacy,1985-07-01,2017-11-10,8160.0
CHOP_2015_2016,ECL,True,legacy,1988-01-05,2017-11-10,7524.0
CHOP_2015_2016,ED,True,legacy,1970-01-02,2017-11-10,12075.0
CHOP_2015_2016,EMR,True,legacy,1982-01-04,2017-11-10,9044.0
CHOP_2015_2016,FDO,False,missing,,,
CHOP_2015_2016,GPC,True,legacy,1983-04-06,2017-11-10,8726.0
CHOP_2015_2016,GWW,True,legacy,1984-12-17,2017-11-10,8295.0
CHOP_2015_2016,HCP,True,legacy,2005-02-25,2017-11-10,3201.0
CHOP_2015_2016,HRL,True,legacy,2005-02-25,2017-11-10,3201.0
CHOP_2015_2016,ITW,True,legacy,1987-11-05,2017-11-10,7566.0
CHOP_2015_2016,JNJ,True,legacy,1970-01-02,2017-11-10,12074.0
CHOP_2015_2016,KMB,True,legacy,1984-12-17,2017-11-10,8295.0
CHOP_2015_2016,KO,True,legacy,1970-01-02,2017-11-10,12075.0
CHOP_2015_2016,LEG,True,legacy,1987-11-05,2017-11-10,7563.0
CHOP_2015_2016,LOW,True,legacy,1985-07-01,2017-11-10,8158.0
CHOP_2015_2016,MCD,True,legacy,1970-01-02,2017-11-10,12075.0
CHOP_2015_2016,MDT,True,legacy,1981-12-31,2017-11-10,9044.0
CHOP_2015_2016,MHFI,True,legacy,1985-07-01,2017-11-10,8160.0
CHOP_2015_2016,MKC,True,legacy,1999-05-25,2017-11-10,4646.0
CHOP_2015_2016,MMM,True,legacy,1970-01-02,2017-11-10,12075.0
CHOP_2015_2016,NUE,True,legacy,1983-09-01,2017-11-10,8622.0
CHOP_2015_2016,PEP,True,legacy,1977-01-03,2017-11-10,10307.0
CHOP_2015_2016,PG,True,legacy,1970-01-02,2017-11-10,12075.0
CHOP_2015_2016,PNR,True,legacy,2005-02-25,2017-11-10,3201.0
CHOP_2015_2016,PPG,True,legacy,1983-04-06,2017-11-10,8726.0
CHOP_2015_2016,SHW,True,legacy,1985-07-01,2017-11-10,8159.0
CHOP_2015_2016,SIAL,False,missing,,,
CHOP_2015_2016,SWK,True,legacy,1985-07-01,2017-11-10,8160.0
CHOP_2015_2016,SYY,True,legacy,1987-07-23,2017-11-10,7638.0
CHOP_2015_2016,T,True,legacy,1984-07-19,2017-11-10,8401.0
CHOP_2015_2016,TGT,True,legacy,1983-04-06,2017-11-10,8726.0
CHOP_2015_2016,TROW,True,legacy,1989-09-13,2017-11-10,7091.0
CHOP_2015_2016,VFC,True,legacy,1985-07-01,2017-11-10,8157.0
CHOP_2015_2016,WBA,True,legacy,1985-07-01,2017-11-10,8157.0
CHOP_2015_2016,WMT,True,legacy,1972-03-20,2017-11-10,11443.0
CHOP_2015_2016,XOM,True,legacy,1970-01-02,2017-11-10,12074.0
BULL_2017,ABBV,True,yfinance,2013-01-02,2023-02-28,2557.0
BULL_2017,ABT,True,yfinance,2005-01-03,2023-02-28,4570.0
BULL_2017,ADM,True,yfinance,2005-01-03,2023-02-28,4570.0
BULL_2017,ADP,True,yfinance,2005-01-03,2023-02-28,4570.0
BULL_2017,AFL,True,yfinance,2005-01-03,2023-02-28,4570.0
BULL_2017,APD,True,yfinance,2005-01-03,2023-02-28,4570.0
BULL_2017,BCR,True,legacy_fallback,1983-04-06,2017-11-10,8724.0
BULL_2017,BDX,True,yfinance,2005-01-03,2023-02-28,4570.0
BULL_2017,BEN,True,yfinance,2005-01-03,2023-02-28,4570.0
BULL_2017,BF-B,True,yfinance,2005-01-03,2023-02-28,4570.0
BULL_2017,CAH,True,yfinance,2005-01-03,2023-02-28,4570.0
BULL_2017,CINF,True,yfinance,2005-01-03,2023-02-28,4570.0
BULL_2017,CL,True,yfinance,2005-01-03,2023-02-28,4570.0
BULL_2017,CLX,True,yfinance,2005-01-03,2023-02-28,4570.0
BULL_2017,CTAS,True,yfinance,2005-01-03,2023-02-28,4570.0
BULL_2017,CVX,True,yfinance,2005-01-03,2023-02-28,4570.0
BULL_2017,DOV,True,yfinance,2005-01-03,2023-02-28,4570.0
BULL_2017,ECL,True,yfinance,2005-01-03,2023-02-28,4570.0
BULL_2017,ED,True,yfinance,2005-01-03,2023-02-28,4570.0
BULL_2017,EMR,True,yfinance,2005-01-03,2023-02-28,4570.0
BULL_2017,GPC,True,yfinance,2005-01-03,2023-02-28,4570.0
BULL_2017,GWW,True,yfinance,2005-01-03,2023-02-28,4570.0
BULL_2017,HRL,True,yfinance,2005-01-03,2023-02-28,4570.0
BULL_2017,ITW,True,yfinance,2005-01-03,2023-02-28,4570.0
BULL_2017,JNJ,True,yfinance,2005-01-03,2023-02-28,4570.0
BULL_2017,KMB,True,yfinance,2005-01-03,2023-02-28,4570.0
BULL_2017,KO,True,yfinance,2005-01-03,2023-02-28,4570.0
BULL_2017,LEG,True,yfinance,2005-01-03,2023-02-28,4570.0
BULL_2017,LOW,True,yfinance,2005-01-03,2023-02-28,4570.0
BULL_2017,MCD,True,yfinance,2005-01-03,2023-02-28,4570.0
BULL_2017,MDT,True,yfinance,2005-01-03,2023-02-28,4570.0
BULL_2017,MHFI,True,yfinance,2005-01-03,2023-02-28,4570.0
BULL_2017,MKC,True,yfinance,2005-01-03,2023-02-28,4570.0
BULL_2017,MMM,True,yfinance,2005-01-03,2023-02-28,4570.0
BULL_2017,NUE,True,yfinance,2005-01-03,2023-02-28,4570.0
BULL_2017,PEP,True,yfinance,2005-01-03,2023-02-28,4570.0
BULL_2017,PG,True,yfinance,2005-01-03,2023-02-28,4570.0
BULL_2017,PNR,True,yfinance,2005-01-03,2023-02-28,4570.0
BULL_2017,PPG,True,yfinance,2005-01-03,2023-02-28,4570.0
BULL_2017,SHW,True,yfinance,2005-01-03,2023-02-28,4570.0
BULL_2017,SWK,True,yfinance,2005-01-03,2023-02-28,4570.0
BULL_2017,SYY,True,yfinance,2005-01-03,2023-02-28,4570.0
BULL_2017,T,True,yfinance,2005-01-03,2023-02-28,4570.0
BULL_2017,TGT,True,yfinance,2005-01-03,2023-02-28,4570.0
BULL_2017,TROW,True,yfinance,2005-01-03,2023-02-28,4570.0
BULL_2017,VFC,True,yfinance,2005-01-03,2023-02-28,4570.0
BULL_2017,WBA,True,legacy_fallback,1985-07-01,2017-11-10,8157.0
BULL_2017,WMT,True,yfinance,2005-01-03,2023-02-28,4570.0
BULL_2017,XOM,True,yfinance,2005-01-03,2023-02-28,4570.0
BULL_2017,GD,True,yfinance,2005-01-03,2023-02-28,4570.0
BULL_2017,FRT,True,yfinance,2005-01-03,2023-02-28,4570.0
COVID_2020,ABBV,True,yfinance,2013-01-02,2023-02-28,2557.0
COVID_2020,ABT,True,yfinance,2005-01-03,2023-02-28,4570.0
COVID_2020,ADM,True,yfinance,2005-01-03,2023-02-28,4570.0
COVID_2020,ADP,True,yfinance,2005-01-03,2023-02-28,4570.0
COVID_2020,AFL,True,yfinance,2005-01-03,2023-02-28,4570.0
COVID_2020,ALB,True,yfinance,2005-01-03,2023-02-28,4570.0
COVID_2020,AMCR,True,yfinance,2012-05-15,2023-02-28,2715.0
COVID_2020,AOS,True,yfinance,2005-01-03,2023-02-28,4570.0
COVID_2020,APD,True,yfinance,2005-01-03,2023-02-28,4570.0
COVID_2020,ATO,True,yfinance,2005-01-03,2023-02-28,4570.0
COVID_2020,BDX,True,yfinance,2005-01-03,2023-02-28,4570.0
COVID_2020,BEN,True,yfinance,2005-01-03,2023-02-28,4570.0
COVID_2020,BF-B,True,yfinance,2005-01-03,2023-02-28,4570.0
COVID_2020,CAH,True,yfinance,2005-01-03,2023-02-28,4570.0
COVID_2020,CAT,True,yfinance,2005-01-03,2023-02-28,4570.0
COVID_2020,CB,True,yfinance,2005-01-03,2023-02-28,4570.0
COVID_2020,CINF,True,yfinance,2005-01-03,2023-02-28,4570.0
COVID_2020,CL,True,yfinance,2005-01-03,2023-02-28,4570.0
COVID_2020,CLX,True,yfinance,2005-01-03,2023-02-28,4570.0
COVID_2020,CTAS,True,yfinance,2005-01-03,2023-02-28,4570.0
COVID_2020,CVX,True,yfinance,2005-01-03,2023-02-28,4570.0
COVID_2020,DOV,True,yfinance,2005-01-03,2023-02-28,4570.0
COVID_2020,ECL,True,yfinance,2005-01-03,2023-02-28,4570.0
COVID_2020,ED,True,yfinance,2005-01-03,2023-02-28,4570.0
COVID_2020,EMR,True,yfinance,2005-01-03,2023-02-28,4570.0
COVID_2020,ESS,True,yfinance,2005-01-03,2023-02-28,4570.0
COVID_2020,EXPD,True,yfinance,2005-01-03,2023-02-28,4570.0
COVID_2020,FRT,True,yfinance,2005-01-03,2023-02-28,4570.0
COVID_2020,GD,True,yfinance,2005-01-03,2023-02-28,4570.0
COVID_2020,GPC,True,yfinance,2005-01-03,2023-02-28,4570.0
COVID_2020,GWW,True,yfinance,2005-01-03,2023-02-28,4570.0
COVID_2020,HRL,True,yfinance,2005-01-03,2023-02-28,4570.0
COVID_2020,ITW,True,yfinance,2005-01-03,2023-02-28,4570.0
COVID_2020,JNJ,True,yfinance,2005-01-03,2023-02-28,4570.0
COVID_2020,KMB,True,yfinance,2005-01-03,2023-02-28,4570.0
COVID_2020,KO,True,yfinance,2005-01-03,2023-02-28,4570.0
COVID_2020,LEG,True,yfinance,2005-01-03,2023-02-28,4570.0
COVID_2020,LIN,True,yfinance,2005-01-03,2023-02-28,4570.0
COVID_2020,LOW,True,yfinance,2005-01-03,2023-02-28,4570.0
COVID_2020,MCD,True,yfinance,2005-01-03,2023-02-28,4570.0
COVID_2020,MDT,True,yfinance,2005-01-03,2023-02-28,4570.0
COVID_2020,MKC,True,yfinance,2005-01-03,2023-02-28,4570.0
COVID_2020,MMM,True,yfinance,2005-01-03,2023-02-28,4570.0
COVID_2020,NUE,True,yfinance,2005-01-03,2023-02-28,4570.0
COVID_2020,O,True,yfinance,2005-01-03,2023-02-28,4570.0
COVID_2020,PBCT,True,legacy_fallback,2005-02-25,2017-11-10,3201.0
COVID_2020,PEP,True,yfinance,2005-01-03,2023-02-28,4570.0
COVID_2020,PG,True,yfinance,2005-01-03,2023-02-28,4570.0
COVID_2020,PNR,True,yfinance,2005-01-03,2023-02-28,4570.0
COVID_2020,PPG,True,yfinance,2005-01-03,2023-02-28,4570.0
COVID_2020,ROP,True,yfinance,2005-01-03,2023-02-28,4570.0
COVID_2020,ROST,True,yfinance,2005-01-03,2023-02-28,4570.0
COVID_2020,SHW,True,yfinance,2005-01-03,2023-02-28,4570.0
COVID_2020,SPGI,True,yfinance,2005-01-03,2023-02-28,4570.0
COVID_2020,SWK,True,yfinance,2005-01-03,2023-02-28,4570.0
COVID_2020,SYY,True,yfinance,2005-01-03,2023-02-28,4570.0
COVID_2020,T,True,yfinance,2005-01-03,2023-02-28,4570.0
COVID_2020,TGT,True,yfinance,2005-01-03,2023-02-28,4570.0
COVID_2020,TROW,True,yfinance,2005-01-03,2023-02-28,4570.0
COVID_2020,UTX,True,yfinance,2005-01-03,2023-02-28,4570.0
COVID_2020,VFC,True,yfinance,2005-01-03,2023-02-28,4570.0
COVID_2020,WBA,True,legacy_fallback,1985-07-01,2017-11-10,8157.0
COVID_2020,WMT,True,yfinance,2005-01-03,2023-02-28,4570.0
COVID_2020,XOM,True,yfinance,2005-01-03,2023-02-28,4570.0
BEAR_2022,ABBV,True,yfinance,2013-01-02,2023-02-28,2557.0
BEAR_2022,ABT,True,yfinance,2005-01-03,2023-02-28,4570.0
BEAR_2022,ADM,True,yfinance,2005-01-03,2023-02-28,4570.0
BEAR_2022,ADP,True,yfinance,2005-01-03,2023-02-28,4570.0
BEAR_2022,AFL,True,yfinance,2005-01-03,2023-02-28,4570.0
BEAR_2022,ALB,True,yfinance,2005-01-03,2023-02-28,4570.0
BEAR_2022,AMCR,True,yfinance,2012-05-15,2023-02-28,2715.0
BEAR_2022,AOS,True,yfinance,2005-01-03,2023-02-28,4570.0
BEAR_2022,APD,True,yfinance,2005-01-03,2023-02-28,4570.0
BEAR_2022,ATO,True,yfinance,2005-01-03,2023-02-28,4570.0
BEAR_2022,BDX,True,yfinance,2005-01-03,2023-02-28,4570.0
BEAR_2022,BEN,True,yfinance,2005-01-03,2023-02-28,4570.0
BEAR_2022,BF-B,True,yfinance,2005-01-03,2023-02-28,4570.0
BEAR_2022,CAH,True,yfinance,2005-01-03,2023-02-28,4570.0
BEAR_2022,CAT,True,yfinance,2005-01-03,2023-02-28,4570.0
BEAR_2022,CB,True,yfinance,2005-01-03,2023-02-28,4570.0
BEAR_2022,CINF,True,yfinance,2005-01-03,2023-02-28,4570.0
BEAR_2022,CL,True,yfinance,2005-01-03,2023-02-28,4570.0
BEAR_2022,CLX,True,yfinance,2005-01-03,2023-02-28,4570.0
BEAR_2022,CTAS,True,yfinance,2005-01-03,2023-02-28,4570.0
BEAR_2022,CVX,True,yfinance,2005-01-03,2023-02-28,4570.0
BEAR_2022,DOV,True,yfinance,2005-01-03,2023-02-28,4570.0
BEAR_2022,ECL,True,yfinance,2005-01-03,2023-02-28,4570.0
BEAR_2022,ED,True,yfinance,2005-01-03,2023-02-28,4570.0
BEAR_2022,EMR,True,yfinance,2005-01-03,2023-02-28,4570.0
BEAR_2022,ESS,True,yfinance,2005-01-03,2023-02-28,4570.0
BEAR_2022,EXPD,True,yfinance,2005-01-03,2023-02-28,4570.0
BEAR_2022,FRT,True,yfinance,2005-01-03,2023-02-28,4570.0
BEAR_2022,GD,True,yfinance,2005-01-03,2023-02-28,4570.0
BEAR_2022,GPC,True,yfinance,2005-01-03,2023-02-28,4570.0
BEAR_2022,GWW,True,yfinance,2005-01-03,2023-02-28,4570.0
BEAR_2022,HRL,True,yfinance,2005-01-03,2023-02-28,4570.0
BEAR_2022,IBM,True,yfinance,2005-01-03,2023-02-28,4570.0
BEAR_2022,ITW,True,yfinance,2005-01-03,2023-02-28,4570.0
BEAR_2022,JNJ,True,yfinance,2005-01-03,2023-02-28,4570.0
BEAR_2022,KMB,True,yfinance,2005-01-03,2023-02-28,4570.0
BEAR_2022,KO,True,yfinance,2005-01-03,2023-02-28,4570.0
BEAR_2022,LIN,True,yfinance,2005-01-03,2023-02-28,4570.0
BEAR_2022,LOW,True,yfinance,2005-01-03,2023-02-28,4570.0
BEAR_2022,MCD,True,yfinance,2005-01-03,2023-02-28,4570.0
BEAR_2022,MDT,True,yfinance,2005-01-03,2023-02-28,4570.0
BEAR_2022,MKC,True,yfinance,2005-01-03,2023-02-28,4570.0
BEAR_2022,MMM,True,yfinance,2005-01-03,2023-02-28,4570.0
BEAR_2022,NEE,True,yfinance,2005-01-03,2023-02-28,4570.0
BEAR_2022,NUE,True,yfinance,2005-01-03,2023-02-28,4570.0
BEAR_2022,O,True,yfinance,2005-01-03,2023-02-28,4570.0
BEAR_2022,PBCT,True,legacy_fallback,2005-02-25,2017-11-10,3201.0
BEAR_2022,PEP,True,yfinance,2005-01-03,2023-02-28,4570.0
BEAR_2022,PG,True,yfinance,2005-01-03,2023-02-28,4570.0
BEAR_2022,PNR,True,yfinance,2005-01-03,2023-02-28,4570.0
BEAR_2022,PPG,True,yfinance,2005-01-03,2023-02-28,4570.0
BEAR_2022,ROP,True,yfinance,2005-01-03,2023-02-28,4570.0
BEAR_2022,SHW,True,yfinance,2005-01-03,2023-02-28,4570.0
BEAR_2022,SPGI,True,yfinance,2005-01-03,2023-02-28,4570.0
BEAR_2022,SWK,True,yfinance,2005-01-03,2023-02-28,4570.0
BEAR_2022,SYY,True,yfinance,2005-01-03,2023-02-28,4570.0
BEAR_2022,T,True,yfinance,2005-01-03,2023-02-28,4570.0
BEAR_2022,TGT,True,yfinance,2005-01-03,2023-02-28,4570.0
BEAR_2022,TROW,True,yfinance,2005-01-03,2023-02-28,4570.0
BEAR_2022,VFC,True,yfinance,2005-01-03,2023-02-28,4570.0
BEAR_2022,WBA,True,legacy_fallback,1985-07-01,2017-11-10,8157.0
BEAR_2022,WMT,True,yfinance,2005-01-03,2023-02-28,4570.0
BEAR_2022,WST,True,yfinance,2005-01-03,2023-02-28,4570.0
BEAR_2022,XOM,True,yfinance,2005-01-03,2023-02-28,4570.0
