window,signal_type,signal_date,signals,stocks,stop_rate_pct,avg_ret_20d_pct
BEAR_2022,V0.1,2022-01-12,3,3,100.0,-8.98318383636307
BEAR_2022,V0.1,2022-01-24,1,1,0.0,4.758857413382711
BEAR_2022,V0.1,2022-01-25,2,2,100.0,-6.5714381345866215
BEAR_2022,V0.1,2022-01-26,2,2,100.0,-1.07476168699156
BEAR_2022,V0.1,2022-01-28,3,3,66.66666666666666,7.204339595157328
BEAR_2022,V0.1,2022-01-31,8,8,75.0,-7.746975138087718
BEAR_2022,V0.1,2022-02-01,4,4,75.0,-8.917601561992688
BEAR_2022,V0.1,2022-02-02,1,1,100.0,-11.693020129055498
BEAR_2022,V0.1,2022-02-09,1,1,100.0,-5.645041743986057
BEAR_2022,V0.1,2022-02-15,1,1,100.0,-6.78086310852084
BEAR_2022,V0.1,2022-02-16,2,2,100.0,-0.6482228199033713
BEAR_2022,V0.1,2022-02-18,1,1,100.0,-6.123988064680019
BEAR_2022,V0.1,2022-02-22,1,1,100.0,-2.6991472483713586
BEAR_2022,V0.1,2022-02-24,1,1,0.0,7.150708248632265
BEAR_2022,V0.1,2022-02-25,2,2,0.0,2.7022731438434033
BEAR_2022,V0.1,2022-02-28,3,3,33.33333333333333,5.805552501798817
BEAR_2022,V0.1,2022-03-14,1,1,0.0,9.294701480178414
BEAR_2022,V0.1,2022-03-15,1,1,0.0,8.280344981368138
BEAR_2022,V0.2B_NO_MACD,2022-01-12,4,4,100.0,-5.77028068386394
BEAR_2022,V0.2B_NO_MACD,2022-01-19,1,1,0.0,-0.18735836332833822
BEAR_2022,V0.2B_NO_MACD,2022-01-24,2,2,0.0,4.211735984529586
BEAR_2022,V0.2B_NO_MACD,2022-01-25,7,7,85.71428571428571,-7.105455405114934
BEAR_2022,V0.2B_NO_MACD,2022-01-26,5,5,100.0,-3.9184953614127993
BEAR_2022,V0.2B_NO_MACD,2022-01-27,1,1,0.0,-3.0361789798215133
BEAR_2022,V0.2B_NO_MACD,2022-01-28,1,1,100.0,-5.512104142380325
BEAR_2022,V0.2B_NO_MACD,2022-01-31,5,5,60.0,-5.365999875860683
BEAR_2022,V0.2B_NO_MACD,2022-02-01,4,4,75.0,-8.917601561992688
BEAR_2022,V0.2B_NO_MACD,2022-02-02,1,1,100.0,-11.693020129055498
BEAR_2022,V0.2B_NO_MACD,2022-02-09,1,1,100.0,-5.645041743986057
BEAR_2022,V0.2B_NO_MACD,2022-02-15,1,1,100.0,-6.78086310852084
BEAR_2022,V0.2B_NO_MACD,2022-02-18,1,1,100.0,-6.123988064680019
BEAR_2022,V0.2B_NO_MACD,2022-02-22,1,1,100.0,-2.6991472483713586
BEAR_2022,V0.2B_NO_MACD,2022-02-24,2,2,0.0,7.240989043144297
BEAR_2022,V0.2B_NO_MACD,2022-02-25,12,12,25.0,3.560814124556693
BEAR_2022,V0.2B_NO_MACD,2022-02-28,4,4,25.0,8.012687255075557
BEAR_2022,V0.2B_NO_MACD,2022-03-09,1,1,0.0,13.370608873421052
BEAR_2022,V0.2B_NO_MACD,2022-03-10,2,2,0.0,6.711312454065044
BEAR_2022,V0.2B_NO_MACD,2022-03-14,1,1,0.0,9.294701480178414
BEAR_2022,V0.2B_NO_MACD,2022-03-15,1,1,0.0,8.280344981368138
BULL_2013_2014,V0.1,2013-01-31,1,1,0.0,9.916980605553238
BULL_2013_2014,V0.1,2013-02-11,2,2,100.0,0.12177843552506062
BULL_2013_2014,V0.1,2013-02-20,2,2,0.0,4.831416209812634
BULL_2013_2014,V0.1,2013-02-27,1,1,0.0,4.764694395625857
BULL_2013_2014,V0.1,2013-02-28,4,4,0.0,2.877139719726091
BULL_2013_2014,V0.1,2013-03-05,1,1,0.0,5.714377078536703
BULL_2013_2014,V0.1,2013-03-22,1,1,0.0,7.891699024031906
BULL_2013_2014,V0.1,2013-03-26,1,1,100.0,-0.05421755507362125
BULL_2013_2014,V0.1,2013-03-28,1,1,100.0,9.428501349031148
BULL_2013_2014,V0.1,2013-04-04,1,1,0.0,9.749636401412864
BULL_2013_2014,V0.1,2013-04-05,2,2,100.0,1.279774848023607
BULL_2013_2014,V0.1,2013-04-08,2,2,50.0,3.566851885670541
BULL_2013_2014,V0.1,2013-04-10,1,1,0.0,14.734464714583373
BULL_2013_2014,V0.1,2013-04-19,1,1,0.0,6.33689408985989
BULL_2013_2014,V0.1,2013-04-22,2,2,0.0,8.241799053561428
BULL_2013_2014,V0.1,2013-04-23,3,3,33.33333333333333,7.37265401681535
BULL_2013_2014,V0.1,2013-05-01,1,1,0.0,5.56778426431026
BULL_2013_2014,V0.1,2013-05-02,1,1,0.0,3.72979432668723
BULL_2013_2014,V0.1,2013-05-03,3,3,33.33333333333333,-2.2623471030480755
BULL_2013_2014,V0.1,2013-05-21,1,1,100.0,-8.223632964636229
BULL_2013_2014,V0.1,2013-05-24,1,1,100.0,-7.5416377324383
BULL_2013_2014,V0.1,2013-05-28,1,1,100.0,-2.6458793444147366
BULL_2013_2014,V0.1,2013-06-04,3,3,100.0,0.18069996080415743
BULL_2013_2014,V0.1,2013-06-05,3,3,33.33333333333333,4.175154843502134
BULL_2013_2014,V0.1,2013-06-07,7,7,85.71428571428571,1.3850201956265995
BULL_2013_2014,V0.1,2013-06-10,9,9,55.55555555555556,3.968476695675186
BULL_2013_2014,V0.1,2013-06-13,1,1,100.0,0.802003744370805
BULL_2013_2014,V0.1,2013-06-18,1,1,100.0,-2.7675949149998824
BULL_2013_2014,V0.1,2013-06-25,2,2,0.0,1.9536193259564405
BULL_2013_2014,V0.1,2013-06-26,5,5,0.0,6.385229476359977
BULL_2013_2014,V0.1,2013-06-27,2,2,50.0,3.630045876545407
BULL_2013_2014,V0.1,2013-07-01,1,1,0.0,14.3206974238417
BULL_2013_2014,V0.1,2013-07-08,1,1,0.0,15.132781679976892
BULL_2013_2014,V0.1,2013-07-09,1,1,0.0,7.113993045766365
BULL_2013_2014,V0.1,2013-07-29,1,1,100.0,-3.2224568608463344
BULL_2013_2014,V0.1,2013-08-14,1,1,100.0,2.268961594579233
BULL_2013_2014,V0.1,2013-08-21,1,1,0.0,6.289411276133028
BULL_2013_2014,V0.1,2013-08-22,3,3,66.66666666666666,1.9950535829249179
BULL_2013_2014,V0.1,2013-08-23,8,8,62.5,3.1406760231469866
BULL_2013_2014,V0.1,2013-08-26,4,4,100.0,9.625362234333124
BULL_2013_2014,V0.1,2013-08-28,2,2,0.0,-0.20820562064104986
BULL_2013_2014,V0.1,2013-08-30,3,3,33.33333333333333,4.088831830235788
BULL_2013_2014,V0.1,2013-09-03,6,6,0.0,1.552961256858735
BULL_2013_2014,V0.1,2013-09-04,6,6,16.666666666666664,2.9545043468380676
BULL_2013_2014,V0.1,2013-09-05,4,4,25.0,0.10718029237692117
BULL_2013_2014,V0.1,2013-09-06,5,5,20.0,2.3496627518003903
BULL_2013_2014,V0.1,2013-09-09,1,1,100.0,-4.061237847416221
BULL_2013_2014,V0.1,2013-10-02,2,2,50.0,13.937241409137236
BULL_2013_2014,V0.1,2013-10-07,1,1,0.0,6.289004643112728
BULL_2013_2014,V0.1,2013-10-09,2,2,0.0,6.329478559778535
BULL_2013_2014,V0.1,2013-10-10,6,6,0.0,6.775019742168272
BULL_2013_2014,V0.1,2013-10-11,5,5,0.0,6.107223562222016
BULL_2013_2014,V0.1,2013-10-14,1,1,0.0,1.1988506885960426
BULL_2013_2014,V0.1,2013-10-28,1,1,0.0,2.878016382554782
BULL_2013_2014,V0.1,2013-11-26,1,1,100.0,-0.9878419452887588
BULL_2013_2014,V0.1,2013-12-05,2,2,50.0,2.0183240654308654
BULL_2013_2014,V0.1,2013-12-06,2,2,0.0,2.046526877417476
BULL_2013_2014,V0.1,2013-12-09,2,2,100.0,-0.4719767969333766
BULL_2013_2014,V0.1,2013-12-10,2,2,50.0,4.501055765349493
BULL_2013_2014,V0.1,2013-12-11,1,1,0.0,4.5835672842972075
BULL_2013_2014,V0.1,2013-12-16,1,1,0.0,4.725994386641319
BULL_2013_2014,V0.1,2013-12-17,2,2,0.0,4.729043217740303
BULL_2013_2014,V0.1,2013-12-18,3,3,0.0,2.4511348523694445
BULL_2013_2014,V0.1,2013-12-19,4,4,50.0,-0.7060002466110771
BULL_2013_2014,V0.1,2013-12-24,2,2,100.0,-3.7655704541489365
BULL_2013_2014,V0.1,2014-01-10,1,1,100.0,-1.9714953691214898
BULL_2013_2014,V0.1,2014-01-15,2,2,100.0,0.822072123043732
BULL_2013_2014,V0.1,2014-01-16,2,2,100.0,-2.1647001990612367
BULL_2013_2014,V0.1,2014-01-22,2,2,100.0,-5.545728162509961
BULL_2013_2014,V0.1,2014-01-29,3,3,33.33333333333333,3.1462037908962515
BULL_2013_2014,V0.1,2014-01-30,2,2,100.0,1.5193289675336952
BULL_2013_2014,V0.1,2014-01-31,1,1,100.0,6.63385643978085
BULL_2013_2014,V0.1,2014-02-06,6,6,0.0,6.221544210179139
BULL_2013_2014,V0.1,2014-02-07,7,7,14.285714285714285,5.107146427630318
BULL_2013_2014,V0.1,2014-02-10,5,5,0.0,5.352675372394162
BULL_2013_2014,V0.1,2014-02-11,1,1,0.0,14.824407239539973
BULL_2013_2014,V0.1,2014-02-12,2,2,0.0,2.8344625284479563
BULL_2013_2014,V0.1,2014-03-18,3,3,0.0,4.737377353256403
BULL_2013_2014,V0.1,2014-03-26,1,1,100.0,-1.2543465200531623
BULL_2013_2014,V0.1,2014-03-28,1,1,0.0,0.46621543519862474
BULL_2013_2014,V0.1,2014-03-31,2,2,100.0,-3.4143071682312285
BULL_2013_2014,V0.1,2014-04-01,6,6,100.0,-3.2786644986368985
BULL_2013_2014,V0.1,2014-04-02,2,2,100.0,-1.5384169540821557
BULL_2013_2014,V0.1,2014-04-16,6,6,0.0,2.715949192630997
BULL_2013_2014,V0.1,2014-04-17,1,1,100.0,-2.3837169592241025
BULL_2013_2014,V0.1,2014-04-21,1,1,100.0,4.436761740132522
BULL_2013_2014,V0.1,2014-04-29,1,1,0.0,-0.12165861241594245
BULL_2013_2014,V0.1,2014-04-30,1,1,0.0,0.4748420823349919
BULL_2013_2014,V0.1,2014-05-09,3,3,66.66666666666666,2.231460394303545
BULL_2013_2014,V0.1,2014-05-12,1,1,0.0,7.093237637453087
BULL_2013_2014,V0.1,2014-05-19,1,1,100.0,2.8184175017814006
BULL_2013_2014,V0.1,2014-05-21,1,1,0.0,-0.5421711870768675
BULL_2013_2014,V0.1,2014-05-27,1,1,100.0,-3.118307204660331
BULL_2013_2014,V0.1,2014-05-29,1,1,0.0,5.306579329215211
BULL_2013_2014,V0.1,2014-05-30,2,2,100.0,-1.1833592074675492
BULL_2013_2014,V0.1,2014-06-03,1,1,0.0,6.456442406662299
BULL_2013_2014,V0.1,2014-06-16,1,1,100.0,-1.6281645049173843
BULL_2013_2014,V0.1,2014-06-20,2,2,0.0,2.7492454835909785
BULL_2013_2014,V0.1,2014-07-01,1,1,100.0,-4.698048432063784
BULL_2013_2014,V0.1,2014-07-02,1,1,100.0,-3.7464545822900597
BULL_2013_2014,V0.1,2014-07-03,2,2,100.0,-3.574866311891378
BULL_2013_2014,V0.1,2014-07-11,1,1,100.0,1.0283384060754575
BULL_2013_2014,V0.1,2014-07-14,1,1,100.0,-4.533808788936666
BULL_2013_2014,V0.1,2014-07-15,2,2,100.0,-6.880264208923859
BULL_2013_2014,V0.1,2014-07-22,2,2,50.0,1.5214159037677422
BULL_2013_2014,V0.1,2014-07-24,1,1,0.0,6.889045179007991
BULL_2013_2014,V0.1,2014-08-05,6,6,0.0,4.415082328366019
BULL_2013_2014,V0.1,2014-08-07,3,3,0.0,0.9087793898280072
BULL_2013_2014,V0.1,2014-08-08,3,3,0.0,4.213008761639643
BULL_2013_2014,V0.1,2014-08-11,9,9,11.11111111111111,2.1388001720023246
BULL_2013_2014,V0.1,2014-08-12,2,2,0.0,4.995699956460831
BULL_2013_2014,V0.1,2014-08-14,1,1,0.0,7.589408303367118
BULL_2013_2014,V0.1,2014-08-21,1,1,0.0,2.726184368051987
BULL_2013_2014,V0.1,2014-09-16,3,3,100.0,-8.101448502966308
BULL_2013_2014,V0.1,2014-09-17,2,2,100.0,-9.568010054000137
BULL_2013_2014,V0.1,2014-09-25,1,1,0.0,10.405904059040584
BULL_2013_2014,V0.1,2014-09-29,1,1,0.0,10.995313148891572
BULL_2013_2014,V0.1,2014-10-02,1,1,0.0,9.978444404526666
BULL_2013_2014,V0.1,2014-10-03,4,4,75.0,3.021062443267364
BULL_2013_2014,V0.1,2014-10-06,2,2,100.0,5.639970920126736
BULL_2013_2014,V0.1,2014-10-15,3,3,0.0,16.633869345249362
BULL_2013_2014,V0.1,2014-10-16,6,6,0.0,11.106005665604377
BULL_2013_2014,V0.1,2014-10-17,5,5,0.0,8.051733602556848
BULL_2013_2014,V0.1,2014-10-20,1,1,0.0,14.561696045736072
BULL_2013_2014,V0.1,2014-10-21,1,1,0.0,18.273340128390814
BULL_2013_2014,V0.1,2014-10-31,1,1,0.0,7.318680160236113
BULL_2013_2014,V0.1,2014-11-28,2,2,50.0,5.437746961392831
BULL_2013_2014,V0.1,2014-12-15,1,1,0.0,4.495527704996305
BULL_2013_2014,V0.1,2014-12-18,11,11,54.54545454545454,-2.236137807091228
BULL_2013_2014,V0.1,2014-12-19,3,3,33.33333333333333,0.23569105199847673
BULL_2013_2014,V0.1,2014-12-30,1,1,0.0,5.318728771163017
BULL_2013_2014,V0.1,2014-12-31,1,1,100.0,-10.199615359108705
BULL_2013_2014,V0.2B_NO_MACD,2013-01-28,1,1,0.0,3.9108211715650043
BULL_2013_2014,V0.2B_NO_MACD,2013-01-31,1,1,0.0,9.916980605553238
BULL_2013_2014,V0.2B_NO_MACD,2013-02-05,1,1,100.0,-1.3649268399213654
BULL_2013_2014,V0.2B_NO_MACD,2013-02-07,1,1,100.0,1.4631240936399337
BULL_2013_2014,V0.2B_NO_MACD,2013-02-11,1,1,100.0,-2.463305904533686
BULL_2013_2014,V0.2B_NO_MACD,2013-02-12,1,1,100.0,5.206875874475303
BULL_2013_2014,V0.2B_NO_MACD,2013-02-15,1,1,0.0,5.336389462809921
BULL_2013_2014,V0.2B_NO_MACD,2013-02-20,3,3,0.0,5.319402618244062
BULL_2013_2014,V0.2B_NO_MACD,2013-02-27,3,3,0.0,2.3595990767687334
BULL_2013_2014,V0.2B_NO_MACD,2013-02-28,3,3,0.0,3.6975413165377673
BULL_2013_2014,V0.2B_NO_MACD,2013-03-05,1,1,0.0,5.714377078536703
BULL_2013_2014,V0.2B_NO_MACD,2013-03-08,1,1,0.0,19.226919851767697
BULL_2013_2014,V0.2B_NO_MACD,2013-03-20,1,1,0.0,5.520517013158921
BULL_2013_2014,V0.2B_NO_MACD,2013-03-22,1,1,0.0,7.891699024031906
BULL_2013_2014,V0.2B_NO_MACD,2013-03-28,3,3,66.66666666666666,5.166182716797189
BULL_2013_2014,V0.2B_NO_MACD,2013-04-03,1,1,100.0,2.907740645529855
BULL_2013_2014,V0.2B_NO_MACD,2013-04-04,1,1,0.0,9.749636401412864
BULL_2013_2014,V0.2B_NO_MACD,2013-04-05,1,1,100.0,-0.37131670373706793
BULL_2013_2014,V0.2B_NO_MACD,2013-04-08,3,3,66.66666666666666,3.8091664577708073
BULL_2013_2014,V0.2B_NO_MACD,2013-04-09,1,1,100.0,2.294018058690761
BULL_2013_2014,V0.2B_NO_MACD,2013-04-10,3,3,33.33333333333333,8.638854923863507
BULL_2013_2014,V0.2B_NO_MACD,2013-04-18,1,1,100.0,10.649902930572242
BULL_2013_2014,V0.2B_NO_MACD,2013-04-19,1,1,0.0,6.33689408985989
BULL_2013_2014,V0.2B_NO_MACD,2013-04-22,1,1,0.0,7.970310765815758
BULL_2013_2014,V0.2B_NO_MACD,2013-04-23,4,4,0.0,7.784540811335816
BULL_2013_2014,V0.2B_NO_MACD,2013-05-01,2,2,0.0,3.2074384350984086
BULL_2013_2014,V0.2B_NO_MACD,2013-05-02,2,2,50.0,0.01928819108678037
BULL_2013_2014,V0.2B_NO_MACD,2013-05-03,3,3,33.33333333333333,-2.2623471030480755
BULL_2013_2014,V0.2B_NO_MACD,2013-05-07,1,1,0.0,-0.977694252410688
BULL_2013_2014,V0.2B_NO_MACD,2013-05-14,1,1,100.0,-14.104062790753147
BULL_2013_2014,V0.2B_NO_MACD,2013-05-21,1,1,100.0,-8.223632964636229
BULL_2013_2014,V0.2B_NO_MACD,2013-05-24,2,2,100.0,-6.490505514720507
BULL_2013_2014,V0.2B_NO_MACD,2013-05-28,2,2,100.0,-3.230594593228026
BULL_2013_2014,V0.2B_NO_MACD,2013-06-04,4,4,75.0,0.07910092732255625
BULL_2013_2014,V0.2B_NO_MACD,2013-06-05,3,3,33.33333333333333,3.874855703867682
BULL_2013_2014,V0.2B_NO_MACD,2013-06-07,18,18,88.88888888888889,0.8440187575224188
BULL_2013_2014,V0.2B_NO_MACD,2013-06-10,7,7,42.857142857142854,3.653470723002328
BULL_2013_2014,V0.2B_NO_MACD,2013-06-13,1,1,100.0,0.802003744370805
BULL_2013_2014,V0.2B_NO_MACD,2013-06-18,1,1,100.0,-2.7675949149998824
BULL_2013_2014,V0.2B_NO_MACD,2013-06-25,5,5,0.0,2.886645150136471
BULL_2013_2014,V0.2B_NO_MACD,2013-06-26,3,3,0.0,7.185157653838373
BULL_2013_2014,V0.2B_NO_MACD,2013-06-27,1,1,0.0,2.7482018907629024
BULL_2013_2014,V0.2B_NO_MACD,2013-07-01,1,1,0.0,14.3206974238417
BULL_2013_2014,V0.2B_NO_MACD,2013-07-03,1,1,0.0,15.898670473379228
BULL_2013_2014,V0.2B_NO_MACD,2013-07-08,1,1,0.0,2.2114246558275763
BULL_2013_2014,V0.2B_NO_MACD,2013-07-09,1,1,0.0,7.113993045766365
BULL_2013_2014,V0.2B_NO_MACD,2013-07-29,3,3,100.0,-4.07785032636997
BULL_2013_2014,V0.2B_NO_MACD,2013-08-01,1,1,100.0,-8.147614545345395
BULL_2013_2014,V0.2B_NO_MACD,2013-08-05,1,1,100.0,-5.140467825320272
BULL_2013_2014,V0.2B_NO_MACD,2013-08-12,1,1,100.0,1.8185768604019659
BULL_2013_2014,V0.2B_NO_MACD,2013-08-14,1,1,100.0,2.268961594579233
BULL_2013_2014,V0.2B_NO_MACD,2013-08-20,3,3,33.33333333333333,2.2268397308751777
BULL_2013_2014,V0.2B_NO_MACD,2013-08-21,2,2,0.0,5.178223624182499
BULL_2013_2014,V0.2B_NO_MACD,2013-08-22,4,4,75.0,0.9631262793981743
BULL_2013_2014,V0.2B_NO_MACD,2013-08-23,7,7,57.14285714285714,2.7787459797612835
BULL_2013_2014,V0.2B_NO_MACD,2013-08-26,3,3,100.0,8.461584784433736
BULL_2013_2014,V0.2B_NO_MACD,2013-08-28,2,2,0.0,-0.20820562064104986
BULL_2013_2014,V0.2B_NO_MACD,2013-08-30,4,4,25.0,4.473832461633895
BULL_2013_2014,V0.2B_NO_MACD,2013-09-03,5,5,0.0,2.380686675002952
BULL_2013_2014,V0.2B_NO_MACD,2013-09-04,6,6,16.666666666666664,2.9545043468380676
BULL_2013_2014,V0.2B_NO_MACD,2013-09-05,4,4,0.0,1.6636450042523898
BULL_2013_2014,V0.2B_NO_MACD,2013-09-06,5,5,20.0,2.3496627518003903
BULL_2013_2014,V0.2B_NO_MACD,2013-09-09,1,1,100.0,-4.061237847416221
BULL_2013_2014,V0.2B_NO_MACD,2013-09-10,1,1,100.0,-3.1521547933157423
BULL_2013_2014,V0.2B_NO_MACD,2013-10-02,2,2,50.0,13.937241409137236
BULL_2013_2014,V0.2B_NO_MACD,2013-10-03,1,1,100.0,1.9724354213089157
BULL_2013_2014,V0.2B_NO_MACD,2013-10-04,1,1,100.0,6.455624646693048
BULL_2013_2014,V0.2B_NO_MACD,2013-10-07,1,1,0.0,6.289004643112728
BULL_2013_2014,V0.2B_NO_MACD,2013-10-09,3,3,0.0,6.691670957069603
BULL_2013_2014,V0.2B_NO_MACD,2013-10-10,18,18,5.555555555555555,4.333210382854668
BULL_2013_2014,V0.2B_NO_MACD,2013-10-11,5,5,0.0,7.056917016612374
BULL_2013_2014,V0.2B_NO_MACD,2013-10-14,1,1,0.0,1.1988506885960426
BULL_2013_2014,V0.2B_NO_MACD,2013-11-08,3,3,33.33333333333333,2.248574041918694
BULL_2013_2014,V0.2B_NO_MACD,2013-11-11,1,1,0.0,8.706261401056615
BULL_2013_2014,V0.2B_NO_MACD,2013-11-26,1,1,100.0,-0.9878419452887588
BULL_2013_2014,V0.2B_NO_MACD,2013-12-03,1,1,100.0,-0.9393131356443263
BULL_2013_2014,V0.2B_NO_MACD,2013-12-05,1,1,0.0,1.621738192797073
BULL_2013_2014,V0.2B_NO_MACD,2013-12-06,6,6,16.666666666666664,1.5058391690713473
BULL_2013_2014,V0.2B_NO_MACD,2013-12-09,2,2,100.0,-0.4719767969333766
BULL_2013_2014,V0.2B_NO_MACD,2013-12-10,2,2,50.0,7.256024138863715
BULL_2013_2014,V0.2B_NO_MACD,2013-12-11,1,1,0.0,4.5835672842972075
BULL_2013_2014,V0.2B_NO_MACD,2013-12-16,4,4,0.0,5.071935075282119
BULL_2013_2014,V0.2B_NO_MACD,2013-12-17,2,2,0.0,1.723896256943358
BULL_2013_2014,V0.2B_NO_MACD,2013-12-18,7,7,0.0,2.658472549531102
BULL_2013_2014,V0.2B_NO_MACD,2013-12-19,3,3,66.66666666666666,-1.2738940722042402
BULL_2013_2014,V0.2B_NO_MACD,2013-12-24,2,2,100.0,-3.7655704541489365
BULL_2013_2014,V0.2B_NO_MACD,2014-01-10,1,1,100.0,-1.9714953691214898
BULL_2013_2014,V0.2B_NO_MACD,2014-01-14,1,1,100.0,-4.930588798468172
BULL_2013_2014,V0.2B_NO_MACD,2014-01-15,1,1,100.0,5.716554188169898
BULL_2013_2014,V0.2B_NO_MACD,2014-01-16,3,3,100.0,-1.8221992522966337
BULL_2013_2014,V0.2B_NO_MACD,2014-01-17,1,1,100.0,-3.9531376056683887
BULL_2013_2014,V0.2B_NO_MACD,2014-01-22,4,4,100.0,-3.326684364548613
BULL_2013_2014,V0.2B_NO_MACD,2014-01-23,1,1,100.0,-1.171796531482261
BULL_2013_2014,V0.2B_NO_MACD,2014-01-28,5,5,60.0,1.4061114453395418
BULL_2013_2014,V0.2B_NO_MACD,2014-01-29,6,6,50.0,3.967888540116983
BULL_2013_2014,V0.2B_NO_MACD,2014-01-30,2,2,100.0,3.689149293135896
BULL_2013_2014,V0.2B_NO_MACD,2014-01-31,2,2,100.0,8.469271969890425
BULL_2013_2014,V0.2B_NO_MACD,2014-02-05,1,1,0.0,16.47528799702713
BULL_2013_2014,V0.2B_NO_MACD,2014-02-06,6,6,0.0,6.169188914211737
BULL_2013_2014,V0.2B_NO_MACD,2014-02-07,3,3,0.0,6.47790817116091
BULL_2013_2014,V0.2B_NO_MACD,2014-02-10,5,5,0.0,5.352675372394162
BULL_2013_2014,V0.2B_NO_MACD,2014-02-11,1,1,0.0,14.824407239539973
BULL_2013_2014,V0.2B_NO_MACD,2014-03-17,1,1,0.0,5.575625383409455
BULL_2013_2014,V0.2B_NO_MACD,2014-03-18,5,5,20.0,3.1929075790456762
BULL_2013_2014,V0.2B_NO_MACD,2014-03-19,1,1,100.0,-6.583767607450596
BULL_2013_2014,V0.2B_NO_MACD,2014-03-25,2,2,0.0,3.7658066194646844
BULL_2013_2014,V0.2B_NO_MACD,2014-03-26,2,2,100.0,-1.6014990819696928
BULL_2013_2014,V0.2B_NO_MACD,2014-03-27,1,1,100.0,-0.9733696607488129
BULL_2013_2014,V0.2B_NO_MACD,2014-03-28,4,4,50.0,-0.8786090095687038
BULL_2013_2014,V0.2B_NO_MACD,2014-03-31,2,2,100.0,0.1572220722057649
BULL_2013_2014,V0.2B_NO_MACD,2014-04-01,5,5,100.0,-3.4400874240839
BULL_2013_2014,V0.2B_NO_MACD,2014-04-02,1,1,100.0,0.12934791777972077
BULL_2013_2014,V0.2B_NO_MACD,2014-04-16,5,5,0.0,2.729123088472194
BULL_2013_2014,V0.2B_NO_MACD,2014-04-17,1,1,0.0,6.216031982903147
BULL_2013_2014,V0.2B_NO_MACD,2014-04-21,1,1,100.0,4.436761740132522
BULL_2013_2014,V0.2B_NO_MACD,2014-04-28,1,1,0.0,-0.5087121970759001
BULL_2013_2014,V0.2B_NO_MACD,2014-04-29,1,1,0.0,-0.12165861241594245
BULL_2013_2014,V0.2B_NO_MACD,2014-04-30,1,1,0.0,0.4748420823349919
BULL_2013_2014,V0.2B_NO_MACD,2014-05-08,1,1,0.0,5.080317037663784
BULL_2013_2014,V0.2B_NO_MACD,2014-05-09,3,3,66.66666666666666,2.231460394303545
BULL_2013_2014,V0.2B_NO_MACD,2014-05-12,2,2,50.0,4.206294831759438
BULL_2013_2014,V0.2B_NO_MACD,2014-05-19,1,1,100.0,2.8184175017814006
BULL_2013_2014,V0.2B_NO_MACD,2014-05-21,2,2,50.0,3.045335070668209
BULL_2013_2014,V0.2B_NO_MACD,2014-05-27,2,2,50.0,-0.6801647732768035
BULL_2013_2014,V0.2B_NO_MACD,2014-05-29,2,2,0.0,3.767754301942572
BULL_2013_2014,V0.2B_NO_MACD,2014-05-30,2,2,100.0,-1.1833592074675492
BULL_2013_2014,V0.2B_NO_MACD,2014-06-05,1,1,0.0,2.032428526263508
BULL_2013_2014,V0.2B_NO_MACD,2014-06-13,1,1,100.0,0.36625743502594066
BULL_2013_2014,V0.2B_NO_MACD,2014-06-16,1,1,100.0,-1.6281645049173843
BULL_2013_2014,V0.2B_NO_MACD,2014-06-17,1,1,0.0,-0.4466731979476224
BULL_2013_2014,V0.2B_NO_MACD,2014-06-18,2,2,50.0,0.5547526406508518
BULL_2013_2014,V0.2B_NO_MACD,2014-06-20,1,1,0.0,2.6492942453854473
BULL_2013_2014,V0.2B_NO_MACD,2014-06-26,1,1,0.0,-1.6547058554646443
BULL_2013_2014,V0.2B_NO_MACD,2014-06-27,3,3,33.33333333333333,-0.5491660653249649
BULL_2013_2014,V0.2B_NO_MACD,2014-07-01,2,2,100.0,-3.465328942544499
BULL_2013_2014,V0.2B_NO_MACD,2014-07-02,2,2,50.0,-1.8055322517487316
BULL_2013_2014,V0.2B_NO_MACD,2014-07-03,1,1,100.0,-2.145917982193213
BULL_2013_2014,V0.2B_NO_MACD,2014-07-07,1,1,100.0,-6.251347273119212
BULL_2013_2014,V0.2B_NO_MACD,2014-07-11,1,1,100.0,1.0283384060754575
BULL_2013_2014,V0.2B_NO_MACD,2014-07-14,3,3,100.0,-3.9488874283596007
BULL_2013_2014,V0.2B_NO_MACD,2014-07-15,3,3,100.0,-6.2252516745504805
BULL_2013_2014,V0.2B_NO_MACD,2014-07-16,1,1,100.0,-2.8043116291297854
BULL_2013_2014,V0.2B_NO_MACD,2014-07-17,1,1,0.0,1.2128652099189674
BULL_2013_2014,V0.2B_NO_MACD,2014-07-18,3,3,100.0,-1.1501541480898214
BULL_2013_2014,V0.2B_NO_MACD,2014-07-22,2,2,50.0,3.2769342090096076
BULL_2013_2014,V0.2B_NO_MACD,2014-07-23,1,1,0.0,3.45511683842763
BULL_2013_2014,V0.2B_NO_MACD,2014-07-24,1,1,0.0,6.889045179007991
BULL_2013_2014,V0.2B_NO_MACD,2014-07-28,1,1,100.0,1.1831596047109816
BULL_2013_2014,V0.2B_NO_MACD,2014-08-01,1,1,0.0,4.42897596495877
BULL_2013_2014,V0.2B_NO_MACD,2014-08-04,2,2,0.0,4.747790551556951
BULL_2013_2014,V0.2B_NO_MACD,2014-08-05,4,4,0.0,4.516183379414517
BULL_2013_2014,V0.2B_NO_MACD,2014-08-07,3,3,0.0,0.9087793898280072
BULL_2013_2014,V0.2B_NO_MACD,2014-08-08,4,4,0.0,1.5608126655151544
BULL_2013_2014,V0.2B_NO_MACD,2014-08-11,5,5,20.0,1.9623675858696354
BULL_2013_2014,V0.2B_NO_MACD,2014-08-12,2,2,0.0,4.995699956460831
BULL_2013_2014,V0.2B_NO_MACD,2014-08-13,1,1,100.0,0.5292943136305128
BULL_2013_2014,V0.2B_NO_MACD,2014-08-14,1,1,0.0,7.589408303367118
BULL_2013_2014,V0.2B_NO_MACD,2014-08-21,1,1,0.0,2.726184368051987
BULL_2013_2014,V0.2B_NO_MACD,2014-09-04,1,1,100.0,-2.438276337984968
BULL_2013_2014,V0.2B_NO_MACD,2014-09-10,1,1,100.0,-4.938271604938271
BULL_2013_2014,V0.2B_NO_MACD,2014-09-11,3,3,66.66666666666666,2.5397473996321005
BULL_2013_2014,V0.2B_NO_MACD,2014-09-16,1,1,100.0,-12.656746211777515
BULL_2013_2014,V0.2B_NO_MACD,2014-09-17,2,2,100.0,-9.568010054000137
BULL_2013_2014,V0.2B_NO_MACD,2014-09-24,1,1,100.0,1.1945837803357673
BULL_2013_2014,V0.2B_NO_MACD,2014-09-29,1,1,0.0,10.995313148891572
BULL_2013_2014,V0.2B_NO_MACD,2014-09-30,1,1,0.0,2.263421120227238
BULL_2013_2014,V0.2B_NO_MACD,2014-10-02,2,2,0.0,11.447584595902615
BULL_2013_2014,V0.2B_NO_MACD,2014-10-03,6,6,83.33333333333334,1.7303444391385387
BULL_2013_2014,V0.2B_NO_MACD,2014-10-06,3,3,100.0,5.091649360816905
BULL_2013_2014,V0.2B_NO_MACD,2014-10-08,1,1,100.0,10.580230869199614
BULL_2013_2014,V0.2B_NO_MACD,2014-10-14,1,1,0.0,17.203266442995503
BULL_2013_2014,V0.2B_NO_MACD,2014-10-15,3,3,33.33333333333333,15.300647312059304
BULL_2013_2014,V0.2B_NO_MACD,2014-10-16,9,9,0.0,11.825561397153624
BULL_2013_2014,V0.2B_NO_MACD,2014-10-17,6,6,0.0,8.186020896673947
BULL_2013_2014,V0.2B_NO_MACD,2014-10-20,2,2,0.0,12.99983529155362
BULL_2013_2014,V0.2B_NO_MACD,2014-10-31,1,1,0.0,7.318680160236113
BULL_2013_2014,V0.2B_NO_MACD,2014-11-28,4,4,75.0,2.135020932629789
BULL_2013_2014,V0.2B_NO_MACD,2014-12-03,2,2,100.0,-9.979320421134796
BULL_2013_2014,V0.2B_NO_MACD,2014-12-15,1,1,0.0,4.495527704996305
BULL_2013_2014,V0.2B_NO_MACD,2014-12-16,1,1,0.0,1.6977699925890821
BULL_2013_2014,V0.2B_NO_MACD,2014-12-17,8,8,12.5,0.6225677126684537
BULL_2013_2014,V0.2B_NO_MACD,2014-12-18,9,9,55.55555555555556,-2.461183384546714
BULL_2013_2014,V0.2B_NO_MACD,2014-12-19,3,3,33.33333333333333,0.23569105199847673
BULL_2013_2014,V0.2B_NO_MACD,2014-12-30,1,1,0.0,5.318728771163017
BULL_2017,V0.1,2017-01-04,4,4,75.0,-2.1462507470111136
BULL_2017,V0.1,2017-01-05,3,3,66.66666666666666,-5.858386558873231
BULL_2017,V0.1,2017-01-13,1,1,100.0,-2.4080850985524926
BULL_2017,V0.1,2017-01-24,1,1,0.0,2.315378405604762
BULL_2017,V0.1,2017-01-27,1,1,100.0,-3.929280638359256
BULL_2017,V0.1,2017-02-03,1,1,100.0,-3.5577961622319743
BULL_2017,V0.1,2017-02-07,2,2,0.0,6.802873483118188
BULL_2017,V0.1,2017-02-13,1,1,100.0,-1.7165256134024198
BULL_2017,V0.1,2017-02-16,1,1,0.0,3.0361640754798636
BULL_2017,V0.1,2017-03-13,1,1,100.0,0.3022961617834774
BULL_2017,V0.1,2017-03-15,1,1,100.0,-12.715286268428672
BULL_2017,V0.1,2017-03-16,1,1,0.0,0.9579347072650624
BULL_2017,V0.1,2017-03-17,1,1,100.0,-2.3470679681067086
BULL_2017,V0.1,2017-03-28,3,3,100.0,-3.1743359331343086
BULL_2017,V0.1,2017-03-29,2,2,50.0,1.4853086693428663
BULL_2017,V0.1,2017-04-05,1,1,0.0,-0.35814663183990625
BULL_2017,V0.1,2017-04-06,1,1,0.0,6.271800147938689
BULL_2017,V0.1,2017-04-07,2,2,100.0,-1.4723409989178315
BULL_2017,V0.1,2017-04-11,4,4,100.0,-0.9083568000040704
BULL_2017,V0.1,2017-04-12,2,2,50.0,3.034415231000631
BULL_2017,V0.1,2017-04-18,1,1,100.0,-7.704133544861069
BULL_2017,V0.1,2017-04-20,3,3,100.0,-4.271608245039659
BULL_2017,V0.1,2017-05-05,1,1,0.0,1.7616055350709203
BULL_2017,V0.1,2017-05-16,2,2,50.0,3.132736759467769
BULL_2017,V0.1,2017-05-18,1,1,0.0,8.041828361688431
BULL_2017,V0.1,2017-05-19,1,1,0.0,1.0983153298065096
BULL_2017,V0.1,2017-05-23,3,3,33.33333333333333,0.8862623670617852
BULL_2017,V0.1,2017-05-26,1,1,0.0,7.0293874313671845
BULL_2017,V0.1,2017-06-02,1,1,100.0,-2.4796890989841835
BULL_2017,V0.1,2017-06-27,1,1,0.0,1.6657101116560602
BULL_2017,V0.1,2017-06-28,1,1,100.0,2.060390716657068
BULL_2017,V0.1,2017-06-30,1,1,100.0,0.3391774704524897
BULL_2017,V0.1,2017-07-03,1,1,100.0,-1.8144962208527016
BULL_2017,V0.1,2017-07-12,1,1,100.0,-2.2386476299184555
BULL_2017,V0.1,2017-07-13,1,1,0.0,6.078034927043685
BULL_2017,V0.1,2017-07-14,2,2,0.0,1.5664054155787976
BULL_2017,V0.1,2017-07-17,2,2,50.0,2.4814127538930197
BULL_2017,V0.1,2017-07-18,1,1,0.0,3.278002280155823
BULL_2017,V0.1,2017-07-20,1,1,0.0,5.742783996164014
BULL_2017,V0.1,2017-07-25,1,1,100.0,-1.8621124524103916
BULL_2017,V0.1,2017-07-26,1,1,100.0,-7.710254874229361
BULL_2017,V0.1,2017-07-27,1,1,100.0,-1.8692354782856246
BULL_2017,V0.1,2017-08-01,1,1,0.0,0.8226717898064173
BULL_2017,V0.1,2017-08-03,2,2,50.0,3.227528117878109
BULL_2017,V0.1,2017-08-04,1,1,100.0,-3.6914402583222983
BULL_2017,V0.1,2017-08-07,1,1,100.0,-1.5467524266326693
BULL_2017,V0.1,2017-08-15,3,3,0.0,2.5684331167807217
BULL_2017,V0.1,2017-08-16,1,1,100.0,2.4887254859450314
BULL_2017,V0.1,2017-08-23,1,1,100.0,0.9889403475658254
BULL_2017,V0.1,2017-08-29,2,2,0.0,5.906174624620597
BULL_2017,V0.1,2017-08-30,2,2,50.0,1.0728748602953142
BULL_2017,V0.1,2017-08-31,1,1,100.0,-5.425541679621048
BULL_2017,V0.1,2017-09-01,1,1,100.0,-0.43807064654752814
BULL_2017,V0.1,2017-09-07,1,1,100.0,0.924232872681019
BULL_2017,V0.1,2017-09-11,1,1,0.0,6.757869426461216
BULL_2017,V0.1,2017-09-15,1,1,100.0,2.5944462053856254
BULL_2017,V0.1,2017-09-28,1,1,0.0,2.7883079043829584
BULL_2017,V0.1,2017-09-29,1,1,0.0,5.962105964950126
BULL_2017,V0.1,2017-10-04,2,2,50.0,2.117756679839944
BULL_2017,V0.1,2017-10-05,1,1,0.0,0.045400003011852874
BULL_2017,V0.1,2017-10-11,1,1,100.0,0.7501392462152978
BULL_2017,V0.1,2017-11-02,2,2,50.0,6.186618966409463
BULL_2017,V0.1,2017-11-03,2,2,0.0,1.2766085922846115
BULL_2017,V0.1,2017-11-06,2,2,100.0,1.3402953252556749
BULL_2017,V0.1,2017-11-17,2,2,0.0,4.793664116643582
BULL_2017,V0.1,2017-11-20,2,2,0.0,7.380744380773163
BULL_2017,V0.1,2017-11-22,1,1,0.0,3.1065551752269993
BULL_2017,V0.1,2017-11-27,1,1,0.0,1.6413894891363023
BULL_2017,V0.1,2017-11-28,1,1,0.0,6.128339179864728
BULL_2017,V0.1,2017-12-12,1,1,0.0,6.199707690739986
BULL_2017,V0.1,2017-12-13,1,1,100.0,-6.486405407691809
BULL_2017,V0.1,2017-12-15,1,1,100.0,4.73312108594115
BULL_2017,V0.1,2017-12-19,2,2,0.0,3.9481830391033257
BULL_2017,V0.1,2017-12-20,1,1,0.0,4.4539313887759
BULL_2017,V0.1,2017-12-27,1,1,100.0,1.7613520380119763
BULL_2017,V0.1,2017-12-28,3,3,0.0,4.727814479824333
BULL_2017,V0.2B_NO_MACD,2017-01-03,1,1,0.0,1.5532987001778853
BULL_2017,V0.2B_NO_MACD,2017-01-04,3,3,100.0,-3.8080164094820588
BULL_2017,V0.2B_NO_MACD,2017-01-05,4,4,50.0,-3.2905152684547025
BULL_2017,V0.2B_NO_MACD,2017-01-06,1,1,100.0,-3.811541479044822
BULL_2017,V0.2B_NO_MACD,2017-01-12,1,1,0.0,-0.6597909407178637
BULL_2017,V0.2B_NO_MACD,2017-01-13,1,1,100.0,-2.4080850985524926
BULL_2017,V0.2B_NO_MACD,2017-01-17,1,1,0.0,-0.603542217702624
BULL_2017,V0.2B_NO_MACD,2017-01-24,1,1,0.0,2.315378405604762
BULL_2017,V0.2B_NO_MACD,2017-01-27,1,1,100.0,-3.929280638359256
BULL_2017,V0.2B_NO_MACD,2017-02-02,1,1,0.0,2.37828342183084
BULL_2017,V0.2B_NO_MACD,2017-02-03,4,4,25.0,2.940431296127638
BULL_2017,V0.2B_NO_MACD,2017-02-06,1,1,0.0,4.275721520006637
BULL_2017,V0.2B_NO_MACD,2017-02-07,3,3,0.0,4.77220331649962
BULL_2017,V0.2B_NO_MACD,2017-02-08,2,2,50.0,-4.247557092661547
BULL_2017,V0.2B_NO_MACD,2017-02-13,1,1,100.0,-1.7165256134024198
BULL_2017,V0.2B_NO_MACD,2017-02-16,1,1,0.0,3.0361640754798636
BULL_2017,V0.2B_NO_MACD,2017-03-13,3,3,33.33333333333333,1.9394140185582274
BULL_2017,V0.2B_NO_MACD,2017-03-15,2,2,100.0,-11.62823533832994
BULL_2017,V0.2B_NO_MACD,2017-03-16,1,1,0.0,0.9579347072650624
BULL_2017,V0.2B_NO_MACD,2017-03-17,1,1,100.0,-2.3470679681067086
BULL_2017,V0.2B_NO_MACD,2017-03-23,1,1,0.0,3.4136618563723964
BULL_2017,V0.2B_NO_MACD,2017-03-24,1,1,0.0,4.248617307099556
BULL_2017,V0.2B_NO_MACD,2017-03-28,4,4,75.0,-1.329331642848061
BULL_2017,V0.2B_NO_MACD,2017-03-29,2,2,50.0,1.4853086693428663
BULL_2017,V0.2B_NO_MACD,2017-03-30,1,1,100.0,-4.951434125235021
BULL_2017,V0.2B_NO_MACD,2017-04-05,1,1,0.0,-0.35814663183990625
BULL_2017,V0.2B_NO_MACD,2017-04-06,1,1,0.0,6.271800147938689
BULL_2017,V0.2B_NO_MACD,2017-04-07,2,2,100.0,-1.4723409989178315
BULL_2017,V0.2B_NO_MACD,2017-04-11,4,4,100.0,-0.9083568000040704
BULL_2017,V0.2B_NO_MACD,2017-04-12,2,2,50.0,3.034415231000631
BULL_2017,V0.2B_NO_MACD,2017-04-18,1,1,100.0,-7.704133544861069
BULL_2017,V0.2B_NO_MACD,2017-04-20,3,3,66.66666666666666,-2.235102339514372
BULL_2017,V0.2B_NO_MACD,2017-05-04,1,1,0.0,4.87564542705019
BULL_2017,V0.2B_NO_MACD,2017-05-05,2,2,0.0,4.3700593038984215
BULL_2017,V0.2B_NO_MACD,2017-05-08,1,1,100.0,0.596941237411408
BULL_2017,V0.2B_NO_MACD,2017-05-16,2,2,50.0,3.132736759467769
BULL_2017,V0.2B_NO_MACD,2017-05-18,1,1,0.0,8.041828361688431
BULL_2017,V0.2B_NO_MACD,2017-05-19,2,2,0.0,6.351517151008268
BULL_2017,V0.2B_NO_MACD,2017-05-22,2,2,50.0,2.5881188259378627
BULL_2017,V0.2B_NO_MACD,2017-05-23,3,3,33.33333333333333,0.8862623670617852
BULL_2017,V0.2B_NO_MACD,2017-05-26,1,1,0.0,7.0293874313671845
BULL_2017,V0.2B_NO_MACD,2017-06-02,1,1,100.0,-6.149606012408482
BULL_2017,V0.2B_NO_MACD,2017-06-09,1,1,0.0,0.21063169061381615
BULL_2017,V0.2B_NO_MACD,2017-06-26,1,1,0.0,5.934692298897759
BULL_2017,V0.2B_NO_MACD,2017-06-28,2,2,50.0,0.6652508003188673
BULL_2017,V0.2B_NO_MACD,2017-06-30,2,2,50.0,0.5053893120586239
BULL_2017,V0.2B_NO_MACD,2017-07-03,1,1,100.0,-1.8144962208527016
BULL_2017,V0.2B_NO_MACD,2017-07-05,1,1,100.0,-0.19460248407253689
BULL_2017,V0.2B_NO_MACD,2017-07-06,1,1,100.0,4.209531324246818
BULL_2017,V0.2B_NO_MACD,2017-07-11,2,2,50.0,-1.5424211324161052
BULL_2017,V0.2B_NO_MACD,2017-07-12,2,2,50.0,-0.4973311448389861
BULL_2017,V0.2B_NO_MACD,2017-07-13,2,2,0.0,4.067923495688264
BULL_2017,V0.2B_NO_MACD,2017-07-14,1,1,0.0,2.552607639454174
BULL_2017,V0.2B_NO_MACD,2017-07-17,1,1,100.0,-1.1019307878784357
BULL_2017,V0.2B_NO_MACD,2017-07-18,1,1,0.0,3.278002280155823
BULL_2017,V0.2B_NO_MACD,2017-07-19,2,2,0.0,6.367541453122927
BULL_2017,V0.2B_NO_MACD,2017-07-20,1,1,0.0,5.742783996164014
BULL_2017,V0.2B_NO_MACD,2017-07-25,1,1,100.0,-1.8621124524103916
BULL_2017,V0.2B_NO_MACD,2017-07-27,1,1,100.0,-1.8692354782856246
BULL_2017,V0.2B_NO_MACD,2017-07-31,1,1,0.0,2.0257975477812717
BULL_2017,V0.2B_NO_MACD,2017-08-01,1,1,0.0,0.8226717898064173
BULL_2017,V0.2B_NO_MACD,2017-08-03,2,2,50.0,3.227528117878109
BULL_2017,V0.2B_NO_MACD,2017-08-04,1,1,100.0,-3.6914402583222983
BULL_2017,V0.2B_NO_MACD,2017-08-07,1,1,100.0,-1.5467524266326693
BULL_2017,V0.2B_NO_MACD,2017-08-15,3,3,0.0,2.5684331167807217
BULL_2017,V0.2B_NO_MACD,2017-08-16,2,2,100.0,1.4457688604917807
BULL_2017,V0.2B_NO_MACD,2017-08-22,3,3,33.33333333333333,7.396216064679159
BULL_2017,V0.2B_NO_MACD,2017-08-23,1,1,100.0,0.9889403475658254
BULL_2017,V0.2B_NO_MACD,2017-08-29,2,2,0.0,5.906174624620597
BULL_2017,V0.2B_NO_MACD,2017-08-30,3,3,66.66666666666666,2.070477163025323
BULL_2017,V0.2B_NO_MACD,2017-08-31,2,2,100.0,-3.2331388481329713
BULL_2017,V0.2B_NO_MACD,2017-09-01,1,1,100.0,-0.43807064654752814
BULL_2017,V0.2B_NO_MACD,2017-09-08,3,3,33.33333333333333,0.06896760325406277
BULL_2017,V0.2B_NO_MACD,2017-09-11,1,1,0.0,6.757869426461216
BULL_2017,V0.2B_NO_MACD,2017-09-12,1,1,100.0,-3.70319630974284
BULL_2017,V0.2B_NO_MACD,2017-09-15,2,2,100.0,3.60826296150375
BULL_2017,V0.2B_NO_MACD,2017-09-26,1,1,0.0,14.018270787048959
BULL_2017,V0.2B_NO_MACD,2017-09-28,1,1,0.0,2.7883079043829584
BULL_2017,V0.2B_NO_MACD,2017-09-29,1,1,0.0,5.962105964950126
BULL_2017,V0.2B_NO_MACD,2017-10-02,1,1,100.0,-5.407827650985575
BULL_2017,V0.2B_NO_MACD,2017-10-03,2,2,0.0,8.331198059120359
BULL_2017,V0.2B_NO_MACD,2017-10-04,1,1,0.0,6.125408755845085
BULL_2017,V0.2B_NO_MACD,2017-10-05,1,1,0.0,0.045400003011852874
BULL_2017,V0.2B_NO_MACD,2017-10-10,1,1,0.0,1.0036283384764255
BULL_2017,V0.2B_NO_MACD,2017-10-11,1,1,100.0,0.7501392462152978
BULL_2017,V0.2B_NO_MACD,2017-10-30,1,1,100.0,-1.0612403051994845
BULL_2017,V0.2B_NO_MACD,2017-11-01,1,1,0.0,2.6951197769023105
BULL_2017,V0.2B_NO_MACD,2017-11-02,4,4,25.0,7.082142911112143
BULL_2017,V0.2B_NO_MACD,2017-11-03,5,5,20.0,4.214390213199897
BULL_2017,V0.2B_NO_MACD,2017-11-06,1,1,100.0,3.747957013850356
BULL_2017,V0.2B_NO_MACD,2017-11-08,2,2,0.0,3.7877611997210736
BULL_2017,V0.2B_NO_MACD,2017-11-09,2,2,50.0,9.520632226268743
BULL_2017,V0.2B_NO_MACD,2017-11-16,2,2,0.0,5.789568962137248
BULL_2017,V0.2B_NO_MACD,2017-11-17,2,2,0.0,4.793664116643582
BULL_2017,V0.2B_NO_MACD,2017-11-20,2,2,0.0,7.380744380773163
BULL_2017,V0.2B_NO_MACD,2017-11-22,1,1,0.0,3.1065551752269993
BULL_2017,V0.2B_NO_MACD,2017-11-27,1,1,0.0,1.6413894891363023
BULL_2017,V0.2B_NO_MACD,2017-12-11,1,1,0.0,4.650232050182623
BULL_2017,V0.2B_NO_MACD,2017-12-12,1,1,0.0,6.199707690739986
BULL_2017,V0.2B_NO_MACD,2017-12-13,1,1,100.0,-6.486405407691809
BULL_2017,V0.2B_NO_MACD,2017-12-15,1,1,100.0,4.73312108594115
BULL_2017,V0.2B_NO_MACD,2017-12-19,2,2,0.0,3.9481830391033257
BULL_2017,V0.2B_NO_MACD,2017-12-20,1,1,0.0,4.4539313887759
BULL_2017,V0.2B_NO_MACD,2017-12-27,2,2,50.0,2.182166248510098
BULL_2017,V0.2B_NO_MACD,2017-12-28,3,3,0.0,4.727814479824333
CHOP_2015_2016,V0.1,2015-01-08,1,1,0.0,-1.5097487227609174
CHOP_2015_2016,V0.1,2015-01-16,1,1,100.0,-4.7965764571152985
CHOP_2015_2016,V0.1,2015-01-21,5,5,60.0,1.428226318154422
CHOP_2015_2016,V0.1,2015-01-23,1,1,100.0,2.6492469606242075
CHOP_2015_2016,V0.1,2015-02-03,1,1,100.0,1.0920238913261882
CHOP_2015_2016,V0.1,2015-02-04,2,2,0.0,-1.4353200907585684
CHOP_2015_2016,V0.1,2015-02-12,1,1,0.0,3.086692966419702
CHOP_2015_2016,V0.1,2015-02-18,1,1,100.0,-5.282776004934164
CHOP_2015_2016,V0.1,2015-02-20,1,1,100.0,-4.010553185657262
CHOP_2015_2016,V0.1,2015-03-13,9,9,66.66666666666666,0.26118111004202155
CHOP_2015_2016,V0.1,2015-03-16,4,4,0.0,1.0552571165470037
CHOP_2015_2016,V0.1,2015-03-18,6,6,0.0,0.37525230152735495
CHOP_2015_2016,V0.1,2015-04-07,1,1,0.0,10.208278308116059
CHOP_2015_2016,V0.1,2015-04-09,1,1,100.0,0.6833280607402514
CHOP_2015_2016,V0.1,2015-04-15,1,1,100.0,5.270944188599125
CHOP_2015_2016,V0.1,2015-04-22,1,1,100.0,-5.798036264602602
CHOP_2015_2016,V0.1,2015-04-23,2,2,100.0,-1.5786807929910163
CHOP_2015_2016,V0.1,2015-04-24,1,1,100.0,-4.3355092991747775
CHOP_2015_2016,V0.1,2015-04-27,1,1,100.0,2.8758645795413207
CHOP_2015_2016,V0.1,2015-04-28,1,1,0.0,1.2622673813547092
CHOP_2015_2016,V0.1,2015-04-30,1,1,0.0,3.619781872884542
CHOP_2015_2016,V0.1,2015-05-04,5,5,20.0,2.2824320411505012
CHOP_2015_2016,V0.1,2015-05-06,1,1,0.0,0.5223171889838563
CHOP_2015_2016,V0.1,2015-05-08,3,3,0.0,-0.31143094445647374
CHOP_2015_2016,V0.1,2015-05-15,1,1,0.0,-1.0686122779865803
CHOP_2015_2016,V0.1,2015-06-03,1,1,100.0,-0.6235472912569207
CHOP_2015_2016,V0.1,2015-06-09,1,1,100.0,-2.492102492102488
CHOP_2015_2016,V0.1,2015-06-10,2,2,50.0,-0.006814691692047514
CHOP_2015_2016,V0.1,2015-06-11,7,7,85.71428571428571,-0.4030622637202298
CHOP_2015_2016,V0.1,2015-06-12,1,1,100.0,0.5937375156700009
CHOP_2015_2016,V0.1,2015-06-17,1,1,0.0,3.9939789262418257
CHOP_2015_2016,V0.1,2015-06-18,1,1,0.0,1.141982836995803
CHOP_2015_2016,V0.1,2015-07-02,1,1,0.0,12.927653486593815
CHOP_2015_2016,V0.1,2015-07-09,1,1,0.0,3.5738661041136766
CHOP_2015_2016,V0.1,2015-07-10,3,3,66.66666666666666,0.8955139838752143
CHOP_2015_2016,V0.1,2015-07-13,5,5,60.0,-0.2242916158164121
CHOP_2015_2016,V0.1,2015-07-14,2,2,100.0,1.522065589858712
CHOP_2015_2016,V0.1,2015-07-16,1,1,100.0,-1.0469208868563173
CHOP_2015_2016,V0.1,2015-07-29,1,1,100.0,-3.896172762584027
CHOP_2015_2016,V0.1,2015-08-06,1,1,100.0,-6.473862055257418
CHOP_2015_2016,V0.1,2015-08-12,1,1,100.0,-7.3036083965897225
CHOP_2015_2016,V0.1,2015-08-27,2,2,0.0,0.7022642836552739
CHOP_2015_2016,V0.1,2015-08-28,3,3,66.66666666666666,-9.024408282516061
CHOP_2015_2016,V0.1,2015-12-15,1,1,100.0,-10.09617311160087
CHOP_2015_2016,V0.1,2015-12-16,1,1,100.0,-8.459393222344291
CHOP_2015_2016,V0.1,2015-12-22,1,1,100.0,-7.789074851441969
CHOP_2015_2016,V0.1,2015-12-23,2,2,100.0,-6.97497899067432
CHOP_2015_2016,V0.1,2016-01-12,3,3,100.0,3.073405010398563
CHOP_2015_2016,V0.1,2016-01-13,1,1,0.0,2.667137239084405
CHOP_2015_2016,V0.1,2016-01-14,1,1,100.0,-0.15892508849237874
CHOP_2015_2016,V0.1,2016-04-25,1,1,0.0,3.763965722963447
CHOP_2015_2016,V0.1,2016-04-26,2,2,50.0,-1.7520776112881387
CHOP_2015_2016,V0.1,2016-04-27,1,1,0.0,5.325529220995584
CHOP_2015_2016,V0.1,2016-04-28,1,1,100.0,-9.826620432115241
CHOP_2015_2016,V0.1,2016-05-02,1,1,0.0,1.226246338112147
CHOP_2015_2016,V0.1,2016-05-03,1,1,0.0,8.600736454497637
CHOP_2015_2016,V0.1,2016-05-04,1,1,0.0,1.6847959434039383
CHOP_2015_2016,V0.1,2016-05-06,1,1,100.0,1.5902338896991441
CHOP_2015_2016,V0.1,2016-05-09,1,1,100.0,-13.417490373546093
CHOP_2015_2016,V0.1,2016-05-10,2,2,50.0,-0.726945311163546
CHOP_2015_2016,V0.1,2016-05-12,2,2,100.0,1.8111626278579263
CHOP_2015_2016,V0.1,2016-05-20,1,1,100.0,-4.629737270402245
CHOP_2015_2016,V0.1,2016-05-23,1,1,0.0,1.1627906976744207
CHOP_2015_2016,V0.1,2016-05-24,2,2,50.0,0.6891049422792783
CHOP_2015_2016,V0.1,2016-05-26,1,1,0.0,-1.3273192848920479
CHOP_2015_2016,V0.1,2016-05-27,1,1,0.0,0.7468099670014272
CHOP_2015_2016,V0.1,2016-06-03,1,1,0.0,5.148258833004826
CHOP_2015_2016,V0.1,2016-06-08,1,1,100.0,-0.6277570410586963
CHOP_2015_2016,V0.1,2016-06-16,1,1,100.0,4.135563109615492
CHOP_2015_2016,V0.1,2016-06-20,2,2,100.0,5.53152712230035
CHOP_2015_2016,V0.1,2016-06-23,1,1,100.0,9.489298051924933
CHOP_2015_2016,V0.1,2016-06-29,1,1,0.0,8.106360221873988
CHOP_2015_2016,V0.1,2016-06-30,1,1,0.0,0.34360887492637104
CHOP_2015_2016,V0.1,2016-07-26,2,2,0.0,4.477508287794574
CHOP_2015_2016,V0.1,2016-08-01,1,1,100.0,-0.7122078443173807
CHOP_2015_2016,V0.1,2016-08-04,4,4,0.0,1.3243705219400521
CHOP_2015_2016,V0.1,2016-08-05,1,1,0.0,1.4490493612427269
CHOP_2015_2016,V0.1,2016-08-08,1,1,0.0,2.277837520774262
CHOP_2015_2016,V0.1,2016-08-09,2,2,50.0,-0.7836684929054649
CHOP_2015_2016,V0.1,2016-08-10,1,1,100.0,-5.298697171909761
CHOP_2015_2016,V0.1,2016-08-11,1,1,100.0,-4.6261502303780455
CHOP_2015_2016,V0.1,2016-08-12,2,2,100.0,-3.0968524843576817
CHOP_2015_2016,V0.1,2016-08-23,1,1,100.0,-3.506384760309822
CHOP_2015_2016,V0.1,2016-08-25,1,1,100.0,-8.548999880859398
CHOP_2015_2016,V0.1,2016-08-30,2,2,100.0,-2.926611332217716
CHOP_2015_2016,V0.1,2016-09-01,1,1,100.0,-1.3433403269639599
CHOP_2015_2016,V0.1,2016-09-02,2,2,100.0,-3.550606823532876
CHOP_2015_2016,V0.1,2016-09-06,1,1,100.0,-3.9360140130341836
CHOP_2015_2016,V0.1,2016-09-07,1,1,100.0,-1.767928694087828
CHOP_2015_2016,V0.1,2016-09-08,1,1,100.0,-8.51762266758811
CHOP_2015_2016,V0.1,2016-09-15,1,1,100.0,-5.291488002919442
CHOP_2015_2016,V0.1,2016-09-16,1,1,0.0,-2.829772638181105
CHOP_2015_2016,V0.1,2016-09-19,1,1,0.0,-1.8703784254023526
CHOP_2015_2016,V0.1,2016-09-20,4,4,100.0,-2.959115108560789
CHOP_2015_2016,V0.1,2016-09-21,8,8,87.5,-5.232832560152294
CHOP_2015_2016,V0.1,2016-09-22,4,4,75.0,-2.8288411827948696
CHOP_2015_2016,V0.1,2016-09-23,2,2,100.0,-4.621595313223476
CHOP_2015_2016,V0.1,2016-09-29,1,1,100.0,-2.564102564102555
CHOP_2015_2016,V0.1,2016-10-14,1,1,100.0,-5.098190219484011
CHOP_2015_2016,V0.1,2016-10-17,2,2,50.0,0.24733047390520513
CHOP_2015_2016,V0.1,2016-10-18,2,2,100.0,0.08462076561004395
CHOP_2015_2016,V0.1,2016-10-19,2,2,100.0,-0.9082652473753894
CHOP_2015_2016,V0.1,2016-10-20,1,1,0.0,3.4546433792413733
CHOP_2015_2016,V0.1,2016-10-24,1,1,0.0,9.285949596442112
CHOP_2015_2016,V0.1,2016-10-26,3,3,100.0,-1.5760689001406736
CHOP_2015_2016,V0.1,2016-10-27,1,1,0.0,-1.648936170212767
CHOP_2015_2016,V0.1,2016-10-28,2,2,0.0,9.335086568380092
CHOP_2015_2016,V0.1,2016-11-03,1,1,100.0,-5.096774193548381
CHOP_2015_2016,V0.1,2016-11-04,2,2,50.0,-3.234307286726368
CHOP_2015_2016,V0.1,2016-11-07,2,2,50.0,0.5319025430411184
CHOP_2015_2016,V0.1,2016-11-08,1,1,0.0,6.985161056822298
CHOP_2015_2016,V0.1,2016-11-09,1,1,0.0,10.591343990011183
CHOP_2015_2016,V0.1,2016-11-22,1,1,100.0,3.5108837395927406
CHOP_2015_2016,V0.1,2016-11-25,1,1,0.0,1.767770748046149
CHOP_2015_2016,V0.1,2016-12-07,1,1,0.0,5.193726937269361
CHOP_2015_2016,V0.1,2016-12-08,1,1,0.0,0.9453641649283195
CHOP_2015_2016,V0.1,2016-12-13,1,1,100.0,-3.356170323475849
CHOP_2015_2016,V0.1,2016-12-21,1,1,100.0,-0.9617776303789016
CHOP_2015_2016,V0.2B_NO_MACD,2015-01-08,2,2,100.0,1.3852054799582958
CHOP_2015_2016,V0.2B_NO_MACD,2015-01-16,2,2,50.0,2.1836132605603407
CHOP_2015_2016,V0.2B_NO_MACD,2015-01-21,5,5,60.0,1.428226318154422
CHOP_2015_2016,V0.2B_NO_MACD,2015-01-23,1,1,100.0,2.6492469606242075
CHOP_2015_2016,V0.2B_NO_MACD,2015-01-29,2,2,0.0,3.9495897813394465
CHOP_2015_2016,V0.2B_NO_MACD,2015-02-02,3,3,33.33333333333333,3.6348022721042095
CHOP_2015_2016,V0.2B_NO_MACD,2015-02-03,3,3,33.33333333333333,2.0776365676427857
CHOP_2015_2016,V0.2B_NO_MACD,2015-02-04,3,3,0.0,1.659624519533235
CHOP_2015_2016,V0.2B_NO_MACD,2015-02-18,1,1,100.0,-5.282776004934164
CHOP_2015_2016,V0.2B_NO_MACD,2015-02-20,1,1,100.0,-4.010553185657262
CHOP_2015_2016,V0.2B_NO_MACD,2015-03-05,1,1,100.0,-0.907246030798603
CHOP_2015_2016,V0.2B_NO_MACD,2015-03-09,1,1,100.0,0.11476664116296664
CHOP_2015_2016,V0.2B_NO_MACD,2015-03-11,1,1,0.0,2.759788781508421
CHOP_2015_2016,V0.2B_NO_MACD,2015-03-12,3,3,66.66666666666666,1.0798753750887347
CHOP_2015_2016,V0.2B_NO_MACD,2015-03-13,11,11,54.54545454545454,0.5737044940699012
CHOP_2015_2016,V0.2B_NO_MACD,2015-03-16,6,6,16.666666666666664,2.0293188730092413
CHOP_2015_2016,V0.2B_NO_MACD,2015-03-18,3,3,0.0,-0.9875182986907002
CHOP_2015_2016,V0.2B_NO_MACD,2015-04-01,1,1,0.0,2.1193357346176223
CHOP_2015_2016,V0.2B_NO_MACD,2015-04-09,1,1,100.0,0.6833280607402514
CHOP_2015_2016,V0.2B_NO_MACD,2015-04-15,1,1,100.0,5.270944188599125
CHOP_2015_2016,V0.2B_NO_MACD,2015-04-22,2,2,100.0,-4.619376912908696
CHOP_2015_2016,V0.2B_NO_MACD,2015-04-23,2,2,100.0,-1.5786807929910163
CHOP_2015_2016,V0.2B_NO_MACD,2015-04-24,2,2,100.0,-3.16277952520928
CHOP_2015_2016,V0.2B_NO_MACD,2015-04-27,1,1,100.0,2.8758645795413207
CHOP_2015_2016,V0.2B_NO_MACD,2015-04-28,1,1,0.0,1.2622673813547092
CHOP_2015_2016,V0.2B_NO_MACD,2015-04-30,2,2,0.0,2.236097864139508
CHOP_2015_2016,V0.2B_NO_MACD,2015-05-01,1,1,0.0,-2.4076543925775518
CHOP_2015_2016,V0.2B_NO_MACD,2015-05-04,5,5,20.0,2.2824320411505012
CHOP_2015_2016,V0.2B_NO_MACD,2015-05-06,1,1,0.0,0.5223171889838563
CHOP_2015_2016,V0.2B_NO_MACD,2015-05-08,4,4,25.0,-1.3653308542864506
CHOP_2015_2016,V0.2B_NO_MACD,2015-05-15,1,1,0.0,-1.0686122779865803
CHOP_2015_2016,V0.2B_NO_MACD,2015-05-26,1,1,100.0,0.20183294212627878
CHOP_2015_2016,V0.2B_NO_MACD,2015-05-29,1,1,100.0,-1.6983236447208339
CHOP_2015_2016,V0.2B_NO_MACD,2015-06-02,1,1,100.0,-5.131217690271839
CHOP_2015_2016,V0.2B_NO_MACD,2015-06-03,1,1,100.0,-0.6235472912569207
CHOP_2015_2016,V0.2B_NO_MACD,2015-06-09,1,1,100.0,-2.492102492102488
CHOP_2015_2016,V0.2B_NO_MACD,2015-06-10,7,7,42.857142857142854,0.37910518535916615
CHOP_2015_2016,V0.2B_NO_MACD,2015-06-11,6,6,83.33333333333334,0.007455059835662932
CHOP_2015_2016,V0.2B_NO_MACD,2015-06-12,1,1,100.0,0.5937375156700009
CHOP_2015_2016,V0.2B_NO_MACD,2015-06-17,1,1,0.0,3.9939789262418257
CHOP_2015_2016,V0.2B_NO_MACD,2015-06-18,1,1,0.0,1.141982836995803
CHOP_2015_2016,V0.2B_NO_MACD,2015-07-02,1,1,100.0,-6.036199095022621
CHOP_2015_2016,V0.2B_NO_MACD,2015-07-06,1,1,0.0,-0.35944520414142866
CHOP_2015_2016,V0.2B_NO_MACD,2015-07-09,2,2,50.0,-0.42675970881079195
CHOP_2015_2016,V0.2B_NO_MACD,2015-07-10,2,2,50.0,1.5812069774590765
CHOP_2015_2016,V0.2B_NO_MACD,2015-07-13,5,5,60.0,0.7689251872421089
CHOP_2015_2016,V0.2B_NO_MACD,2015-07-14,2,2,100.0,1.522065589858712
CHOP_2015_2016,V0.2B_NO_MACD,2015-07-16,1,1,100.0,-1.0469208868563173
CHOP_2015_2016,V0.2B_NO_MACD,2015-07-28,1,1,100.0,-7.874643313982088
CHOP_2015_2016,V0.2B_NO_MACD,2015-07-29,1,1,100.0,-3.896172762584027
CHOP_2015_2016,V0.2B_NO_MACD,2015-08-12,1,1,100.0,-7.3036083965897225
CHOP_2015_2016,V0.2B_NO_MACD,2015-08-24,1,1,0.0,-11.792681095332657
CHOP_2015_2016,V0.2B_NO_MACD,2015-08-25,2,2,0.0,0.9735496131416221
CHOP_2015_2016,V0.2B_NO_MACD,2015-08-26,11,11,9.090909090909092,-0.4917214994688951
CHOP_2015_2016,V0.2B_NO_MACD,2015-08-27,2,2,0.0,0.7022642836552739
CHOP_2015_2016,V0.2B_NO_MACD,2015-08-28,3,3,66.66666666666666,-9.024408282516061
CHOP_2015_2016,V0.2B_NO_MACD,2015-12-14,1,1,100.0,-7.410120246597096
CHOP_2015_2016,V0.2B_NO_MACD,2015-12-15,4,4,100.0,-8.904371367120955
CHOP_2015_2016,V0.2B_NO_MACD,2015-12-16,3,3,100.0,-8.558510545278496
CHOP_2015_2016,V0.2B_NO_MACD,2015-12-23,2,2,100.0,-6.97497899067432
CHOP_2015_2016,V0.2B_NO_MACD,2016-01-12,4,4,75.0,0.8922814872479756
CHOP_2015_2016,V0.2B_NO_MACD,2016-01-13,1,1,0.0,2.667137239084405
CHOP_2015_2016,V0.2B_NO_MACD,2016-01-14,2,2,100.0,3.0035452788793604
CHOP_2015_2016,V0.2B_NO_MACD,2016-04-22,1,1,100.0,-3.132381969388076
CHOP_2015_2016,V0.2B_NO_MACD,2016-04-25,4,4,50.0,1.5684741208904316
CHOP_2015_2016,V0.2B_NO_MACD,2016-04-26,3,3,33.33333333333333,-0.5000225216770534
CHOP_2015_2016,V0.2B_NO_MACD,2016-04-27,1,1,0.0,5.325529220995584
CHOP_2015_2016,V0.2B_NO_MACD,2016-04-28,1,1,100.0,-9.826620432115241
CHOP_2015_2016,V0.2B_NO_MACD,2016-05-03,2,2,50.0,4.8070607638578515
CHOP_2015_2016,V0.2B_NO_MACD,2016-05-04,2,2,0.0,1.1544596827819165
CHOP_2015_2016,V0.2B_NO_MACD,2016-05-06,1,1,100.0,5.179395628320127
CHOP_2015_2016,V0.2B_NO_MACD,2016-05-09,1,1,100.0,-13.417490373546093
CHOP_2015_2016,V0.2B_NO_MACD,2016-05-10,3,3,33.33333333333333,2.9234951662555964
CHOP_2015_2016,V0.2B_NO_MACD,2016-05-12,1,1,100.0,-2.08465189873418
CHOP_2015_2016,V0.2B_NO_MACD,2016-05-19,1,1,0.0,2.550784340064771
CHOP_2015_2016,V0.2B_NO_MACD,2016-05-20,2,2,50.0,-0.06588736653362881
CHOP_2015_2016,V0.2B_NO_MACD,2016-05-23,3,3,0.0,2.606776358316143
CHOP_2015_2016,V0.2B_NO_MACD,2016-05-24,3,3,33.33333333333333,0.5849438968718664
CHOP_2015_2016,V0.2B_NO_MACD,2016-05-26,1,1,0.0,-1.3273192848920479
CHOP_2015_2016,V0.2B_NO_MACD,2016-05-27,1,1,0.0,0.7468099670014272
CHOP_2015_2016,V0.2B_NO_MACD,2016-06-03,1,1,0.0,5.148258833004826
CHOP_2015_2016,V0.2B_NO_MACD,2016-06-08,1,1,100.0,-0.6277570410586963
CHOP_2015_2016,V0.2B_NO_MACD,2016-06-09,1,1,0.0,5.022695582519954
CHOP_2015_2016,V0.2B_NO_MACD,2016-06-16,7,7,57.14285714285714,5.939662285620274
CHOP_2015_2016,V0.2B_NO_MACD,2016-06-17,1,1,100.0,4.394757131842697
CHOP_2015_2016,V0.2B_NO_MACD,2016-06-20,2,2,100.0,5.53152712230035
CHOP_2015_2016,V0.2B_NO_MACD,2016-06-22,1,1,100.0,0.2840121917428551
CHOP_2015_2016,V0.2B_NO_MACD,2016-06-23,1,1,100.0,9.489298051924933
CHOP_2015_2016,V0.2B_NO_MACD,2016-06-29,9,9,11.11111111111111,5.661829885618665
CHOP_2015_2016,V0.2B_NO_MACD,2016-06-30,1,1,0.0,0.34360887492637104
CHOP_2015_2016,V0.2B_NO_MACD,2016-07-21,1,1,100.0,-3.3003603013429528
CHOP_2015_2016,V0.2B_NO_MACD,2016-07-26,1,1,0.0,3.2281859254781997
CHOP_2015_2016,V0.2B_NO_MACD,2016-07-28,1,1,100.0,-3.0406314467665285
CHOP_2015_2016,V0.2B_NO_MACD,2016-08-01,1,1,100.0,-0.7122078443173807
CHOP_2015_2016,V0.2B_NO_MACD,2016-08-03,1,1,0.0,1.0605318975362987
CHOP_2015_2016,V0.2B_NO_MACD,2016-08-04,5,5,0.0,0.6067443569246733
CHOP_2015_2016,V0.2B_NO_MACD,2016-08-05,3,3,0.0,1.0906650407473888
CHOP_2015_2016,V0.2B_NO_MACD,2016-08-08,1,1,0.0,2.277837520774262
CHOP_2015_2016,V0.2B_NO_MACD,2016-08-09,2,2,0.0,0.7432528411065009
CHOP_2015_2016,V0.2B_NO_MACD,2016-08-10,1,1,100.0,-5.298697171909761
CHOP_2015_2016,V0.2B_NO_MACD,2016-08-12,2,2,100.0,-3.0968524843576817
CHOP_2015_2016,V0.2B_NO_MACD,2016-08-18,1,1,100.0,-0.8314609764957459
CHOP_2015_2016,V0.2B_NO_MACD,2016-08-23,2,2,100.0,-5.571966432192681
CHOP_2015_2016,V0.2B_NO_MACD,2016-08-29,3,3,100.0,0.4812214162783546
CHOP_2015_2016,V0.2B_NO_MACD,2016-08-30,3,3,100.0,-2.528929688119482
CHOP_2015_2016,V0.2B_NO_MACD,2016-09-01,1,1,100.0,-1.3433403269639599
CHOP_2015_2016,V0.2B_NO_MACD,2016-09-02,2,2,100.0,-3.550606823532876
CHOP_2015_2016,V0.2B_NO_MACD,2016-09-06,1,1,100.0,-3.9360140130341836
CHOP_2015_2016,V0.2B_NO_MACD,2016-09-07,1,1,100.0,-1.767928694087828
CHOP_2015_2016,V0.2B_NO_MACD,2016-09-08,1,1,100.0,-8.51762266758811
CHOP_2015_2016,V0.2B_NO_MACD,2016-09-12,2,2,50.0,-2.424407998882433
CHOP_2015_2016,V0.2B_NO_MACD,2016-09-13,1,1,0.0,0.5551908200839062
CHOP_2015_2016,V0.2B_NO_MACD,2016-09-14,3,3,66.66666666666666,0.4425463674496329
CHOP_2015_2016,V0.2B_NO_MACD,2016-09-15,2,2,100.0,-3.081852734336432
CHOP_2015_2016,V0.2B_NO_MACD,2016-09-19,2,2,50.0,-3.1208870212363573
CHOP_2015_2016,V0.2B_NO_MACD,2016-09-20,3,3,100.0,-3.9882691378877975
CHOP_2015_2016,V0.2B_NO_MACD,2016-09-21,8,8,100.0,-5.089134323830536
CHOP_2015_2016,V0.2B_NO_MACD,2016-09-22,6,6,83.33333333333334,-2.6554182276370892
CHOP_2015_2016,V0.2B_NO_MACD,2016-09-23,2,2,100.0,-4.621595313223476
CHOP_2015_2016,V0.2B_NO_MACD,2016-09-28,1,1,0.0,-0.05900344387448353
CHOP_2015_2016,V0.2B_NO_MACD,2016-09-30,1,1,0.0,3.7888640769551785
CHOP_2015_2016,V0.2B_NO_MACD,2016-10-07,1,1,0.0,-0.7483325199284185
CHOP_2015_2016,V0.2B_NO_MACD,2016-10-11,1,1,100.0,-4.3666014001019215
CHOP_2015_2016,V0.2B_NO_MACD,2016-10-14,1,1,100.0,-5.098190219484011
CHOP_2015_2016,V0.2B_NO_MACD,2016-10-17,3,3,33.33333333333333,9.27601253404353
CHOP_2015_2016,V0.2B_NO_MACD,2016-10-18,2,2,100.0,0.08462076561004395
CHOP_2015_2016,V0.2B_NO_MACD,2016-10-19,2,2,100.0,-0.9082652473753894
CHOP_2015_2016,V0.2B_NO_MACD,2016-10-20,3,3,33.33333333333333,6.90054084836876
CHOP_2015_2016,V0.2B_NO_MACD,2016-10-24,3,3,66.66666666666666,4.557138203651742
CHOP_2015_2016,V0.2B_NO_MACD,2016-10-25,1,1,100.0,-4.936734454979829
CHOP_2015_2016,V0.2B_NO_MACD,2016-10-26,3,3,100.0,-1.5760689001406736
CHOP_2015_2016,V0.2B_NO_MACD,2016-10-27,1,1,0.0,-1.648936170212767
CHOP_2015_2016,V0.2B_NO_MACD,2016-10-28,3,3,0.0,7.8499864744973875
CHOP_2015_2016,V0.2B_NO_MACD,2016-10-31,1,1,0.0,10.710326596742558
CHOP_2015_2016,V0.2B_NO_MACD,2016-11-03,1,1,100.0,-5.096774193548381
CHOP_2015_2016,V0.2B_NO_MACD,2016-11-04,1,1,100.0,-8.784440842787689
CHOP_2015_2016,V0.2B_NO_MACD,2016-11-07,3,3,33.33333333333333,5.309904287167289
CHOP_2015_2016,V0.2B_NO_MACD,2016-11-08,2,2,0.0,7.945728459141999
CHOP_2015_2016,V0.2B_NO_MACD,2016-11-09,2,2,50.0,9.178364518265315
CHOP_2015_2016,V0.2B_NO_MACD,2016-11-16,1,1,0.0,-0.23766654663305298
CHOP_2015_2016,V0.2B_NO_MACD,2016-11-22,1,1,100.0,3.5108837395927406
CHOP_2015_2016,V0.2B_NO_MACD,2016-11-25,1,1,0.0,1.767770748046149
CHOP_2015_2016,V0.2B_NO_MACD,2016-12-06,1,1,0.0,2.6787923781242284
CHOP_2015_2016,V0.2B_NO_MACD,2016-12-07,2,2,50.0,1.440040315345098
CHOP_2015_2016,V0.2B_NO_MACD,2016-12-08,1,1,0.0,0.9453641649283195
CHOP_2015_2016,V0.2B_NO_MACD,2016-12-13,1,1,100.0,-3.356170323475849
CHOP_2015_2016,V0.2B_NO_MACD,2016-12-21,1,1,100.0,-0.9617776303789016
COVID_2020,V0.1,2020-01-03,1,1,0.0,-0.5540900299910834
COVID_2020,V0.1,2020-01-08,1,1,0.0,16.015940427153108
COVID_2020,V0.1,2020-01-09,3,3,66.66666666666666,3.449806339439417
COVID_2020,V0.1,2020-01-10,2,2,50.0,-3.7542755642838213
COVID_2020,V0.1,2020-01-13,1,1,0.0,7.269794242183059
COVID_2020,V0.1,2020-01-14,3,3,66.66666666666666,-0.040786239987940696
COVID_2020,V0.1,2020-01-15,2,2,100.0,-7.848615549623717
COVID_2020,V0.1,2020-01-16,1,1,0.0,7.10777095969064
COVID_2020,V0.1,2020-01-21,1,1,100.0,-8.263580284063831
COVID_2020,V0.1,2020-01-23,1,1,100.0,0.27585664180542757
COVID_2020,V0.1,2020-02-04,2,2,50.0,-3.3063092736073276
COVID_2020,V0.1,2020-02-05,5,5,100.0,-13.880534171942639
COVID_2020,V0.1,2020-02-07,2,2,100.0,-3.8844207922708485
COVID_2020,V0.1,2020-02-11,1,1,100.0,-19.62504345523668
COVID_2020,V0.1,2020-02-12,1,1,100.0,-28.228982419010183
COVID_2020,V0.1,2020-03-02,1,1,100.0,-29.30361942948585
COVID_2020,V0.1,2020-03-03,14,14,100.0,-18.30259544590448
COVID_2020,V0.1,2020-03-04,1,1,100.0,-37.4791739469591
COVID_2020,V0.1,2020-03-16,1,1,100.0,-0.32228294853455797
COVID_2020,V0.1,2020-03-17,1,1,0.0,20.45963987698931
COVID_2020,V0.1,2020-03-18,1,1,100.0,-7.633377984736034
COVID_2020,V0.1,2020-03-23,1,1,0.0,9.519832083553759
COVID_2020,V0.1,2020-03-25,8,8,0.0,16.465416426329465
COVID_2020,V0.1,2020-03-26,5,5,0.0,12.161565392379057
COVID_2020,V0.1,2020-03-30,1,1,100.0,17.653240209609077
COVID_2020,V0.1,2020-07-13,1,1,0.0,10.931457376883902
COVID_2020,V0.1,2020-07-14,1,1,0.0,4.525149445564058
COVID_2020,V0.1,2020-08-06,1,1,0.0,5.546360870078693
COVID_2020,V0.1,2020-08-07,1,1,100.0,-3.6100110636340443
COVID_2020,V0.1,2020-08-12,1,1,100.0,-5.7178948930961315
COVID_2020,V0.1,2020-08-18,1,1,100.0,-9.54608421952866
COVID_2020,V0.1,2020-08-19,1,1,100.0,-10.598503169727202
COVID_2020,V0.1,2020-08-26,1,1,100.0,-7.187659120618495
COVID_2020,V0.1,2020-08-27,1,1,100.0,-6.0277137005757435
COVID_2020,V0.1,2020-09-02,1,1,100.0,-10.86985532463447
COVID_2020,V0.1,2020-09-10,1,1,0.0,17.674933277525717
COVID_2020,V0.1,2020-09-15,3,3,100.0,-0.5192659869433772
COVID_2020,V0.1,2020-09-16,1,1,100.0,15.241769768289103
COVID_2020,V0.1,2020-09-18,1,1,100.0,2.5887061560751157
COVID_2020,V0.1,2020-09-22,1,1,0.0,-0.8909718063662475
COVID_2020,V0.1,2020-09-25,4,4,0.0,1.7178733838849047
COVID_2020,V0.1,2020-09-28,11,11,18.181818181818183,1.803668030531262
COVID_2020,V0.1,2020-09-29,1,1,100.0,-6.222851892903858
COVID_2020,V0.1,2020-09-30,2,2,100.0,-6.960253951399214
COVID_2020,V0.2B_NO_MACD,2020-01-07,1,1,0.0,5.90173580273361
COVID_2020,V0.2B_NO_MACD,2020-01-08,2,2,50.0,9.133836284592311
COVID_2020,V0.2B_NO_MACD,2020-01-09,3,3,66.66666666666666,3.449806339439417
COVID_2020,V0.2B_NO_MACD,2020-01-10,3,3,33.33333333333333,-0.9285268539865186
COVID_2020,V0.2B_NO_MACD,2020-01-13,2,2,0.0,8.12686482283199
COVID_2020,V0.2B_NO_MACD,2020-01-14,3,3,66.66666666666666,-0.040786239987940696
COVID_2020,V0.2B_NO_MACD,2020-01-15,4,4,100.0,-7.104548280663886
COVID_2020,V0.2B_NO_MACD,2020-01-16,2,2,100.0,-2.0680628167223434
COVID_2020,V0.2B_NO_MACD,2020-01-17,1,1,100.0,0.23469016110926333
COVID_2020,V0.2B_NO_MACD,2020-01-21,1,1,100.0,-8.263580284063831
COVID_2020,V0.2B_NO_MACD,2020-01-27,1,1,100.0,-11.844395553873788
COVID_2020,V0.2B_NO_MACD,2020-02-04,3,3,66.66666666666666,-5.799737014699173
COVID_2020,V0.2B_NO_MACD,2020-02-05,3,3,100.0,-15.844168616871109
COVID_2020,V0.2B_NO_MACD,2020-02-07,2,2,100.0,-3.8844207922708485
COVID_2020,V0.2B_NO_MACD,2020-02-11,2,2,100.0,-16.717594787191373
COVID_2020,V0.2B_NO_MACD,2020-02-20,1,1,100.0,-35.52935759230959
COVID_2020,V0.2B_NO_MACD,2020-03-02,19,19,100.0,-14.718691426253416
COVID_2020,V0.2B_NO_MACD,2020-03-03,20,20,100.0,-20.562794628318095
COVID_2020,V0.2B_NO_MACD,2020-03-04,3,3,100.0,-30.701779543588426
COVID_2020,V0.2B_NO_MACD,2020-03-19,1,1,100.0,16.770742724945563
COVID_2020,V0.2B_NO_MACD,2020-03-24,1,1,0.0,19.15100182325975
COVID_2020,V0.2B_NO_MACD,2020-03-25,2,2,0.0,9.529294094206442
COVID_2020,V0.2B_NO_MACD,2020-03-26,1,1,0.0,11.526627756942087
COVID_2020,V0.2B_NO_MACD,2020-07-13,1,1,0.0,10.931457376883902
COVID_2020,V0.2B_NO_MACD,2020-07-14,1,1,0.0,4.525149445564058
COVID_2020,V0.2B_NO_MACD,2020-08-05,1,1,0.0,7.6276311108767425
COVID_2020,V0.2B_NO_MACD,2020-08-06,1,1,0.0,5.546360870078693
COVID_2020,V0.2B_NO_MACD,2020-08-07,1,1,100.0,-3.6100110636340443
COVID_2020,V0.2B_NO_MACD,2020-08-12,2,2,100.0,-7.576269593857254
COVID_2020,V0.2B_NO_MACD,2020-08-18,1,1,100.0,-9.54608421952866
COVID_2020,V0.2B_NO_MACD,2020-08-19,1,1,100.0,-10.598503169727202
COVID_2020,V0.2B_NO_MACD,2020-08-26,1,1,100.0,-7.187659120618495
COVID_2020,V0.2B_NO_MACD,2020-08-28,1,1,100.0,-5.8001583664872625
COVID_2020,V0.2B_NO_MACD,2020-09-02,1,1,100.0,-10.86985532463447
COVID_2020,V0.2B_NO_MACD,2020-09-09,4,4,50.0,2.087599061020634
COVID_2020,V0.2B_NO_MACD,2020-09-10,1,1,0.0,17.674933277525717
COVID_2020,V0.2B_NO_MACD,2020-09-11,5,5,40.0,8.3249189434496
COVID_2020,V0.2B_NO_MACD,2020-09-15,3,3,100.0,1.4560468827597575
COVID_2020,V0.2B_NO_MACD,2020-09-16,1,1,100.0,15.241769768289103
COVID_2020,V0.2B_NO_MACD,2020-09-18,2,2,100.0,2.75264534437043
COVID_2020,V0.2B_NO_MACD,2020-09-22,1,1,0.0,-0.8909718063662475
COVID_2020,V0.2B_NO_MACD,2020-09-25,2,2,0.0,2.1064525142179824
COVID_2020,V0.2B_NO_MACD,2020-09-28,14,14,28.57142857142857,1.647852142843957
COVID_2020,V0.2B_NO_MACD,2020-09-29,1,1,100.0,-6.222851892903858
COVID_2020,V0.2B_NO_MACD,2020-09-30,2,2,100.0,-6.960253951399214
GFC_2007_2009,V0.1,2007-08-01,2,2,0.0,-1.0452096572834746
GFC_2007_2009,V0.1,2007-08-02,1,1,100.0,-6.574804141370882
GFC_2007_2009,V0.1,2007-08-06,2,2,50.0,-3.9541392695354114
GFC_2007_2009,V0.1,2007-08-07,3,3,100.0,-0.6397138446056864
GFC_2007_2009,V0.1,2007-08-08,3,3,33.33333333333333,-1.0265436924567901
GFC_2007_2009,V0.1,2007-08-13,1,1,100.0,0.09305739413083547
GFC_2007_2009,V0.1,2007-08-17,3,3,0.0,5.040949308758144
GFC_2007_2009,V0.1,2007-09-04,2,2,0.0,4.875439741602161
GFC_2007_2009,V0.1,2007-09-05,1,1,100.0,3.2788336678078123
GFC_2007_2009,V0.1,2007-09-19,1,1,0.0,3.5855540426635635
GFC_2007_2009,V0.1,2007-09-20,1,1,0.0,-1.6295435911451106
GFC_2007_2009,V0.1,2007-09-27,1,1,100.0,-0.971217363950927
GFC_2007_2009,V0.1,2007-10-23,1,1,100.0,-4.376529066832369
GFC_2007_2009,V0.1,2007-10-25,1,1,100.0,-12.330347187512015
GFC_2007_2009,V0.1,2007-10-30,1,1,100.0,-1.9252601702932859
GFC_2007_2009,V0.1,2007-11-06,1,1,100.0,3.6211444540207305
GFC_2007_2009,V0.1,2007-11-19,1,1,0.0,3.5848623194647766
GFC_2007_2009,V0.1,2007-11-28,1,1,100.0,-2.4815103152977858
GFC_2007_2009,V0.1,2007-11-30,1,1,100.0,-3.9487148618551626
GFC_2007_2009,V0.1,2007-12-06,1,1,0.0,7.907498752979003
GFC_2007_2009,V0.1,2009-06-24,1,1,100.0,-2.756416658344152
GFC_2007_2009,V0.1,2009-06-25,4,4,50.0,11.350584304783261
GFC_2007_2009,V0.1,2009-06-26,5,5,0.0,8.94371956038353
GFC_2007_2009,V0.1,2009-06-29,3,3,100.0,6.034790440229059
GFC_2007_2009,V0.1,2009-07-09,1,1,0.0,11.358210830506344
GFC_2007_2009,V0.1,2009-07-10,1,1,0.0,14.293043609476408
GFC_2007_2009,V0.1,2009-07-13,1,1,0.0,20.015712290502808
GFC_2007_2009,V0.1,2009-08-11,1,1,100.0,-1.8954623779437019
GFC_2007_2009,V0.1,2009-08-12,1,1,0.0,5.986838766430402
GFC_2007_2009,V0.1,2009-08-13,1,1,0.0,-0.7981899314939311
GFC_2007_2009,V0.1,2009-08-17,1,1,0.0,8.03620819713351
GFC_2007_2009,V0.1,2009-08-20,1,1,0.0,-0.6898771093545752
GFC_2007_2009,V0.1,2009-08-21,3,3,0.0,0.7771842871795739
GFC_2007_2009,V0.1,2009-09-08,3,3,0.0,6.774075793051733
GFC_2007_2009,V0.1,2009-09-11,1,1,100.0,2.072984538631917
GFC_2007_2009,V0.1,2009-09-14,1,1,0.0,5.681653372008699
GFC_2007_2009,V0.1,2009-09-25,1,1,0.0,3.2212598604196563
GFC_2007_2009,V0.1,2009-09-29,1,1,100.0,-11.51363706344224
GFC_2007_2009,V0.1,2009-09-30,1,1,0.0,3.31870331870332
GFC_2007_2009,V0.1,2009-10-05,1,1,100.0,-8.287513302589566
GFC_2007_2009,V0.1,2009-10-06,6,6,0.0,3.4824311251513325
GFC_2007_2009,V0.1,2009-10-07,1,1,0.0,3.5342739062277584
GFC_2007_2009,V0.1,2009-10-08,3,3,66.66666666666666,1.7757553514694768
GFC_2007_2009,V0.1,2009-10-09,1,1,100.0,-3.7067888379841762
GFC_2007_2009,V0.1,2009-10-14,1,1,100.0,-10.769525058752805
GFC_2007_2009,V0.1,2009-10-28,1,1,0.0,6.839212093449398
GFC_2007_2009,V0.1,2009-10-30,1,1,100.0,-17.916985329903355
GFC_2007_2009,V0.1,2009-11-03,1,1,0.0,1.8096771719960048
GFC_2007_2009,V0.1,2009-11-04,3,3,0.0,6.420797877425296
GFC_2007_2009,V0.1,2009-11-05,5,5,0.0,4.175866777863592
GFC_2007_2009,V0.1,2009-11-06,4,4,25.0,0.4308156285673215
GFC_2007_2009,V0.1,2009-11-09,7,7,14.285714285714285,0.5700152828012967
GFC_2007_2009,V0.1,2009-11-10,1,1,0.0,-0.2180808881839802
GFC_2007_2009,V0.1,2009-12-02,2,2,100.0,4.607442355652713
GFC_2007_2009,V0.1,2009-12-04,1,1,100.0,-11.177214248531275
GFC_2007_2009,V0.1,2009-12-11,2,2,0.0,1.105988291137494
GFC_2007_2009,V0.1,2009-12-14,1,1,100.0,8.856240560208706
GFC_2007_2009,V0.1,2009-12-15,1,1,100.0,-0.340063761955367
GFC_2007_2009,V0.1,2009-12-21,3,3,0.0,15.51780872199892
GFC_2007_2009,V0.1,2009-12-22,4,4,50.0,-1.104353846785819
GFC_2007_2009,V0.1,2009-12-23,1,1,0.0,1.0398547984572293
GFC_2007_2009,V0.2B_NO_MACD,2007-08-01,6,6,50.0,-4.291912155978845
GFC_2007_2009,V0.2B_NO_MACD,2007-08-02,1,1,100.0,-6.574804141370882
GFC_2007_2009,V0.2B_NO_MACD,2007-08-03,1,1,100.0,5.837290029126607
GFC_2007_2009,V0.2B_NO_MACD,2007-08-06,3,3,33.33333333333333,-1.768920012198997
GFC_2007_2009,V0.2B_NO_MACD,2007-08-07,3,3,100.0,-0.6397138446056864
GFC_2007_2009,V0.2B_NO_MACD,2007-08-08,3,3,33.33333333333333,-1.0265436924567901
GFC_2007_2009,V0.2B_NO_MACD,2007-08-10,1,1,0.0,-2.5639808927272134
GFC_2007_2009,V0.2B_NO_MACD,2007-08-13,1,1,100.0,0.09305739413083547
GFC_2007_2009,V0.2B_NO_MACD,2007-08-17,1,1,0.0,2.080576535493983
GFC_2007_2009,V0.2B_NO_MACD,2007-09-04,2,2,0.0,4.875439741602161
GFC_2007_2009,V0.2B_NO_MACD,2007-09-05,1,1,100.0,3.2788336678078123
GFC_2007_2009,V0.2B_NO_MACD,2007-09-13,2,2,50.0,1.653888332587511
GFC_2007_2009,V0.2B_NO_MACD,2007-09-18,1,1,0.0,3.0340142925683766
GFC_2007_2009,V0.2B_NO_MACD,2007-09-19,1,1,0.0,3.5855540426635635
GFC_2007_2009,V0.2B_NO_MACD,2007-09-20,2,2,50.0,-4.247349590424648
GFC_2007_2009,V0.2B_NO_MACD,2007-10-22,1,1,0.0,-1.7538213998391061
GFC_2007_2009,V0.2B_NO_MACD,2007-10-23,2,2,50.0,-0.005133660163836318
GFC_2007_2009,V0.2B_NO_MACD,2007-10-24,1,1,100.0,1.8778299397205434
GFC_2007_2009,V0.2B_NO_MACD,2007-10-25,2,2,50.0,-6.7109339903967005
GFC_2007_2009,V0.2B_NO_MACD,2007-10-29,1,1,100.0,-6.211353127959452
GFC_2007_2009,V0.2B_NO_MACD,2007-10-30,1,1,100.0,-1.9252601702932859
GFC_2007_2009,V0.2B_NO_MACD,2007-11-06,1,1,100.0,3.6211444540207305
GFC_2007_2009,V0.2B_NO_MACD,2007-11-08,1,1,100.0,0.3050136620702748
GFC_2007_2009,V0.2B_NO_MACD,2007-11-16,1,1,0.0,3.365271761166011
GFC_2007_2009,V0.2B_NO_MACD,2007-11-19,1,1,0.0,3.5848623194647766
GFC_2007_2009,V0.2B_NO_MACD,2007-11-28,1,1,100.0,-2.4815103152977858
GFC_2007_2009,V0.2B_NO_MACD,2007-11-30,1,1,100.0,-3.9487148618551626
GFC_2007_2009,V0.2B_NO_MACD,2007-12-06,1,1,0.0,7.907498752979003
GFC_2007_2009,V0.2B_NO_MACD,2007-12-20,1,1,100.0,-9.947288991929303
GFC_2007_2009,V0.2B_NO_MACD,2009-06-24,1,1,100.0,-2.756416658344152
GFC_2007_2009,V0.2B_NO_MACD,2009-06-25,6,6,50.0,10.888732771057802
GFC_2007_2009,V0.2B_NO_MACD,2009-06-26,5,5,0.0,8.94371956038353
GFC_2007_2009,V0.2B_NO_MACD,2009-06-29,3,3,100.0,6.034790440229059
GFC_2007_2009,V0.2B_NO_MACD,2009-07-01,1,1,100.0,16.945553384863675
GFC_2007_2009,V0.2B_NO_MACD,2009-07-09,1,1,0.0,11.358210830506344
GFC_2007_2009,V0.2B_NO_MACD,2009-07-13,1,1,0.0,20.015712290502808
GFC_2007_2009,V0.2B_NO_MACD,2009-08-11,1,1,100.0,-1.8954623779437019
GFC_2007_2009,V0.2B_NO_MACD,2009-08-12,1,1,0.0,5.986838766430402
GFC_2007_2009,V0.2B_NO_MACD,2009-08-13,1,1,0.0,-0.7981899314939311
GFC_2007_2009,V0.2B_NO_MACD,2009-08-17,3,3,0.0,5.4787989806906205
GFC_2007_2009,V0.2B_NO_MACD,2009-08-18,1,1,0.0,10.605977213935812
GFC_2007_2009,V0.2B_NO_MACD,2009-08-20,3,3,33.33333333333333,7.471993497237551
GFC_2007_2009,V0.2B_NO_MACD,2009-08-21,5,5,0.0,2.282884607966433
GFC_2007_2009,V0.2B_NO_MACD,2009-08-28,1,1,100.0,13.738345608582737
GFC_2007_2009,V0.2B_NO_MACD,2009-09-04,3,3,33.33333333333333,2.4460994411423536
GFC_2007_2009,V0.2B_NO_MACD,2009-09-08,3,3,0.0,2.989654320482915
GFC_2007_2009,V0.2B_NO_MACD,2009-09-09,1,1,100.0,-0.5996598943882603
GFC_2007_2009,V0.2B_NO_MACD,2009-09-11,1,1,100.0,2.072984538631917
GFC_2007_2009,V0.2B_NO_MACD,2009-09-14,1,1,0.0,5.681653372008699
GFC_2007_2009,V0.2B_NO_MACD,2009-09-16,1,1,100.0,0.060006000600054676
GFC_2007_2009,V0.2B_NO_MACD,2009-09-18,1,1,100.0,0.8672659968270935
GFC_2007_2009,V0.2B_NO_MACD,2009-09-25,1,1,0.0,3.2212598604196563
GFC_2007_2009,V0.2B_NO_MACD,2009-09-28,2,2,100.0,-3.9869994333182888
GFC_2007_2009,V0.2B_NO_MACD,2009-09-29,2,2,50.0,-4.560383420013148
GFC_2007_2009,V0.2B_NO_MACD,2009-10-05,2,2,50.0,-5.245414543707511
GFC_2007_2009,V0.2B_NO_MACD,2009-10-06,8,8,12.5,3.029368496382048
GFC_2007_2009,V0.2B_NO_MACD,2009-10-07,2,2,50.0,0.24669146531566266
GFC_2007_2009,V0.2B_NO_MACD,2009-10-08,2,2,100.0,3.002447599156821
GFC_2007_2009,V0.2B_NO_MACD,2009-10-09,1,1,100.0,-3.7067888379841762
GFC_2007_2009,V0.2B_NO_MACD,2009-10-14,1,1,100.0,-10.769525058752805
GFC_2007_2009,V0.2B_NO_MACD,2009-10-22,1,1,100.0,-47.98876072167998
GFC_2007_2009,V0.2B_NO_MACD,2009-10-28,1,1,0.0,6.839212093449398
GFC_2007_2009,V0.2B_NO_MACD,2009-10-29,3,3,33.33333333333333,3.8890711284805257
GFC_2007_2009,V0.2B_NO_MACD,2009-11-02,2,2,50.0,4.7042358582504935
GFC_2007_2009,V0.2B_NO_MACD,2009-11-03,2,2,0.0,0.053930008651237316
GFC_2007_2009,V0.2B_NO_MACD,2009-11-04,3,3,0.0,6.055000837396984
GFC_2007_2009,V0.2B_NO_MACD,2009-11-05,5,5,0.0,4.175866777863592
GFC_2007_2009,V0.2B_NO_MACD,2009-11-06,4,4,25.0,1.7404864119950458
GFC_2007_2009,V0.2B_NO_MACD,2009-11-09,7,7,14.285714285714285,0.5700152828012967
GFC_2007_2009,V0.2B_NO_MACD,2009-11-10,1,1,0.0,-0.2180808881839802
GFC_2007_2009,V0.2B_NO_MACD,2009-11-13,1,1,0.0,8.976513878162894
GFC_2007_2009,V0.2B_NO_MACD,2009-12-01,1,1,0.0,0.9935909590807368
GFC_2007_2009,V0.2B_NO_MACD,2009-12-02,2,2,100.0,4.607442355652713
GFC_2007_2009,V0.2B_NO_MACD,2009-12-04,1,1,100.0,-11.177214248531275
GFC_2007_2009,V0.2B_NO_MACD,2009-12-08,1,1,0.0,16.61012476912058
GFC_2007_2009,V0.2B_NO_MACD,2009-12-11,2,2,0.0,1.105988291137494
GFC_2007_2009,V0.2B_NO_MACD,2009-12-14,1,1,100.0,8.856240560208706
GFC_2007_2009,V0.2B_NO_MACD,2009-12-15,1,1,100.0,-0.340063761955367
GFC_2007_2009,V0.2B_NO_MACD,2009-12-21,4,4,0.0,11.395739579217599
GFC_2007_2009,V0.2B_NO_MACD,2009-12-22,5,5,60.0,-1.882154373129652
GFC_2007_2009,V0.2B_NO_MACD,2009-12-23,1,1,0.0,1.0398547984572293
