window,signal_type,regime,n,stocks,stop_rate_pct,hit2_before_stop_pct,hit3_before_stop_pct,hit5_before_stop_pct,avg_mfe_before_stop_pct,avg_mae_before_stop_pct,avg_ret_5d_pct,avg_ret_10d_pct,avg_ret_15d_pct,avg_ret_20d_pct,median_swing_distance_pct
BEAR_2022,V0.1,GREEN,24,24,79.16666666666666,45.83333333333333,33.33333333333333,25.0,4.186880104400069,-6.328721230679851,-2.4034141841821124,-3.2343002990614713,-6.145600389938554,-5.151635553511507,4.184454826097572
BEAR_2022,V0.1,YELLOW,14,12,50.0,71.42857142857143,64.28571428571429,42.857142857142854,5.239279572097758,-3.849774994136655,0.9366760518862579,0.9601354014129695,1.2601472211221414,1.6736731105038807,4.374361289405493
BEAR_2022,V0.2B_NO_MACD,GREEN,20,20,70.0,40.0,30.0,15.0,2.591129891112521,-6.1639725920229465,-3.3226517094614016,-3.839341515436515,-5.491608612909216,-5.348822194047091,4.0658149706271125
BEAR_2022,V0.2B_NO_MACD,YELLOW,38,25,44.73684210526316,81.57894736842105,65.78947368421053,55.26315789473685,6.69662616872938,-4.2878320712979825,1.0093625974148548,0.6633218737015047,1.3572590389819543,1.380020997595458,4.564376476050514
BULL_2013_2014,V0.1,GREEN,300,52,39.666666666666664,70.66666666666667,59.66666666666667,42.0,4.6645381149354606,-2.173122682993653,0.8156529973650101,1.442758014297579,2.2112847180508863,2.60825601627458,2.42108882358425
BULL_2013_2014,V0.1,YELLOW,14,14,0.0,100.0,100.0,100.0,12.442118979276982,-0.5869935380692256,5.564600471998267,9.052804704489478,10.94189333504204,11.199736431582755,5.877879826652677
BULL_2013_2014,V0.2B_NO_MACD,GREEN,428,52,42.757009345794394,65.18691588785047,55.84112149532711,36.68224299065421,4.296180558181231,-2.303847577302907,0.6281557718243038,0.9225784830587238,1.6640918173900947,2.225846086404641,2.419771371696311
BULL_2013_2014,V0.2B_NO_MACD,YELLOW,19,19,5.263157894736842,100.0,94.73684210526315,94.73684210526315,11.929413778256185,-0.8536213783088505,5.5037174421716255,8.668315456479107,10.235293556599819,11.507967701768406,4.973821989528804
BULL_2017,V0.1,GREEN,111,47,50.45045045045045,62.16216216216216,45.04504504504504,27.927927927927925,3.478863187870688,-2.2013976954506163,0.2500546381625006,0.4854992420689466,0.8854751467504496,1.0162676070083831,1.7873142511348306
BULL_2017,V0.2B_NO_MACD,GREEN,172,50,41.27906976744186,66.27906976744185,53.48837209302325,34.883720930232556,4.28046032076209,-2.1496836969047326,0.6742489831484392,1.076284059448802,1.4767625966823121,1.8230826778529268,1.8148134884427902
CHOP_2015_2016,V0.1,GREEN,189,51,57.67195767195767,53.43915343915344,40.74074074074074,17.989417989417987,2.982126083179279,-2.9726729050473053,-0.03593859032539032,-0.19969098692684756,-0.12279715382951721,-0.3047915846020948,2.262475835898914
CHOP_2015_2016,V0.1,YELLOW,12,11,66.66666666666666,58.333333333333336,50.0,16.666666666666664,2.73977022185586,-4.34977572893232,-1.0535800322018913,-0.7819208995501405,-1.6000400376296715,-2.652126421791064,3.3528542887432455
CHOP_2015_2016,V0.2B_NO_MACD,GREEN,281,51,54.804270462633454,55.871886120996436,42.34875444839858,21.70818505338078,3.3074300697361276,-2.7727483048736463,0.15962373160382454,0.22964771856922833,0.3774524017362065,0.4626385777430585,2.2895170645338636
CHOP_2015_2016,V0.2B_NO_MACD,YELLOW,31,26,41.935483870967744,58.06451612903226,45.16129032258064,22.58064516129032,3.0682209654630532,-4.367675367997095,-0.8688889755943356,-0.25009625227728816,-1.1981227280710274,-2.313144084280348,4.203268641470892
COVID_2020,V0.1,GREEN,64,43,59.375,67.1875,60.9375,39.0625,5.187856811551312,-3.5258283283036436,-0.012001255831908142,-0.569162601985887,-1.3452260709821109,-2.8512126953712187,3.0800662899676534
COVID_2020,V0.1,YELLOW,32,32,53.125,81.25,65.625,53.125,11.504775289485423,-9.202082021245438,-3.68053524121114,-3.8353423492516145,-0.48527668361879295,-0.7508789572890684,9.179940224494842
COVID_2020,V0.2B_NO_MACD,GREEN,104,53,69.23076923076923,71.15384615384616,58.65384615384615,33.65384615384615,4.90697960112868,-5.4266063234866655,-1.1385419340247322,-2.8531941721152174,-4.357322395132539,-4.356818758971822,3.3050310391724347
COVID_2020,V0.2B_NO_MACD,YELLOW,25,25,84.0,80.0,44.0,20.0,5.3683134125649845,-11.431437134566304,-7.682390291077739,-15.061977566028546,-14.398741973945803,-13.789957282912063,6.6953381106384935
GFC_2007_2009,V0.1,GREEN,104,45,35.57692307692308,75.96153846153845,67.3076923076923,50.0,6.545720730706672,-3.7485540084534046,0.24857083410964026,1.0024483126050938,1.7856822930275267,2.290882657059953,3.700503620779194
GFC_2007_2009,V0.1,YELLOW,8,7,25.0,75.0,75.0,50.0,7.87773523711921,-3.574896322638338,1.8245272535276342,3.432191267098342,4.069816002059043,5.246313970569376,5.572388993622878
GFC_2007_2009,V0.2B_NO_MACD,GREEN,150,46,38.666666666666664,78.0,72.0,51.33333333333333,6.772761541193666,-3.4501430724697655,0.5600706854107319,1.1626334977999806,1.9152286716317932,2.112551666331545,3.5486442742653224
GFC_2007_2009,V0.2B_NO_MACD,YELLOW,10,9,50.0,70.0,70.0,40.0,5.622300056546057,-4.043547806966792,0.22361384847737203,0.3214926657400774,1.5852726256424243,1.163150233200453,3.9335273929560044
